sample_id,split,overlap_tier,audio_path,spk1_path,spk2_path,mixed_cer,separated_cer,cleaned_cer,best_route_label,label_source,representation_mode,map_path
SyntheticHeavyOverlap_dev_01,dev,SyntheticHeavyOverlap,resources/synthetic_overlap_v2/audio/SyntheticHeavyOverlap/SyntheticHeavyOverlap_dev_01_mixed.wav,resources/synthetic_overlap_v2/audio/SyntheticHeavyOverlap/SyntheticHeavyOverlap_dev_01_spk1.wav,resources/synthetic_overlap_v2/audio/SyntheticHeavyOverlap/SyntheticHeavyOverlap_dev_01_spk2.wav,0.28125,0.0,0.0,separated,synthetic_split_cer_argmin,deployable,resources/audio_depth_maps/deployable/SyntheticHeavyOverlap_dev_01.npy
SyntheticHeavyOverlap_dev_02,dev,SyntheticHeavyOverlap,resources/synthetic_overlap_v2/audio/SyntheticHeavyOverlap/SyntheticHeavyOverlap_dev_02_mixed.wav,resources/synthetic_overlap_v2/audio/SyntheticHeavyOverlap/SyntheticHeavyOverlap_dev_02_spk1.wav,resources/synthetic_overlap_v2/audio/SyntheticHeavyOverlap/SyntheticHeavyOverlap_dev_02_spk2.wav,0.5,0.961538,0.961538,mixed,synthetic_split_cer_argmin,deployable,resources/audio_depth_maps/deployable/SyntheticHeavyOverlap_dev_02.npy
SyntheticHeavyOverlap_dev_03,dev,SyntheticHeavyOverlap,resources/synthetic_overlap_v2/audio/SyntheticHeavyOverlap/SyntheticHeavyOverlap_dev_03_mixed.wav,resources/synthetic_overlap_v2/audio/SyntheticHeavyOverlap/SyntheticHeavyOverlap_dev_03_spk1.wav,resources/synthetic_overlap_v2/audio/SyntheticHeavyOverlap/SyntheticHeavyOverlap_dev_03_spk2.wav,0.6,0.2,0.2,separated,synthetic_split_cer_argmin,deployable,resources/audio_depth_maps/deployable/SyntheticHeavyOverlap_dev_03.npy
SyntheticHeavyOverlap_dev_04,dev,SyntheticHeavyOverlap,resources/synthetic_overlap_v2/audio/SyntheticHeavyOverlap/SyntheticHeavyOverlap_dev_04_mixed.wav,resources/synthetic_overlap_v2/audio/SyntheticHeavyOverlap/SyntheticHeavyOverlap_dev_04_spk1.wav,resources/synthetic_overlap_v2/audio/SyntheticHeavyOverlap/SyntheticHeavyOverlap_dev_04_spk2.wav,0.333333,0.111111,0.111111,separated,synthetic_split_cer_argmin,deployable,resources/audio_depth_maps/deployable/SyntheticHeavyOverlap_dev_04.npy
SyntheticHeavyOverlap_dev_05,dev,SyntheticHeavyOverlap,resources/synthetic_overlap_v2/audio/SyntheticHeavyOverlap/SyntheticHeavyOverlap_dev_05_mixed.wav,resources/synthetic_overlap_v2/audio/SyntheticHeavyOverlap/SyntheticHeavyOverlap_dev_05_spk1.wav,resources/synthetic_overlap_v2/audio/SyntheticHeavyOverlap/SyntheticHeavyOverlap_dev_05_spk2.wav,0.16,0.04,0.04,separated,synthetic_split_cer_argmin,deployable,resources/audio_depth_maps/deployable/SyntheticHeavyOverlap_dev_05.npy
SyntheticHeavyOverlap_dev_06,dev,SyntheticHeavyOverlap,resources/synthetic_overlap_v2/audio/SyntheticHeavyOverlap/SyntheticHeavyOverlap_dev_06_mixed.wav,resources/synthetic_overlap_v2/audio/SyntheticHeavyOverlap/SyntheticHeavyOverlap_dev_06_spk1.wav,resources/synthetic_overlap_v2/audio/SyntheticHeavyOverlap/SyntheticHeavyOverlap_dev_06_spk2.wav,0.666667,0.0,0.0,separated,synthetic_split_cer_argmin,deployable,resources/audio_depth_maps/deployable/SyntheticHeavyOverlap_dev_06.npy
SyntheticHeavyOverlap_dev_07,dev,SyntheticHeavyOverlap,resources/synthetic_overlap_v2/audio/SyntheticHeavyOverlap/SyntheticHeavyOverlap_dev_07_mixed.wav,resources/synthetic_overlap_v2/audio/SyntheticHeavyOverlap/SyntheticHeavyOverlap_dev_07_spk1.wav,resources/synthetic_overlap_v2/audio/SyntheticHeavyOverlap/SyntheticHeavyOverlap_dev_07_spk2.wav,0.722222,0.0,0.0,separated,synthetic_split_cer_argmin,deployable,resources/audio_depth_maps/deployable/SyntheticHeavyOverlap_dev_07.npy
SyntheticHeavyOverlap_dev_08,dev,SyntheticHeavyOverlap,resources/synthetic_overlap_v2/audio/SyntheticHeavyOverlap/SyntheticHeavyOverlap_dev_08_mixed.wav,resources/synthetic_overlap_v2/audio/SyntheticHeavyOverlap/SyntheticHeavyOverlap_dev_08_spk1.wav,resources/synthetic_overlap_v2/audio/SyntheticHeavyOverlap/SyntheticHeavyOverlap_dev_08_spk2.wav,0.35,0.2,0.2,separated,synthetic_split_cer_argmin,deployable,resources/audio_depth_maps/deployable/SyntheticHeavyOverlap_dev_08.npy
SyntheticHeavyOverlap_dev_09,dev,SyntheticHeavyOverlap,resources/synthetic_overlap_v2/audio/SyntheticHeavyOverlap/SyntheticHeavyOverlap_dev_09_mixed.wav,resources/synthetic_overlap_v2/audio/SyntheticHeavyOverlap/SyntheticHeavyOverlap_dev_09_spk1.wav,resources/synthetic_overlap_v2/audio/SyntheticHeavyOverlap/SyntheticHeavyOverlap_dev_09_spk2.wav,0.857143,0.0,0.0,separated,synthetic_split_cer_argmin,deployable,resources/audio_depth_maps/deployable/SyntheticHeavyOverlap_dev_09.npy
SyntheticHeavyOverlap_dev_10,dev,SyntheticHeavyOverlap,resources/synthetic_overlap_v2/audio/SyntheticHeavyOverlap/SyntheticHeavyOverlap_dev_10_mixed.wav,resources/synthetic_overlap_v2/audio/SyntheticHeavyOverlap/SyntheticHeavyOverlap_dev_10_spk1.wav,resources/synthetic_overlap_v2/audio/SyntheticHeavyOverlap/SyntheticHeavyOverlap_dev_10_spk2.wav,5.225806,0.290323,0.290323,separated,synthetic_split_cer_argmin,deployable,resources/audio_depth_maps/deployable/SyntheticHeavyOverlap_dev_10.npy
SyntheticHeavyOverlap_test_01,test,SyntheticHeavyOverlap,resources/synthetic_overlap_v2/audio/SyntheticHeavyOverlap/SyntheticHeavyOverlap_test_01_mixed.wav,resources/synthetic_overlap_v2/audio/SyntheticHeavyOverlap/SyntheticHeavyOverlap_test_01_spk1.wav,resources/synthetic_overlap_v2/audio/SyntheticHeavyOverlap/SyntheticHeavyOverlap_test_01_spk2.wav,0.342857,2.742857,0.428571,mixed,synthetic_split_cer_argmin,deployable,resources/audio_depth_maps/deployable/SyntheticHeavyOverlap_test_01.npy
SyntheticHeavyOverlap_test_02,test,SyntheticHeavyOverlap,resources/synthetic_overlap_v2/audio/SyntheticHeavyOverlap/SyntheticHeavyOverlap_test_02_mixed.wav,resources/synthetic_overlap_v2/audio/SyntheticHeavyOverlap/SyntheticHeavyOverlap_test_02_spk1.wav,resources/synthetic_overlap_v2/audio/SyntheticHeavyOverlap/SyntheticHeavyOverlap_test_02_spk2.wav,0.44,0.76,0.76,mixed,synthetic_split_cer_argmin,deployable,resources/audio_depth_maps/deployable/SyntheticHeavyOverlap_test_02.npy
SyntheticHeavyOverlap_test_03,test,SyntheticHeavyOverlap,resources/synthetic_overlap_v2/audio/SyntheticHeavyOverlap/SyntheticHeavyOverlap_test_03_mixed.wav,resources/synthetic_overlap_v2/audio/SyntheticHeavyOverlap/SyntheticHeavyOverlap_test_03_spk1.wav,resources/synthetic_overlap_v2/audio/SyntheticHeavyOverlap/SyntheticHeavyOverlap_test_03_spk2.wav,0.8,0.0,0.0,separated,synthetic_split_cer_argmin,deployable,resources/audio_depth_maps/deployable/SyntheticHeavyOverlap_test_03.npy
SyntheticHeavyOverlap_test_04,test,SyntheticHeavyOverlap,resources/synthetic_overlap_v2/audio/SyntheticHeavyOverlap/SyntheticHeavyOverlap_test_04_mixed.wav,resources/synthetic_overlap_v2/audio/SyntheticHeavyOverlap/SyntheticHeavyOverlap_test_04_spk1.wav,resources/synthetic_overlap_v2/audio/SyntheticHeavyOverlap/SyntheticHeavyOverlap_test_04_spk2.wav,0.736842,0.052632,0.052632,separated,synthetic_split_cer_argmin,deployable,resources/audio_depth_maps/deployable/SyntheticHeavyOverlap_test_04.npy
SyntheticHeavyOverlap_test_05,test,SyntheticHeavyOverlap,resources/synthetic_overlap_v2/audio/SyntheticHeavyOverlap/SyntheticHeavyOverlap_test_05_mixed.wav,resources/synthetic_overlap_v2/audio/SyntheticHeavyOverlap/SyntheticHeavyOverlap_test_05_spk1.wav,resources/synthetic_overlap_v2/audio/SyntheticHeavyOverlap/SyntheticHeavyOverlap_test_05_spk2.wav,0.65,0.0,0.0,separated,synthetic_split_cer_argmin,deployable,resources/audio_depth_maps/deployable/SyntheticHeavyOverlap_test_05.npy
SyntheticHeavyOverlap_test_06,test,SyntheticHeavyOverlap,resources/synthetic_overlap_v2/audio/SyntheticHeavyOverlap/SyntheticHeavyOverlap_test_06_mixed.wav,resources/synthetic_overlap_v2/audio/SyntheticHeavyOverlap/SyntheticHeavyOverlap_test_06_spk1.wav,resources/synthetic_overlap_v2/audio/SyntheticHeavyOverlap/SyntheticHeavyOverlap_test_06_spk2.wav,0.307692,0.038462,0.038462,separated,synthetic_split_cer_argmin,deployable,resources/audio_depth_maps/deployable/SyntheticHeavyOverlap_test_06.npy
SyntheticHeavyOverlap_test_07,test,SyntheticHeavyOverlap,resources/synthetic_overlap_v2/audio/SyntheticHeavyOverlap/SyntheticHeavyOverlap_test_07_mixed.wav,resources/synthetic_overlap_v2/audio/SyntheticHeavyOverlap/SyntheticHeavyOverlap_test_07_spk1.wav,resources/synthetic_overlap_v2/audio/SyntheticHeavyOverlap/SyntheticHeavyOverlap_test_07_spk2.wav,0.833333,0.291667,0.291667,separated,synthetic_split_cer_argmin,deployable,resources/audio_depth_maps/deployable/SyntheticHeavyOverlap_test_07.npy
SyntheticHeavyOverlap_test_08,test,SyntheticHeavyOverlap,resources/synthetic_overlap_v2/audio/SyntheticHeavyOverlap/SyntheticHeavyOverlap_test_08_mixed.wav,resources/synthetic_overlap_v2/audio/SyntheticHeavyOverlap/SyntheticHeavyOverlap_test_08_spk1.wav,resources/synthetic_overlap_v2/audio/SyntheticHeavyOverlap/SyntheticHeavyOverlap_test_08_spk2.wav,0.388889,0.0,0.0,separated,synthetic_split_cer_argmin,deployable,resources/audio_depth_maps/deployable/SyntheticHeavyOverlap_test_08.npy
SyntheticHeavyOverlap_test_09,test,SyntheticHeavyOverlap,resources/synthetic_overlap_v2/audio/SyntheticHeavyOverlap/SyntheticHeavyOverlap_test_09_mixed.wav,resources/synthetic_overlap_v2/audio/SyntheticHeavyOverlap/SyntheticHeavyOverlap_test_09_spk1.wav,resources/synthetic_overlap_v2/audio/SyntheticHeavyOverlap/SyntheticHeavyOverlap_test_09_spk2.wav,0.318182,0.090909,0.090909,separated,synthetic_split_cer_argmin,deployable,resources/audio_depth_maps/deployable/SyntheticHeavyOverlap_test_09.npy
SyntheticHeavyOverlap_test_10,test,SyntheticHeavyOverlap,resources/synthetic_overlap_v2/audio/SyntheticHeavyOverlap/SyntheticHeavyOverlap_test_10_mixed.wav,resources/synthetic_overlap_v2/audio/SyntheticHeavyOverlap/SyntheticHeavyOverlap_test_10_spk1.wav,resources/synthetic_overlap_v2/audio/SyntheticHeavyOverlap/SyntheticHeavyOverlap_test_10_spk2.wav,0.3,0.0,0.0,separated,synthetic_split_cer_argmin,deployable,resources/audio_depth_maps/deployable/SyntheticHeavyOverlap_test_10.npy
SyntheticLightOverlap_dev_01,dev,SyntheticLightOverlap,resources/synthetic_overlap_v2/audio/SyntheticLightOverlap/SyntheticLightOverlap_dev_01_mixed.wav,resources/synthetic_overlap_v2/audio/SyntheticLightOverlap/SyntheticLightOverlap_dev_01_spk1.wav,resources/synthetic_overlap_v2/audio/SyntheticLightOverlap/SyntheticLightOverlap_dev_01_spk2.wav,0.03125,0.0,0.0,separated,synthetic_split_cer_argmin,deployable,resources/audio_depth_maps/deployable/SyntheticLightOverlap_dev_01.npy
SyntheticLightOverlap_dev_02,dev,SyntheticLightOverlap,resources/synthetic_overlap_v2/audio/SyntheticLightOverlap/SyntheticLightOverlap_dev_02_mixed.wav,resources/synthetic_overlap_v2/audio/SyntheticLightOverlap/SyntheticLightOverlap_dev_02_spk1.wav,resources/synthetic_overlap_v2/audio/SyntheticLightOverlap/SyntheticLightOverlap_dev_02_spk2.wav,0.153846,0.961538,0.961538,mixed,synthetic_split_cer_argmin,deployable,resources/audio_depth_maps/deployable/SyntheticLightOverlap_dev_02.npy
SyntheticLightOverlap_dev_03,dev,SyntheticLightOverlap,resources/synthetic_overlap_v2/audio/SyntheticLightOverlap/SyntheticLightOverlap_dev_03_mixed.wav,resources/synthetic_overlap_v2/audio/SyntheticLightOverlap/SyntheticLightOverlap_dev_03_spk1.wav,resources/synthetic_overlap_v2/audio/SyntheticLightOverlap/SyntheticLightOverlap_dev_03_spk2.wav,0.1,0.05,0.05,separated,synthetic_split_cer_argmin,deployable,resources/audio_depth_maps/deployable/SyntheticLightOverlap_dev_03.npy
SyntheticLightOverlap_dev_04,dev,SyntheticLightOverlap,resources/synthetic_overlap_v2/audio/SyntheticLightOverlap/SyntheticLightOverlap_dev_04_mixed.wav,resources/synthetic_overlap_v2/audio/SyntheticLightOverlap/SyntheticLightOverlap_dev_04_spk1.wav,resources/synthetic_overlap_v2/audio/SyntheticLightOverlap/SyntheticLightOverlap_dev_04_spk2.wav,0.166667,0.111111,0.111111,separated,synthetic_split_cer_argmin,deployable,resources/audio_depth_maps/deployable/SyntheticLightOverlap_dev_04.npy
SyntheticLightOverlap_dev_05,dev,SyntheticLightOverlap,resources/synthetic_overlap_v2/audio/SyntheticLightOverlap/SyntheticLightOverlap_dev_05_mixed.wav,resources/synthetic_overlap_v2/audio/SyntheticLightOverlap/SyntheticLightOverlap_dev_05_spk1.wav,resources/synthetic_overlap_v2/audio/SyntheticLightOverlap/SyntheticLightOverlap_dev_05_spk2.wav,0.4,0.0,0.0,separated,synthetic_split_cer_argmin,deployable,resources/audio_depth_maps/deployable/SyntheticLightOverlap_dev_05.npy
SyntheticLightOverlap_dev_06,dev,SyntheticLightOverlap,resources/synthetic_overlap_v2/audio/SyntheticLightOverlap/SyntheticLightOverlap_dev_06_mixed.wav,resources/synthetic_overlap_v2/audio/SyntheticLightOverlap/SyntheticLightOverlap_dev_06_spk1.wav,resources/synthetic_overlap_v2/audio/SyntheticLightOverlap/SyntheticLightOverlap_dev_06_spk2.wav,0.190476,0.0,0.0,separated,synthetic_split_cer_argmin,deployable,resources/audio_depth_maps/deployable/SyntheticLightOverlap_dev_06.npy
SyntheticLightOverlap_dev_07,dev,SyntheticLightOverlap,resources/synthetic_overlap_v2/audio/SyntheticLightOverlap/SyntheticLightOverlap_dev_07_mixed.wav,resources/synthetic_overlap_v2/audio/SyntheticLightOverlap/SyntheticLightOverlap_dev_07_spk1.wav,resources/synthetic_overlap_v2/audio/SyntheticLightOverlap/SyntheticLightOverlap_dev_07_spk2.wav,0.5,0.0,0.0,separated,synthetic_split_cer_argmin,deployable,resources/audio_depth_maps/deployable/SyntheticLightOverlap_dev_07.npy
SyntheticLightOverlap_dev_08,dev,SyntheticLightOverlap,resources/synthetic_overlap_v2/audio/SyntheticLightOverlap/SyntheticLightOverlap_dev_08_mixed.wav,resources/synthetic_overlap_v2/audio/SyntheticLightOverlap/SyntheticLightOverlap_dev_08_spk1.wav,resources/synthetic_overlap_v2/audio/SyntheticLightOverlap/SyntheticLightOverlap_dev_08_spk2.wav,0.35,0.0,0.0,separated,synthetic_split_cer_argmin,deployable,resources/audio_depth_maps/deployable/SyntheticLightOverlap_dev_08.npy
SyntheticLightOverlap_dev_09,dev,SyntheticLightOverlap,resources/synthetic_overlap_v2/audio/SyntheticLightOverlap/SyntheticLightOverlap_dev_09_mixed.wav,resources/synthetic_overlap_v2/audio/SyntheticLightOverlap/SyntheticLightOverlap_dev_09_spk1.wav,resources/synthetic_overlap_v2/audio/SyntheticLightOverlap/SyntheticLightOverlap_dev_09_spk2.wav,0.214286,0.0,0.0,separated,synthetic_split_cer_argmin,deployable,resources/audio_depth_maps/deployable/SyntheticLightOverlap_dev_09.npy
SyntheticLightOverlap_dev_10,dev,SyntheticLightOverlap,resources/synthetic_overlap_v2/audio/SyntheticLightOverlap/SyntheticLightOverlap_dev_10_mixed.wav,resources/synthetic_overlap_v2/audio/SyntheticLightOverlap/SyntheticLightOverlap_dev_10_spk1.wav,resources/synthetic_overlap_v2/audio/SyntheticLightOverlap/SyntheticLightOverlap_dev_10_spk2.wav,0.193548,0.290323,0.290323,mixed,synthetic_split_cer_argmin,deployable,resources/audio_depth_maps/deployable/SyntheticLightOverlap_dev_10.npy
SyntheticLightOverlap_test_01,test,SyntheticLightOverlap,resources/synthetic_overlap_v2/audio/SyntheticLightOverlap/SyntheticLightOverlap_test_01_mixed.wav,resources/synthetic_overlap_v2/audio/SyntheticLightOverlap/SyntheticLightOverlap_test_01_spk1.wav,resources/synthetic_overlap_v2/audio/SyntheticLightOverlap/SyntheticLightOverlap_test_01_spk2.wav,0.0,4.085714,0.428571,mixed,synthetic_split_cer_argmin,deployable,resources/audio_depth_maps/deployable/SyntheticLightOverlap_test_01.npy
SyntheticLightOverlap_test_02,test,SyntheticLightOverlap,resources/synthetic_overlap_v2/audio/SyntheticLightOverlap/SyntheticLightOverlap_test_02_mixed.wav,resources/synthetic_overlap_v2/audio/SyntheticLightOverlap/SyntheticLightOverlap_test_02_spk1.wav,resources/synthetic_overlap_v2/audio/SyntheticLightOverlap/SyntheticLightOverlap_test_02_spk2.wav,0.08,0.76,0.76,mixed,synthetic_split_cer_argmin,deployable,resources/audio_depth_maps/deployable/SyntheticLightOverlap_test_02.npy
SyntheticLightOverlap_test_03,test,SyntheticLightOverlap,resources/synthetic_overlap_v2/audio/SyntheticLightOverlap/SyntheticLightOverlap_test_03_mixed.wav,resources/synthetic_overlap_v2/audio/SyntheticLightOverlap/SyntheticLightOverlap_test_03_spk1.wav,resources/synthetic_overlap_v2/audio/SyntheticLightOverlap/SyntheticLightOverlap_test_03_spk2.wav,0.266667,0.0,0.0,separated,synthetic_split_cer_argmin,deployable,resources/audio_depth_maps/deployable/SyntheticLightOverlap_test_03.npy
SyntheticLightOverlap_test_04,test,SyntheticLightOverlap,resources/synthetic_overlap_v2/audio/SyntheticLightOverlap/SyntheticLightOverlap_test_04_mixed.wav,resources/synthetic_overlap_v2/audio/SyntheticLightOverlap/SyntheticLightOverlap_test_04_spk1.wav,resources/synthetic_overlap_v2/audio/SyntheticLightOverlap/SyntheticLightOverlap_test_04_spk2.wav,0.052632,0.052632,0.052632,mixed,synthetic_split_cer_argmin,deployable,resources/audio_depth_maps/deployable/SyntheticLightOverlap_test_04.npy
SyntheticLightOverlap_test_05,test,SyntheticLightOverlap,resources/synthetic_overlap_v2/audio/SyntheticLightOverlap/SyntheticLightOverlap_test_05_mixed.wav,resources/synthetic_overlap_v2/audio/SyntheticLightOverlap/SyntheticLightOverlap_test_05_spk1.wav,resources/synthetic_overlap_v2/audio/SyntheticLightOverlap/SyntheticLightOverlap_test_05_spk2.wav,0.55,0.2,0.2,separated,synthetic_split_cer_argmin,deployable,resources/audio_depth_maps/deployable/SyntheticLightOverlap_test_05.npy
SyntheticLightOverlap_test_06,test,SyntheticLightOverlap,resources/synthetic_overlap_v2/audio/SyntheticLightOverlap/SyntheticLightOverlap_test_06_mixed.wav,resources/synthetic_overlap_v2/audio/SyntheticLightOverlap/SyntheticLightOverlap_test_06_spk1.wav,resources/synthetic_overlap_v2/audio/SyntheticLightOverlap/SyntheticLightOverlap_test_06_spk2.wav,0.153846,0.038462,0.038462,separated,synthetic_split_cer_argmin,deployable,resources/audio_depth_maps/deployable/SyntheticLightOverlap_test_06.npy
SyntheticLightOverlap_test_07,test,SyntheticLightOverlap,resources/synthetic_overlap_v2/audio/SyntheticLightOverlap/SyntheticLightOverlap_test_07_mixed.wav,resources/synthetic_overlap_v2/audio/SyntheticLightOverlap/SyntheticLightOverlap_test_07_spk1.wav,resources/synthetic_overlap_v2/audio/SyntheticLightOverlap/SyntheticLightOverlap_test_07_spk2.wav,0.291667,0.291667,0.291667,mixed,synthetic_split_cer_argmin,deployable,resources/audio_depth_maps/deployable/SyntheticLightOverlap_test_07.npy
SyntheticLightOverlap_test_08,test,SyntheticLightOverlap,resources/synthetic_overlap_v2/audio/SyntheticLightOverlap/SyntheticLightOverlap_test_08_mixed.wav,resources/synthetic_overlap_v2/audio/SyntheticLightOverlap/SyntheticLightOverlap_test_08_spk1.wav,resources/synthetic_overlap_v2/audio/SyntheticLightOverlap/SyntheticLightOverlap_test_08_spk2.wav,0.222222,0.0,0.0,separated,synthetic_split_cer_argmin,deployable,resources/audio_depth_maps/deployable/SyntheticLightOverlap_test_08.npy
SyntheticLightOverlap_test_09,test,SyntheticLightOverlap,resources/synthetic_overlap_v2/audio/SyntheticLightOverlap/SyntheticLightOverlap_test_09_mixed.wav,resources/synthetic_overlap_v2/audio/SyntheticLightOverlap/SyntheticLightOverlap_test_09_spk1.wav,resources/synthetic_overlap_v2/audio/SyntheticLightOverlap/SyntheticLightOverlap_test_09_spk2.wav,0.409091,0.090909,0.090909,separated,synthetic_split_cer_argmin,deployable,resources/audio_depth_maps/deployable/SyntheticLightOverlap_test_09.npy
SyntheticLightOverlap_test_10,test,SyntheticLightOverlap,resources/synthetic_overlap_v2/audio/SyntheticLightOverlap/SyntheticLightOverlap_test_10_mixed.wav,resources/synthetic_overlap_v2/audio/SyntheticLightOverlap/SyntheticLightOverlap_test_10_spk1.wav,resources/synthetic_overlap_v2/audio/SyntheticLightOverlap/SyntheticLightOverlap_test_10_spk2.wav,0.9,0.0,0.0,separated,synthetic_split_cer_argmin,deployable,resources/audio_depth_maps/deployable/SyntheticLightOverlap_test_10.npy
SyntheticMidOverlap_dev_01,dev,SyntheticMidOverlap,resources/synthetic_overlap_v2/audio/SyntheticMidOverlap/SyntheticMidOverlap_dev_01_mixed.wav,resources/synthetic_overlap_v2/audio/SyntheticMidOverlap/SyntheticMidOverlap_dev_01_spk1.wav,resources/synthetic_overlap_v2/audio/SyntheticMidOverlap/SyntheticMidOverlap_dev_01_spk2.wav,0.15625,0.0,0.0,separated,synthetic_split_cer_argmin,deployable,resources/audio_depth_maps/deployable/SyntheticMidOverlap_dev_01.npy
SyntheticMidOverlap_dev_02,dev,SyntheticMidOverlap,resources/synthetic_overlap_v2/audio/SyntheticMidOverlap/SyntheticMidOverlap_dev_02_mixed.wav,resources/synthetic_overlap_v2/audio/SyntheticMidOverlap/SyntheticMidOverlap_dev_02_spk1.wav,resources/synthetic_overlap_v2/audio/SyntheticMidOverlap/SyntheticMidOverlap_dev_02_spk2.wav,0.423077,0.961538,0.961538,mixed,synthetic_split_cer_argmin,deployable,resources/audio_depth_maps/deployable/SyntheticMidOverlap_dev_02.npy
SyntheticMidOverlap_dev_03,dev,SyntheticMidOverlap,resources/synthetic_overlap_v2/audio/SyntheticMidOverlap/SyntheticMidOverlap_dev_03_mixed.wav,resources/synthetic_overlap_v2/audio/SyntheticMidOverlap/SyntheticMidOverlap_dev_03_spk1.wav,resources/synthetic_overlap_v2/audio/SyntheticMidOverlap/SyntheticMidOverlap_dev_03_spk2.wav,0.15,0.2,0.2,mixed,synthetic_split_cer_argmin,deployable,resources/audio_depth_maps/deployable/SyntheticMidOverlap_dev_03.npy
SyntheticMidOverlap_dev_04,dev,SyntheticMidOverlap,resources/synthetic_overlap_v2/audio/SyntheticMidOverlap/SyntheticMidOverlap_dev_04_mixed.wav,resources/synthetic_overlap_v2/audio/SyntheticMidOverlap/SyntheticMidOverlap_dev_04_spk1.wav,resources/synthetic_overlap_v2/audio/SyntheticMidOverlap/SyntheticMidOverlap_dev_04_spk2.wav,0.277778,0.111111,0.111111,separated,synthetic_split_cer_argmin,deployable,resources/audio_depth_maps/deployable/SyntheticMidOverlap_dev_04.npy
SyntheticMidOverlap_dev_05,dev,SyntheticMidOverlap,resources/synthetic_overlap_v2/audio/SyntheticMidOverlap/SyntheticMidOverlap_dev_05_mixed.wav,resources/synthetic_overlap_v2/audio/SyntheticMidOverlap/SyntheticMidOverlap_dev_05_spk1.wav,resources/synthetic_overlap_v2/audio/SyntheticMidOverlap/SyntheticMidOverlap_dev_05_spk2.wav,0.2,0.04,0.04,separated,synthetic_split_cer_argmin,deployable,resources/audio_depth_maps/deployable/SyntheticMidOverlap_dev_05.npy
SyntheticMidOverlap_dev_06,dev,SyntheticMidOverlap,resources/synthetic_overlap_v2/audio/SyntheticMidOverlap/SyntheticMidOverlap_dev_06_mixed.wav,resources/synthetic_overlap_v2/audio/SyntheticMidOverlap/SyntheticMidOverlap_dev_06_spk1.wav,resources/synthetic_overlap_v2/audio/SyntheticMidOverlap/SyntheticMidOverlap_dev_06_spk2.wav,0.428571,0.0,0.0,separated,synthetic_split_cer_argmin,deployable,resources/audio_depth_maps/deployable/SyntheticMidOverlap_dev_06.npy
SyntheticMidOverlap_dev_07,dev,SyntheticMidOverlap,resources/synthetic_overlap_v2/audio/SyntheticMidOverlap/SyntheticMidOverlap_dev_07_mixed.wav,resources/synthetic_overlap_v2/audio/SyntheticMidOverlap/SyntheticMidOverlap_dev_07_spk1.wav,resources/synthetic_overlap_v2/audio/SyntheticMidOverlap/SyntheticMidOverlap_dev_07_spk2.wav,0.555556,0.0,0.0,separated,synthetic_split_cer_argmin,deployable,resources/audio_depth_maps/deployable/SyntheticMidOverlap_dev_07.npy
SyntheticMidOverlap_dev_08,dev,SyntheticMidOverlap,resources/synthetic_overlap_v2/audio/SyntheticMidOverlap/SyntheticMidOverlap_dev_08_mixed.wav,resources/synthetic_overlap_v2/audio/SyntheticMidOverlap/SyntheticMidOverlap_dev_08_spk1.wav,resources/synthetic_overlap_v2/audio/SyntheticMidOverlap/SyntheticMidOverlap_dev_08_spk2.wav,0.3,0.2,0.2,separated,synthetic_split_cer_argmin,deployable,resources/audio_depth_maps/deployable/SyntheticMidOverlap_dev_08.npy
SyntheticMidOverlap_dev_09,dev,SyntheticMidOverlap,resources/synthetic_overlap_v2/audio/SyntheticMidOverlap/SyntheticMidOverlap_dev_09_mixed.wav,resources/synthetic_overlap_v2/audio/SyntheticMidOverlap/SyntheticMidOverlap_dev_09_spk1.wav,resources/synthetic_overlap_v2/audio/SyntheticMidOverlap/SyntheticMidOverlap_dev_09_spk2.wav,0.785714,0.0,0.0,separated,synthetic_split_cer_argmin,deployable,resources/audio_depth_maps/deployable/SyntheticMidOverlap_dev_09.npy
SyntheticMidOverlap_dev_10,dev,SyntheticMidOverlap,resources/synthetic_overlap_v2/audio/SyntheticMidOverlap/SyntheticMidOverlap_dev_10_mixed.wav,resources/synthetic_overlap_v2/audio/SyntheticMidOverlap/SyntheticMidOverlap_dev_10_spk1.wav,resources/synthetic_overlap_v2/audio/SyntheticMidOverlap/SyntheticMidOverlap_dev_10_spk2.wav,0.290323,0.290323,0.290323,mixed,synthetic_split_cer_argmin,deployable,resources/audio_depth_maps/deployable/SyntheticMidOverlap_dev_10.npy
SyntheticMidOverlap_test_01,test,SyntheticMidOverlap,resources/synthetic_overlap_v2/audio/SyntheticMidOverlap/SyntheticMidOverlap_test_01_mixed.wav,resources/synthetic_overlap_v2/audio/SyntheticMidOverlap/SyntheticMidOverlap_test_01_spk1.wav,resources/synthetic_overlap_v2/audio/SyntheticMidOverlap/SyntheticMidOverlap_test_01_spk2.wav,0.228571,4.342857,0.428571,mixed,synthetic_split_cer_argmin,deployable,resources/audio_depth_maps/deployable/SyntheticMidOverlap_test_01.npy
SyntheticMidOverlap_test_02,test,SyntheticMidOverlap,resources/synthetic_overlap_v2/audio/SyntheticMidOverlap/SyntheticMidOverlap_test_02_mixed.wav,resources/synthetic_overlap_v2/audio/SyntheticMidOverlap/SyntheticMidOverlap_test_02_spk1.wav,resources/synthetic_overlap_v2/audio/SyntheticMidOverlap/SyntheticMidOverlap_test_02_spk2.wav,0.12,0.76,0.76,mixed,synthetic_split_cer_argmin,deployable,resources/audio_depth_maps/deployable/SyntheticMidOverlap_test_02.npy
SyntheticMidOverlap_test_03,test,SyntheticMidOverlap,resources/synthetic_overlap_v2/audio/SyntheticMidOverlap/SyntheticMidOverlap_test_03_mixed.wav,resources/synthetic_overlap_v2/audio/SyntheticMidOverlap/SyntheticMidOverlap_test_03_spk1.wav,resources/synthetic_overlap_v2/audio/SyntheticMidOverlap/SyntheticMidOverlap_test_03_spk2.wav,0.4,0.0,0.0,separated,synthetic_split_cer_argmin,deployable,resources/audio_depth_maps/deployable/SyntheticMidOverlap_test_03.npy
SyntheticMidOverlap_test_04,test,SyntheticMidOverlap,resources/synthetic_overlap_v2/audio/SyntheticMidOverlap/SyntheticMidOverlap_test_04_mixed.wav,resources/synthetic_overlap_v2/audio/SyntheticMidOverlap/SyntheticMidOverlap_test_04_spk1.wav,resources/synthetic_overlap_v2/audio/SyntheticMidOverlap/SyntheticMidOverlap_test_04_spk2.wav,0.368421,0.052632,0.052632,separated,synthetic_split_cer_argmin,deployable,resources/audio_depth_maps/deployable/SyntheticMidOverlap_test_04.npy
SyntheticMidOverlap_test_05,test,SyntheticMidOverlap,resources/synthetic_overlap_v2/audio/SyntheticMidOverlap/SyntheticMidOverlap_test_05_mixed.wav,resources/synthetic_overlap_v2/audio/SyntheticMidOverlap/SyntheticMidOverlap_test_05_spk1.wav,resources/synthetic_overlap_v2/audio/SyntheticMidOverlap/SyntheticMidOverlap_test_05_spk2.wav,0.7,0.0,0.0,separated,synthetic_split_cer_argmin,deployable,resources/audio_depth_maps/deployable/SyntheticMidOverlap_test_05.npy
SyntheticMidOverlap_test_06,test,SyntheticMidOverlap,resources/synthetic_overlap_v2/audio/SyntheticMidOverlap/SyntheticMidOverlap_test_06_mixed.wav,resources/synthetic_overlap_v2/audio/SyntheticMidOverlap/SyntheticMidOverlap_test_06_spk1.wav,resources/synthetic_overlap_v2/audio/SyntheticMidOverlap/SyntheticMidOverlap_test_06_spk2.wav,0.423077,0.038462,0.038462,separated,synthetic_split_cer_argmin,deployable,resources/audio_depth_maps/deployable/SyntheticMidOverlap_test_06.npy
SyntheticMidOverlap_test_07,test,SyntheticMidOverlap,resources/synthetic_overlap_v2/audio/SyntheticMidOverlap/SyntheticMidOverlap_test_07_mixed.wav,resources/synthetic_overlap_v2/audio/SyntheticMidOverlap/SyntheticMidOverlap_test_07_spk1.wav,resources/synthetic_overlap_v2/audio/SyntheticMidOverlap/SyntheticMidOverlap_test_07_spk2.wav,0.708333,0.291667,0.291667,separated,synthetic_split_cer_argmin,deployable,resources/audio_depth_maps/deployable/SyntheticMidOverlap_test_07.npy
SyntheticMidOverlap_test_08,test,SyntheticMidOverlap,resources/synthetic_overlap_v2/audio/SyntheticMidOverlap/SyntheticMidOverlap_test_08_mixed.wav,resources/synthetic_overlap_v2/audio/SyntheticMidOverlap/SyntheticMidOverlap_test_08_spk1.wav,resources/synthetic_overlap_v2/audio/SyntheticMidOverlap/SyntheticMidOverlap_test_08_spk2.wav,0.277778,0.222222,0.222222,separated,synthetic_split_cer_argmin,deployable,resources/audio_depth_maps/deployable/SyntheticMidOverlap_test_08.npy
SyntheticMidOverlap_test_09,test,SyntheticMidOverlap,resources/synthetic_overlap_v2/audio/SyntheticMidOverlap/SyntheticMidOverlap_test_09_mixed.wav,resources/synthetic_overlap_v2/audio/SyntheticMidOverlap/SyntheticMidOverlap_test_09_spk1.wav,resources/synthetic_overlap_v2/audio/SyntheticMidOverlap/SyntheticMidOverlap_test_09_spk2.wav,0.409091,0.0,0.0,separated,synthetic_split_cer_argmin,deployable,resources/audio_depth_maps/deployable/SyntheticMidOverlap_test_09.npy
SyntheticMidOverlap_test_10,test,SyntheticMidOverlap,resources/synthetic_overlap_v2/audio/SyntheticMidOverlap/SyntheticMidOverlap_test_10_mixed.wav,resources/synthetic_overlap_v2/audio/SyntheticMidOverlap/SyntheticMidOverlap_test_10_spk1.wav,resources/synthetic_overlap_v2/audio/SyntheticMidOverlap/SyntheticMidOverlap_test_10_spk2.wav,0.9,0.0,0.0,separated,synthetic_split_cer_argmin,deployable,resources/audio_depth_maps/deployable/SyntheticMidOverlap_test_10.npy
SyntheticNoOverlap_dev_01,dev,SyntheticNoOverlap,resources/synthetic_overlap_v2/audio/SyntheticNoOverlap/SyntheticNoOverlap_dev_01_mixed.wav,resources/synthetic_overlap_v2/audio/SyntheticNoOverlap/SyntheticNoOverlap_dev_01_spk1.wav,resources/synthetic_overlap_v2/audio/SyntheticNoOverlap/SyntheticNoOverlap_dev_01_spk2.wav,0.03125,0.0,0.0,separated,synthetic_split_cer_argmin,deployable,resources/audio_depth_maps/deployable/SyntheticNoOverlap_dev_01.npy
SyntheticNoOverlap_dev_02,dev,SyntheticNoOverlap,resources/synthetic_overlap_v2/audio/SyntheticNoOverlap/SyntheticNoOverlap_dev_02_mixed.wav,resources/synthetic_overlap_v2/audio/SyntheticNoOverlap/SyntheticNoOverlap_dev_02_spk1.wav,resources/synthetic_overlap_v2/audio/SyntheticNoOverlap/SyntheticNoOverlap_dev_02_spk2.wav,0.423077,5.307692,0.884615,mixed,synthetic_split_cer_argmin,deployable,resources/audio_depth_maps/deployable/SyntheticNoOverlap_dev_02.npy
SyntheticNoOverlap_dev_03,dev,SyntheticNoOverlap,resources/synthetic_overlap_v2/audio/SyntheticNoOverlap/SyntheticNoOverlap_dev_03_mixed.wav,resources/synthetic_overlap_v2/audio/SyntheticNoOverlap/SyntheticNoOverlap_dev_03_spk1.wav,resources/synthetic_overlap_v2/audio/SyntheticNoOverlap/SyntheticNoOverlap_dev_03_spk2.wav,0.2,0.0,0.0,separated,synthetic_split_cer_argmin,deployable,resources/audio_depth_maps/deployable/SyntheticNoOverlap_dev_03.npy
SyntheticNoOverlap_dev_04,dev,SyntheticNoOverlap,resources/synthetic_overlap_v2/audio/SyntheticNoOverlap/SyntheticNoOverlap_dev_04_mixed.wav,resources/synthetic_overlap_v2/audio/SyntheticNoOverlap/SyntheticNoOverlap_dev_04_spk1.wav,resources/synthetic_overlap_v2/audio/SyntheticNoOverlap/SyntheticNoOverlap_dev_04_spk2.wav,0.5,0.111111,0.111111,separated,synthetic_split_cer_argmin,deployable,resources/audio_depth_maps/deployable/SyntheticNoOverlap_dev_04.npy
SyntheticNoOverlap_dev_05,dev,SyntheticNoOverlap,resources/synthetic_overlap_v2/audio/SyntheticNoOverlap/SyntheticNoOverlap_dev_05_mixed.wav,resources/synthetic_overlap_v2/audio/SyntheticNoOverlap/SyntheticNoOverlap_dev_05_spk1.wav,resources/synthetic_overlap_v2/audio/SyntheticNoOverlap/SyntheticNoOverlap_dev_05_spk2.wav,0.04,0.0,0.0,separated,synthetic_split_cer_argmin,deployable,resources/audio_depth_maps/deployable/SyntheticNoOverlap_dev_05.npy
SyntheticNoOverlap_dev_06,dev,SyntheticNoOverlap,resources/synthetic_overlap_v2/audio/SyntheticNoOverlap/SyntheticNoOverlap_dev_06_mixed.wav,resources/synthetic_overlap_v2/audio/SyntheticNoOverlap/SyntheticNoOverlap_dev_06_spk1.wav,resources/synthetic_overlap_v2/audio/SyntheticNoOverlap/SyntheticNoOverlap_dev_06_spk2.wav,0.0,0.142857,0.142857,mixed,synthetic_split_cer_argmin,deployable,resources/audio_depth_maps/deployable/SyntheticNoOverlap_dev_06.npy
SyntheticNoOverlap_dev_07,dev,SyntheticNoOverlap,resources/synthetic_overlap_v2/audio/SyntheticNoOverlap/SyntheticNoOverlap_dev_07_mixed.wav,resources/synthetic_overlap_v2/audio/SyntheticNoOverlap/SyntheticNoOverlap_dev_07_spk1.wav,resources/synthetic_overlap_v2/audio/SyntheticNoOverlap/SyntheticNoOverlap_dev_07_spk2.wav,0.0,0.0,0.0,mixed,synthetic_split_cer_argmin,deployable,resources/audio_depth_maps/deployable/SyntheticNoOverlap_dev_07.npy
SyntheticNoOverlap_dev_08,dev,SyntheticNoOverlap,resources/synthetic_overlap_v2/audio/SyntheticNoOverlap/SyntheticNoOverlap_dev_08_mixed.wav,resources/synthetic_overlap_v2/audio/SyntheticNoOverlap/SyntheticNoOverlap_dev_08_spk1.wav,resources/synthetic_overlap_v2/audio/SyntheticNoOverlap/SyntheticNoOverlap_dev_08_spk2.wav,0.2,0.0,0.0,separated,synthetic_split_cer_argmin,deployable,resources/audio_depth_maps/deployable/SyntheticNoOverlap_dev_08.npy
SyntheticNoOverlap_dev_09,dev,SyntheticNoOverlap,resources/synthetic_overlap_v2/audio/SyntheticNoOverlap/SyntheticNoOverlap_dev_09_mixed.wav,resources/synthetic_overlap_v2/audio/SyntheticNoOverlap/SyntheticNoOverlap_dev_09_spk1.wav,resources/synthetic_overlap_v2/audio/SyntheticNoOverlap/SyntheticNoOverlap_dev_09_spk2.wav,0.785714,0.0,0.0,separated,synthetic_split_cer_argmin,deployable,resources/audio_depth_maps/deployable/SyntheticNoOverlap_dev_09.npy
SyntheticNoOverlap_dev_10,dev,SyntheticNoOverlap,resources/synthetic_overlap_v2/audio/SyntheticNoOverlap/SyntheticNoOverlap_dev_10_mixed.wav,resources/synthetic_overlap_v2/audio/SyntheticNoOverlap/SyntheticNoOverlap_dev_10_spk1.wav,resources/synthetic_overlap_v2/audio/SyntheticNoOverlap/SyntheticNoOverlap_dev_10_spk2.wav,0.225806,6.096774,0.806452,mixed,synthetic_split_cer_argmin,deployable,resources/audio_depth_maps/deployable/SyntheticNoOverlap_dev_10.npy
SyntheticNoOverlap_test_01,test,SyntheticNoOverlap,resources/synthetic_overlap_v2/audio/SyntheticNoOverlap/SyntheticNoOverlap_test_01_mixed.wav,resources/synthetic_overlap_v2/audio/SyntheticNoOverlap/SyntheticNoOverlap_test_01_spk1.wav,resources/synthetic_overlap_v2/audio/SyntheticNoOverlap/SyntheticNoOverlap_test_01_spk2.wav,0.228571,3.142857,0.457143,mixed,synthetic_split_cer_argmin,deployable,resources/audio_depth_maps/deployable/SyntheticNoOverlap_test_01.npy
SyntheticNoOverlap_test_02,test,SyntheticNoOverlap,resources/synthetic_overlap_v2/audio/SyntheticNoOverlap/SyntheticNoOverlap_test_02_mixed.wav,resources/synthetic_overlap_v2/audio/SyntheticNoOverlap/SyntheticNoOverlap_test_02_spk1.wav,resources/synthetic_overlap_v2/audio/SyntheticNoOverlap/SyntheticNoOverlap_test_02_spk2.wav,0.08,0.8,0.8,mixed,synthetic_split_cer_argmin,deployable,resources/audio_depth_maps/deployable/SyntheticNoOverlap_test_02.npy
SyntheticNoOverlap_test_03,test,SyntheticNoOverlap,resources/synthetic_overlap_v2/audio/SyntheticNoOverlap/SyntheticNoOverlap_test_03_mixed.wav,resources/synthetic_overlap_v2/audio/SyntheticNoOverlap/SyntheticNoOverlap_test_03_spk1.wav,resources/synthetic_overlap_v2/audio/SyntheticNoOverlap/SyntheticNoOverlap_test_03_spk2.wav,0.266667,0.033333,0.033333,separated,synthetic_split_cer_argmin,deployable,resources/audio_depth_maps/deployable/SyntheticNoOverlap_test_03.npy
SyntheticNoOverlap_test_04,test,SyntheticNoOverlap,resources/synthetic_overlap_v2/audio/SyntheticNoOverlap/SyntheticNoOverlap_test_04_mixed.wav,resources/synthetic_overlap_v2/audio/SyntheticNoOverlap/SyntheticNoOverlap_test_04_spk1.wav,resources/synthetic_overlap_v2/audio/SyntheticNoOverlap/SyntheticNoOverlap_test_04_spk2.wav,0.052632,0.052632,0.052632,mixed,synthetic_split_cer_argmin,deployable,resources/audio_depth_maps/deployable/SyntheticNoOverlap_test_04.npy
SyntheticNoOverlap_test_05,test,SyntheticNoOverlap,resources/synthetic_overlap_v2/audio/SyntheticNoOverlap/SyntheticNoOverlap_test_05_mixed.wav,resources/synthetic_overlap_v2/audio/SyntheticNoOverlap/SyntheticNoOverlap_test_05_spk1.wav,resources/synthetic_overlap_v2/audio/SyntheticNoOverlap/SyntheticNoOverlap_test_05_spk2.wav,0.4,0.2,0.2,separated,synthetic_split_cer_argmin,deployable,resources/audio_depth_maps/deployable/SyntheticNoOverlap_test_05.npy
SyntheticNoOverlap_test_06,test,SyntheticNoOverlap,resources/synthetic_overlap_v2/audio/SyntheticNoOverlap/SyntheticNoOverlap_test_06_mixed.wav,resources/synthetic_overlap_v2/audio/SyntheticNoOverlap/SyntheticNoOverlap_test_06_spk1.wav,resources/synthetic_overlap_v2/audio/SyntheticNoOverlap/SyntheticNoOverlap_test_06_spk2.wav,0.423077,0.038462,0.038462,separated,synthetic_split_cer_argmin,deployable,resources/audio_depth_maps/deployable/SyntheticNoOverlap_test_06.npy
SyntheticNoOverlap_test_07,test,SyntheticNoOverlap,resources/synthetic_overlap_v2/audio/SyntheticNoOverlap/SyntheticNoOverlap_test_07_mixed.wav,resources/synthetic_overlap_v2/audio/SyntheticNoOverlap/SyntheticNoOverlap_test_07_spk1.wav,resources/synthetic_overlap_v2/audio/SyntheticNoOverlap/SyntheticNoOverlap_test_07_spk2.wav,0.625,0.291667,0.291667,separated,synthetic_split_cer_argmin,deployable,resources/audio_depth_maps/deployable/SyntheticNoOverlap_test_07.npy
SyntheticNoOverlap_test_08,test,SyntheticNoOverlap,resources/synthetic_overlap_v2/audio/SyntheticNoOverlap/SyntheticNoOverlap_test_08_mixed.wav,resources/synthetic_overlap_v2/audio/SyntheticNoOverlap/SyntheticNoOverlap_test_08_spk1.wav,resources/synthetic_overlap_v2/audio/SyntheticNoOverlap/SyntheticNoOverlap_test_08_spk2.wav,0.222222,0.222222,0.222222,mixed,synthetic_split_cer_argmin,deployable,resources/audio_depth_maps/deployable/SyntheticNoOverlap_test_08.npy
SyntheticNoOverlap_test_09,test,SyntheticNoOverlap,resources/synthetic_overlap_v2/audio/SyntheticNoOverlap/SyntheticNoOverlap_test_09_mixed.wav,resources/synthetic_overlap_v2/audio/SyntheticNoOverlap/SyntheticNoOverlap_test_09_spk1.wav,resources/synthetic_overlap_v2/audio/SyntheticNoOverlap/SyntheticNoOverlap_test_09_spk2.wav,0.272727,0.090909,0.090909,separated,synthetic_split_cer_argmin,deployable,resources/audio_depth_maps/deployable/SyntheticNoOverlap_test_09.npy
SyntheticNoOverlap_test_10,test,SyntheticNoOverlap,resources/synthetic_overlap_v2/audio/SyntheticNoOverlap/SyntheticNoOverlap_test_10_mixed.wav,resources/synthetic_overlap_v2/audio/SyntheticNoOverlap/SyntheticNoOverlap_test_10_spk1.wav,resources/synthetic_overlap_v2/audio/SyntheticNoOverlap/SyntheticNoOverlap_test_10_spk2.wav,1.0,0.0,0.0,separated,synthetic_split_cer_argmin,deployable,resources/audio_depth_maps/deployable/SyntheticNoOverlap_test_10.npy
SyntheticOppositeOverlap_dev_01,dev,SyntheticOppositeOverlap,resources/synthetic_overlap_v2/audio/SyntheticOppositeOverlap/SyntheticOppositeOverlap_dev_01_mixed.wav,resources/synthetic_overlap_v2/audio/SyntheticOppositeOverlap/SyntheticOppositeOverlap_dev_01_spk1.wav,resources/synthetic_overlap_v2/audio/SyntheticOppositeOverlap/SyntheticOppositeOverlap_dev_01_spk2.wav,0.4375,0.0,0.0,separated,synthetic_split_cer_argmin,deployable,resources/audio_depth_maps/deployable/SyntheticOppositeOverlap_dev_01.npy
SyntheticOppositeOverlap_dev_02,dev,SyntheticOppositeOverlap,resources/synthetic_overlap_v2/audio/SyntheticOppositeOverlap/SyntheticOppositeOverlap_dev_02_mixed.wav,resources/synthetic_overlap_v2/audio/SyntheticOppositeOverlap/SyntheticOppositeOverlap_dev_02_spk1.wav,resources/synthetic_overlap_v2/audio/SyntheticOppositeOverlap/SyntheticOppositeOverlap_dev_02_spk2.wav,0.884615,0.961538,0.961538,mixed,synthetic_split_cer_argmin,deployable,resources/audio_depth_maps/deployable/SyntheticOppositeOverlap_dev_02.npy
SyntheticOppositeOverlap_dev_03,dev,SyntheticOppositeOverlap,resources/synthetic_overlap_v2/audio/SyntheticOppositeOverlap/SyntheticOppositeOverlap_dev_03_mixed.wav,resources/synthetic_overlap_v2/audio/SyntheticOppositeOverlap/SyntheticOppositeOverlap_dev_03_spk1.wav,resources/synthetic_overlap_v2/audio/SyntheticOppositeOverlap/SyntheticOppositeOverlap_dev_03_spk2.wav,0.8,0.05,0.05,separated,synthetic_split_cer_argmin,deployable,resources/audio_depth_maps/deployable/SyntheticOppositeOverlap_dev_03.npy
SyntheticOppositeOverlap_dev_04,dev,SyntheticOppositeOverlap,resources/synthetic_overlap_v2/audio/SyntheticOppositeOverlap/SyntheticOppositeOverlap_dev_04_mixed.wav,resources/synthetic_overlap_v2/audio/SyntheticOppositeOverlap/SyntheticOppositeOverlap_dev_04_spk1.wav,resources/synthetic_overlap_v2/audio/SyntheticOppositeOverlap/SyntheticOppositeOverlap_dev_04_spk2.wav,0.388889,0.166667,0.166667,separated,synthetic_split_cer_argmin,deployable,resources/audio_depth_maps/deployable/SyntheticOppositeOverlap_dev_04.npy
SyntheticOppositeOverlap_dev_05,dev,SyntheticOppositeOverlap,resources/synthetic_overlap_v2/audio/SyntheticOppositeOverlap/SyntheticOppositeOverlap_dev_05_mixed.wav,resources/synthetic_overlap_v2/audio/SyntheticOppositeOverlap/SyntheticOppositeOverlap_dev_05_spk1.wav,resources/synthetic_overlap_v2/audio/SyntheticOppositeOverlap/SyntheticOppositeOverlap_dev_05_spk2.wav,0.64,0.04,0.04,separated,synthetic_split_cer_argmin,deployable,resources/audio_depth_maps/deployable/SyntheticOppositeOverlap_dev_05.npy
SyntheticOppositeOverlap_dev_06,dev,SyntheticOppositeOverlap,resources/synthetic_overlap_v2/audio/SyntheticOppositeOverlap/SyntheticOppositeOverlap_dev_06_mixed.wav,resources/synthetic_overlap_v2/audio/SyntheticOppositeOverlap/SyntheticOppositeOverlap_dev_06_spk1.wav,resources/synthetic_overlap_v2/audio/SyntheticOppositeOverlap/SyntheticOppositeOverlap_dev_06_spk2.wav,0.952381,0.0,0.0,separated,synthetic_split_cer_argmin,deployable,resources/audio_depth_maps/deployable/SyntheticOppositeOverlap_dev_06.npy
SyntheticOppositeOverlap_dev_07,dev,SyntheticOppositeOverlap,resources/synthetic_overlap_v2/audio/SyntheticOppositeOverlap/SyntheticOppositeOverlap_dev_07_mixed.wav,resources/synthetic_overlap_v2/audio/SyntheticOppositeOverlap/SyntheticOppositeOverlap_dev_07_spk1.wav,resources/synthetic_overlap_v2/audio/SyntheticOppositeOverlap/SyntheticOppositeOverlap_dev_07_spk2.wav,0.5,0.0,0.0,separated,synthetic_split_cer_argmin,deployable,resources/audio_depth_maps/deployable/SyntheticOppositeOverlap_dev_07.npy
SyntheticOppositeOverlap_dev_08,dev,SyntheticOppositeOverlap,resources/synthetic_overlap_v2/audio/SyntheticOppositeOverlap/SyntheticOppositeOverlap_dev_08_mixed.wav,resources/synthetic_overlap_v2/audio/SyntheticOppositeOverlap/SyntheticOppositeOverlap_dev_08_spk1.wav,resources/synthetic_overlap_v2/audio/SyntheticOppositeOverlap/SyntheticOppositeOverlap_dev_08_spk2.wav,0.55,0.2,0.2,separated,synthetic_split_cer_argmin,deployable,resources/audio_depth_maps/deployable/SyntheticOppositeOverlap_dev_08.npy
SyntheticOppositeOverlap_dev_09,dev,SyntheticOppositeOverlap,resources/synthetic_overlap_v2/audio/SyntheticOppositeOverlap/SyntheticOppositeOverlap_dev_09_mixed.wav,resources/synthetic_overlap_v2/audio/SyntheticOppositeOverlap/SyntheticOppositeOverlap_dev_09_spk1.wav,resources/synthetic_overlap_v2/audio/SyntheticOppositeOverlap/SyntheticOppositeOverlap_dev_09_spk2.wav,0.857143,0.0,0.0,separated,synthetic_split_cer_argmin,deployable,resources/audio_depth_maps/deployable/SyntheticOppositeOverlap_dev_09.npy
SyntheticOppositeOverlap_dev_10,dev,SyntheticOppositeOverlap,resources/synthetic_overlap_v2/audio/SyntheticOppositeOverlap/SyntheticOppositeOverlap_dev_10_mixed.wav,resources/synthetic_overlap_v2/audio/SyntheticOppositeOverlap/SyntheticOppositeOverlap_dev_10_spk1.wav,resources/synthetic_overlap_v2/audio/SyntheticOppositeOverlap/SyntheticOppositeOverlap_dev_10_spk2.wav,0.354839,0.258065,0.258065,separated,synthetic_split_cer_argmin,deployable,resources/audio_depth_maps/deployable/SyntheticOppositeOverlap_dev_10.npy
SyntheticOppositeOverlap_test_01,test,SyntheticOppositeOverlap,resources/synthetic_overlap_v2/audio/SyntheticOppositeOverlap/SyntheticOppositeOverlap_test_01_mixed.wav,resources/synthetic_overlap_v2/audio/SyntheticOppositeOverlap/SyntheticOppositeOverlap_test_01_spk1.wav,resources/synthetic_overlap_v2/audio/SyntheticOppositeOverlap/SyntheticOppositeOverlap_test_01_spk2.wav,0.457143,0.457143,0.457143,mixed,synthetic_split_cer_argmin,deployable,resources/audio_depth_maps/deployable/SyntheticOppositeOverlap_test_01.npy
SyntheticOppositeOverlap_test_02,test,SyntheticOppositeOverlap,resources/synthetic_overlap_v2/audio/SyntheticOppositeOverlap/SyntheticOppositeOverlap_test_02_mixed.wav,resources/synthetic_overlap_v2/audio/SyntheticOppositeOverlap/SyntheticOppositeOverlap_test_02_spk1.wav,resources/synthetic_overlap_v2/audio/SyntheticOppositeOverlap/SyntheticOppositeOverlap_test_02_spk2.wav,0.56,0.76,0.76,mixed,synthetic_split_cer_argmin,deployable,resources/audio_depth_maps/deployable/SyntheticOppositeOverlap_test_02.npy
SyntheticOppositeOverlap_test_03,test,SyntheticOppositeOverlap,resources/synthetic_overlap_v2/audio/SyntheticOppositeOverlap/SyntheticOppositeOverlap_test_03_mixed.wav,resources/synthetic_overlap_v2/audio/SyntheticOppositeOverlap/SyntheticOppositeOverlap_test_03_spk1.wav,resources/synthetic_overlap_v2/audio/SyntheticOppositeOverlap/SyntheticOppositeOverlap_test_03_spk2.wav,0.5,0.066667,0.066667,separated,synthetic_split_cer_argmin,deployable,resources/audio_depth_maps/deployable/SyntheticOppositeOverlap_test_03.npy
SyntheticOppositeOverlap_test_04,test,SyntheticOppositeOverlap,resources/synthetic_overlap_v2/audio/SyntheticOppositeOverlap/SyntheticOppositeOverlap_test_04_mixed.wav,resources/synthetic_overlap_v2/audio/SyntheticOppositeOverlap/SyntheticOppositeOverlap_test_04_spk1.wav,resources/synthetic_overlap_v2/audio/SyntheticOppositeOverlap/SyntheticOppositeOverlap_test_04_spk2.wav,0.947368,0.052632,0.052632,separated,synthetic_split_cer_argmin,deployable,resources/audio_depth_maps/deployable/SyntheticOppositeOverlap_test_04.npy
SyntheticOppositeOverlap_test_05,test,SyntheticOppositeOverlap,resources/synthetic_overlap_v2/audio/SyntheticOppositeOverlap/SyntheticOppositeOverlap_test_05_mixed.wav,resources/synthetic_overlap_v2/audio/SyntheticOppositeOverlap/SyntheticOppositeOverlap_test_05_spk1.wav,resources/synthetic_overlap_v2/audio/SyntheticOppositeOverlap/SyntheticOppositeOverlap_test_05_spk2.wav,0.7,0.0,0.0,separated,synthetic_split_cer_argmin,deployable,resources/audio_depth_maps/deployable/SyntheticOppositeOverlap_test_05.npy
SyntheticOppositeOverlap_test_06,test,SyntheticOppositeOverlap,resources/synthetic_overlap_v2/audio/SyntheticOppositeOverlap/SyntheticOppositeOverlap_test_06_mixed.wav,resources/synthetic_overlap_v2/audio/SyntheticOppositeOverlap/SyntheticOppositeOverlap_test_06_spk1.wav,resources/synthetic_overlap_v2/audio/SyntheticOppositeOverlap/SyntheticOppositeOverlap_test_06_spk2.wav,0.461538,0.038462,0.038462,separated,synthetic_split_cer_argmin,deployable,resources/audio_depth_maps/deployable/SyntheticOppositeOverlap_test_06.npy
SyntheticOppositeOverlap_test_07,test,SyntheticOppositeOverlap,resources/synthetic_overlap_v2/audio/SyntheticOppositeOverlap/SyntheticOppositeOverlap_test_07_mixed.wav,resources/synthetic_overlap_v2/audio/SyntheticOppositeOverlap/SyntheticOppositeOverlap_test_07_spk1.wav,resources/synthetic_overlap_v2/audio/SyntheticOppositeOverlap/SyntheticOppositeOverlap_test_07_spk2.wav,0.791667,0.291667,0.291667,separated,synthetic_split_cer_argmin,deployable,resources/audio_depth_maps/deployable/SyntheticOppositeOverlap_test_07.npy
SyntheticOppositeOverlap_test_08,test,SyntheticOppositeOverlap,resources/synthetic_overlap_v2/audio/SyntheticOppositeOverlap/SyntheticOppositeOverlap_test_08_mixed.wav,resources/synthetic_overlap_v2/audio/SyntheticOppositeOverlap/SyntheticOppositeOverlap_test_08_spk1.wav,resources/synthetic_overlap_v2/audio/SyntheticOppositeOverlap/SyntheticOppositeOverlap_test_08_spk2.wav,0.777778,0.0,0.0,separated,synthetic_split_cer_argmin,deployable,resources/audio_depth_maps/deployable/SyntheticOppositeOverlap_test_08.npy
SyntheticOppositeOverlap_test_09,test,SyntheticOppositeOverlap,resources/synthetic_overlap_v2/audio/SyntheticOppositeOverlap/SyntheticOppositeOverlap_test_09_mixed.wav,resources/synthetic_overlap_v2/audio/SyntheticOppositeOverlap/SyntheticOppositeOverlap_test_09_spk1.wav,resources/synthetic_overlap_v2/audio/SyntheticOppositeOverlap/SyntheticOppositeOverlap_test_09_spk2.wav,0.590909,0.090909,0.090909,separated,synthetic_split_cer_argmin,deployable,resources/audio_depth_maps/deployable/SyntheticOppositeOverlap_test_09.npy
SyntheticOppositeOverlap_test_10,test,SyntheticOppositeOverlap,resources/synthetic_overlap_v2/audio/SyntheticOppositeOverlap/SyntheticOppositeOverlap_test_10_mixed.wav,resources/synthetic_overlap_v2/audio/SyntheticOppositeOverlap/SyntheticOppositeOverlap_test_10_spk1.wav,resources/synthetic_overlap_v2/audio/SyntheticOppositeOverlap/SyntheticOppositeOverlap_test_10_spk2.wav,0.3,0.0,0.0,separated,synthetic_split_cer_argmin,deployable,resources/audio_depth_maps/deployable/SyntheticOppositeOverlap_test_10.npy
