sample_id,split,candidate_id,mixed_path,spk1_path,spk2_path,reference_path,reference_text,reference_spk1,reference_spk2,overlap_ratio,dominance_type,intended_family,expected_winner,route_stress_transform,reference_type,source_utterance_ids,sample_rate
controlled_route_sensitive_v2_0001,dev,controlled_route_sensitive_v2_candidate_0001,resources/controlled_route_sensitive_v2/audio/controlled_route_sensitive_v2_0001_mixed.wav,resources/controlled_route_sensitive_v2/audio/controlled_route_sensitive_v2_0001_spk1.wav,resources/controlled_route_sensitive_v2/audio/controlled_route_sensitive_v2_0001_spk2.wav,resources/controlled_route_sensitive_v2/references/controlled_route_sensitive_v2_0001.json,"[SPEAKER_1] 他让你在那个时间段里拥有了自己
[SPEAKER_2] 既然你是晚睡晚起",他让你在那个时间段里拥有了自己,既然你是晚睡晚起,0.0,balanced,mixed_win_anchor,mixed,separated_sources_noisy_smeared,silver_plus_unverified,con_001|pro_006,16000
controlled_route_sensitive_v2_0002,train,controlled_route_sensitive_v2_candidate_0002,resources/controlled_route_sensitive_v2/audio/controlled_route_sensitive_v2_0002_mixed.wav,resources/controlled_route_sensitive_v2/audio/controlled_route_sensitive_v2_0002_spk1.wav,resources/controlled_route_sensitive_v2/audio/controlled_route_sensitive_v2_0002_spk2.wav,resources/controlled_route_sensitive_v2/references/controlled_route_sensitive_v2_0002.json,"[SPEAKER_1] 哪怕自己是刷抖音的自己
[SPEAKER_2] 我的意思是2点睡10点起",哪怕自己是刷抖音的自己,我的意思是2点睡10点起,0.55,balanced,separated_win_anchor,separated,mixed_overlap_noisy_sources_clean,silver_plus_unverified,con_002|pro_011,16000
controlled_route_sensitive_v2_0003,train,controlled_route_sensitive_v2_candidate_0003,resources/controlled_route_sensitive_v2/audio/controlled_route_sensitive_v2_0003_mixed.wav,resources/controlled_route_sensitive_v2/audio/controlled_route_sensitive_v2_0003_spk1.wav,resources/controlled_route_sensitive_v2/audio/controlled_route_sensitive_v2_0003_spk2.wav,resources/controlled_route_sensitive_v2/references/controlled_route_sensitive_v2_0003.json,"[SPEAKER_1] 我往这里再稍微解释一下
[SPEAKER_2] 没问题没问题 先不着急",我往这里再稍微解释一下,没问题没问题 先不着急,0.25,balanced,cleaned_win_anchor,cleaned,separated_sources_repeat_tail_cleaned_can_suppress,silver_plus_unverified,con_003|pro_002,16000
controlled_route_sensitive_v2_0004,dev,controlled_route_sensitive_v2_candidate_0004,resources/controlled_route_sensitive_v2/audio/controlled_route_sensitive_v2_0004_mixed.wav,resources/controlled_route_sensitive_v2/audio/controlled_route_sensitive_v2_0004_spk1.wav,resources/controlled_route_sensitive_v2/audio/controlled_route_sensitive_v2_0004_spk2.wav,resources/controlled_route_sensitive_v2/references/controlled_route_sensitive_v2_0004.json,"[SPEAKER_1] 其实不落分也是一种
[SPEAKER_2] 上班的時間必定也晚",其实不落分也是一种,上班的時間必定也晚,0.3,balanced,review_needed_anchor,review_needed,all_routes_stressed_review_needed,silver_plus_unverified,con_004|pro_007,16000
controlled_route_sensitive_v2_0005,train,controlled_route_sensitive_v2_candidate_0005,resources/controlled_route_sensitive_v2/audio/controlled_route_sensitive_v2_0005_mixed.wav,resources/controlled_route_sensitive_v2/audio/controlled_route_sensitive_v2_0005_spk1.wav,resources/controlled_route_sensitive_v2/audio/controlled_route_sensitive_v2_0005_spk2.wav,resources/controlled_route_sensitive_v2/references/controlled_route_sensitive_v2_0005.json,"[SPEAKER_1] 刚觉得晚睡晚起少夜
[SPEAKER_2] 跟8点睡6点起午",刚觉得晚睡晚起少夜,跟8点睡6点起午,0.05,balanced,mixed_win_anchor,mixed,separated_sources_noisy_smeared,silver_plus_unverified,con_005|pro_012,16000
controlled_route_sensitive_v2_0006,train,controlled_route_sensitive_v2_candidate_0006,resources/controlled_route_sensitive_v2/audio/controlled_route_sensitive_v2_0006_mixed.wav,resources/controlled_route_sensitive_v2/audio/controlled_route_sensitive_v2_0006_spk1.wav,resources/controlled_route_sensitive_v2/audio/controlled_route_sensitive_v2_0006_spk2.wav,resources/controlled_route_sensitive_v2/references/controlled_route_sensitive_v2_0006.json,"[SPEAKER_1] 晚睡早起也算好夜了
[SPEAKER_2] 因為有一個前提性的問題沒有討論",晚睡早起也算好夜了,因為有一個前提性的問題沒有討論,0.65,balanced,separated_win_anchor,separated,mixed_overlap_noisy_sources_clean,silver_plus_unverified,con_006|pro_003,16000
controlled_route_sensitive_v2_0007,train,controlled_route_sensitive_v2_candidate_0007,resources/controlled_route_sensitive_v2/audio/controlled_route_sensitive_v2_0007_mixed.wav,resources/controlled_route_sensitive_v2/audio/controlled_route_sensitive_v2_0007_spk1.wav,resources/controlled_route_sensitive_v2/audio/controlled_route_sensitive_v2_0007_spk2.wav,resources/controlled_route_sensitive_v2/references/controlled_route_sensitive_v2_0007.json,"[SPEAKER_1] 因为你可以早睡早起
[SPEAKER_2] 你下班的時間必定也晚",因为你可以早睡早起,你下班的時間必定也晚,0.35,balanced,cleaned_win_anchor,cleaned,separated_sources_repeat_tail_cleaned_can_suppress,silver_plus_unverified,con_007|pro_008,16000
controlled_route_sensitive_v2_0008,dev,controlled_route_sensitive_v2_candidate_0008,resources/controlled_route_sensitive_v2/audio/controlled_route_sensitive_v2_0008_mixed.wav,resources/controlled_route_sensitive_v2/audio/controlled_route_sensitive_v2_0008_spk1.wav,resources/controlled_route_sensitive_v2/audio/controlled_route_sensitive_v2_0008_spk2.wav,resources/controlled_route_sensitive_v2/references/controlled_route_sensitive_v2_0008.json,"[SPEAKER_1] 因为你可以为了身体建立方式
[SPEAKER_2] 我的个人可以支配的",因为你可以为了身体建立方式,我的个人可以支配的,0.5,speaker_A_dominant,review_needed_anchor,review_needed,all_routes_stressed_review_needed,silver_plus_unverified,con_008|pro_013,16000
controlled_route_sensitive_v2_0009,train,controlled_route_sensitive_v2_candidate_0009,resources/controlled_route_sensitive_v2/audio/controlled_route_sensitive_v2_0009_mixed.wav,resources/controlled_route_sensitive_v2/audio/controlled_route_sensitive_v2_0009_spk1.wav,resources/controlled_route_sensitive_v2/audio/controlled_route_sensitive_v2_0009_spk2.wav,resources/controlled_route_sensitive_v2/references/controlled_route_sensitive_v2_0009.json,"[SPEAKER_1] 總睡晚睡
[SPEAKER_2] 只在讲的熬夜所谓的熬夜就是晚睡晚起是吧",總睡晚睡,只在讲的熬夜所谓的熬夜就是晚睡晚起是吧,0.1,speaker_A_dominant,mixed_win_anchor,mixed,separated_sources_noisy_smeared,silver_plus_unverified,con_009|pro_004,16000
controlled_route_sensitive_v2_0010,dev,controlled_route_sensitive_v2_candidate_0010,resources/controlled_route_sensitive_v2/audio/controlled_route_sensitive_v2_0010_mixed.wav,resources/controlled_route_sensitive_v2/audio/controlled_route_sensitive_v2_0010_spk1.wav,resources/controlled_route_sensitive_v2/audio/controlled_route_sensitive_v2_0010_spk2.wav,resources/controlled_route_sensitive_v2/references/controlled_route_sensitive_v2_0010.json,"[SPEAKER_1] 哦不太一致我可以給你擠我
[SPEAKER_2] 那你个人的生活空间必定也就这么点",哦不太一致我可以給你擠我,那你个人的生活空间必定也就这么点,0.75,speaker_A_dominant,separated_win_anchor,separated,mixed_overlap_noisy_sources_clean,silver_plus_unverified,con_010|pro_009,16000
controlled_route_sensitive_v2_0011,train,controlled_route_sensitive_v2_candidate_0011,resources/controlled_route_sensitive_v2/audio/controlled_route_sensitive_v2_0011_mixed.wav,resources/controlled_route_sensitive_v2/audio/controlled_route_sensitive_v2_0011_spk1.wav,resources/controlled_route_sensitive_v2/audio/controlled_route_sensitive_v2_0011_spk2.wav,resources/controlled_route_sensitive_v2/references/controlled_route_sensitive_v2_0011.json,"[SPEAKER_1] 你没有多两个小时但是你自己的是不是多两个我可以给你解释
[SPEAKER_2] 日常時間是一致的沒錯吧",你没有多两个小时但是你自己的是不是多两个我可以给你解释,日常時間是一致的沒錯吧,0.45,speaker_A_dominant,cleaned_win_anchor,cleaned,separated_sources_repeat_tail_cleaned_can_suppress,silver_plus_unverified,con_011|pro_014,16000
controlled_route_sensitive_v2_0012,train,controlled_route_sensitive_v2_candidate_0012,resources/controlled_route_sensitive_v2/audio/controlled_route_sensitive_v2_0012_mixed.wav,resources/controlled_route_sensitive_v2/audio/controlled_route_sensitive_v2_0012_spk1.wav,resources/controlled_route_sensitive_v2/audio/controlled_route_sensitive_v2_0012_spk2.wav,resources/controlled_route_sensitive_v2/references/controlled_route_sensitive_v2_0012.json,"[SPEAKER_1] 他让你在那个时间段里拥有了自己
[SPEAKER_2] 好我先聊完 都帅玩起",他让你在那个时间段里拥有了自己,好我先聊完 都帅玩起,0.7,speaker_A_dominant,review_needed_anchor,review_needed,all_routes_stressed_review_needed,silver_plus_unverified,con_001|pro_005,16000
controlled_route_sensitive_v2_0013,train,controlled_route_sensitive_v2_candidate_0013,resources/controlled_route_sensitive_v2/audio/controlled_route_sensitive_v2_0013_mixed.wav,resources/controlled_route_sensitive_v2/audio/controlled_route_sensitive_v2_0013_spk1.wav,resources/controlled_route_sensitive_v2/audio/controlled_route_sensitive_v2_0013_spk2.wav,resources/controlled_route_sensitive_v2/references/controlled_route_sensitive_v2_0013.json,"[SPEAKER_1] 哪怕自己是刷抖音的自己
[SPEAKER_2] 你是怎么多出额外的时间来过自己的生活的",哪怕自己是刷抖音的自己,你是怎么多出额外的时间来过自己的生活的,0.15,speaker_A_dominant,mixed_win_anchor,mixed,separated_sources_noisy_smeared,silver_plus_unverified,con_002|pro_010,16000
controlled_route_sensitive_v2_0014,test,controlled_route_sensitive_v2_candidate_0014,resources/controlled_route_sensitive_v2/audio/controlled_route_sensitive_v2_0014_mixed.wav,resources/controlled_route_sensitive_v2/audio/controlled_route_sensitive_v2_0014_spk1.wav,resources/controlled_route_sensitive_v2/audio/controlled_route_sensitive_v2_0014_spk2.wav,resources/controlled_route_sensitive_v2/references/controlled_route_sensitive_v2_0014.json,"[SPEAKER_1] 我往这里再稍微解释一下
[SPEAKER_2] 我多了两个小时",我往这里再稍微解释一下,我多了两个小时,0.85,speaker_A_dominant,separated_win_anchor,separated,mixed_overlap_noisy_sources_clean,silver_plus_unverified,con_003|pro_015,16000
controlled_route_sensitive_v2_0015,train,controlled_route_sensitive_v2_candidate_0015,resources/controlled_route_sensitive_v2/audio/controlled_route_sensitive_v2_0015_mixed.wav,resources/controlled_route_sensitive_v2/audio/controlled_route_sensitive_v2_0015_spk1.wav,resources/controlled_route_sensitive_v2/audio/controlled_route_sensitive_v2_0015_spk2.wav,resources/controlled_route_sensitive_v2/references/controlled_route_sensitive_v2_0015.json,"[SPEAKER_1] 其实不落分也是一种
[SPEAKER_2] 既然你是晚睡晚起",其实不落分也是一种,既然你是晚睡晚起,0.55,speaker_B_dominant,cleaned_win_anchor,cleaned,separated_sources_repeat_tail_cleaned_can_suppress,silver_plus_unverified,con_004|pro_006,16000
controlled_route_sensitive_v2_0016,test,controlled_route_sensitive_v2_candidate_0016,resources/controlled_route_sensitive_v2/audio/controlled_route_sensitive_v2_0016_mixed.wav,resources/controlled_route_sensitive_v2/audio/controlled_route_sensitive_v2_0016_spk1.wav,resources/controlled_route_sensitive_v2/audio/controlled_route_sensitive_v2_0016_spk2.wav,resources/controlled_route_sensitive_v2/references/controlled_route_sensitive_v2_0016.json,"[SPEAKER_1] 刚觉得晚睡晚起少夜
[SPEAKER_2] 我的意思是2点睡10点起",刚觉得晚睡晚起少夜,我的意思是2点睡10点起,0.9,speaker_B_dominant,review_needed_anchor,review_needed,all_routes_stressed_review_needed,silver_plus_unverified,con_005|pro_011,16000
controlled_route_sensitive_v2_0017,train,controlled_route_sensitive_v2_candidate_0017,resources/controlled_route_sensitive_v2/audio/controlled_route_sensitive_v2_0017_mixed.wav,resources/controlled_route_sensitive_v2/audio/controlled_route_sensitive_v2_0017_spk1.wav,resources/controlled_route_sensitive_v2/audio/controlled_route_sensitive_v2_0017_spk2.wav,resources/controlled_route_sensitive_v2/references/controlled_route_sensitive_v2_0017.json,"[SPEAKER_1] 晚睡早起也算好夜了
[SPEAKER_2] 你方式要,那它是怎么缓解我们的空虚的",晚睡早起也算好夜了,"你方式要,那它是怎么缓解我们的空虚的",0.0,speaker_B_dominant,mixed_win_anchor,mixed,separated_sources_noisy_smeared,silver_plus_unverified,con_006|pro_001,16000
controlled_route_sensitive_v2_0018,train,controlled_route_sensitive_v2_candidate_0018,resources/controlled_route_sensitive_v2/audio/controlled_route_sensitive_v2_0018_mixed.wav,resources/controlled_route_sensitive_v2/audio/controlled_route_sensitive_v2_0018_spk1.wav,resources/controlled_route_sensitive_v2/audio/controlled_route_sensitive_v2_0018_spk2.wav,resources/controlled_route_sensitive_v2/references/controlled_route_sensitive_v2_0018.json,"[SPEAKER_1] 因为你可以早睡早起
[SPEAKER_2] 上班的時間必定也晚",因为你可以早睡早起,上班的時間必定也晚,0.55,speaker_B_dominant,separated_win_anchor,separated,mixed_overlap_noisy_sources_clean,silver_plus_unverified,con_007|pro_007,16000
controlled_route_sensitive_v2_0019,dev,controlled_route_sensitive_v2_candidate_0019,resources/controlled_route_sensitive_v2/audio/controlled_route_sensitive_v2_0019_mixed.wav,resources/controlled_route_sensitive_v2/audio/controlled_route_sensitive_v2_0019_spk1.wav,resources/controlled_route_sensitive_v2/audio/controlled_route_sensitive_v2_0019_spk2.wav,resources/controlled_route_sensitive_v2/references/controlled_route_sensitive_v2_0019.json,"[SPEAKER_1] 因为你可以为了身体建立方式
[SPEAKER_2] 跟8点睡6点起午",因为你可以为了身体建立方式,跟8点睡6点起午,0.25,speaker_B_dominant,cleaned_win_anchor,cleaned,separated_sources_repeat_tail_cleaned_can_suppress,silver_plus_unverified,con_008|pro_012,16000
controlled_route_sensitive_v2_0020,train,controlled_route_sensitive_v2_candidate_0020,resources/controlled_route_sensitive_v2/audio/controlled_route_sensitive_v2_0020_mixed.wav,resources/controlled_route_sensitive_v2/audio/controlled_route_sensitive_v2_0020_spk1.wav,resources/controlled_route_sensitive_v2/audio/controlled_route_sensitive_v2_0020_spk2.wav,resources/controlled_route_sensitive_v2/references/controlled_route_sensitive_v2_0020.json,"[SPEAKER_1] 總睡晚睡
[SPEAKER_2] 没问题没问题 先不着急",總睡晚睡,没问题没问题 先不着急,0.3,speaker_B_dominant,review_needed_anchor,review_needed,all_routes_stressed_review_needed,silver_plus_unverified,con_009|pro_002,16000
controlled_route_sensitive_v2_0021,train,controlled_route_sensitive_v2_candidate_0021,resources/controlled_route_sensitive_v2/audio/controlled_route_sensitive_v2_0021_mixed.wav,resources/controlled_route_sensitive_v2/audio/controlled_route_sensitive_v2_0021_spk1.wav,resources/controlled_route_sensitive_v2/audio/controlled_route_sensitive_v2_0021_spk2.wav,resources/controlled_route_sensitive_v2/references/controlled_route_sensitive_v2_0021.json,"[SPEAKER_1] 哦不太一致我可以給你擠我
[SPEAKER_2] 你下班的時間必定也晚",哦不太一致我可以給你擠我,你下班的時間必定也晚,0.05,speaker_B_dominant,mixed_win_anchor,mixed,separated_sources_noisy_smeared,silver_plus_unverified,con_010|pro_008,16000
controlled_route_sensitive_v2_0022,test,controlled_route_sensitive_v2_candidate_0022,resources/controlled_route_sensitive_v2/audio/controlled_route_sensitive_v2_0022_mixed.wav,resources/controlled_route_sensitive_v2/audio/controlled_route_sensitive_v2_0022_spk1.wav,resources/controlled_route_sensitive_v2/audio/controlled_route_sensitive_v2_0022_spk2.wav,resources/controlled_route_sensitive_v2/references/controlled_route_sensitive_v2_0022.json,"[SPEAKER_1] 你没有多两个小时但是你自己的是不是多两个我可以给你解释
[SPEAKER_2] 我的个人可以支配的",你没有多两个小时但是你自己的是不是多两个我可以给你解释,我的个人可以支配的,0.65,balanced,separated_win_anchor,separated,mixed_overlap_noisy_sources_clean,silver_plus_unverified,con_011|pro_013,16000
controlled_route_sensitive_v2_0023,train,controlled_route_sensitive_v2_candidate_0023,resources/controlled_route_sensitive_v2/audio/controlled_route_sensitive_v2_0023_mixed.wav,resources/controlled_route_sensitive_v2/audio/controlled_route_sensitive_v2_0023_spk1.wav,resources/controlled_route_sensitive_v2/audio/controlled_route_sensitive_v2_0023_spk2.wav,resources/controlled_route_sensitive_v2/references/controlled_route_sensitive_v2_0023.json,"[SPEAKER_1] 他让你在那个时间段里拥有了自己
[SPEAKER_2] 因為有一個前提性的問題沒有討論",他让你在那个时间段里拥有了自己,因為有一個前提性的問題沒有討論,0.35,balanced,cleaned_win_anchor,cleaned,separated_sources_repeat_tail_cleaned_can_suppress,silver_plus_unverified,con_001|pro_003,16000
controlled_route_sensitive_v2_0024,train,controlled_route_sensitive_v2_candidate_0024,resources/controlled_route_sensitive_v2/audio/controlled_route_sensitive_v2_0024_mixed.wav,resources/controlled_route_sensitive_v2/audio/controlled_route_sensitive_v2_0024_spk1.wav,resources/controlled_route_sensitive_v2/audio/controlled_route_sensitive_v2_0024_spk2.wav,resources/controlled_route_sensitive_v2/references/controlled_route_sensitive_v2_0024.json,"[SPEAKER_1] 哪怕自己是刷抖音的自己
[SPEAKER_2] 那你个人的生活空间必定也就这么点",哪怕自己是刷抖音的自己,那你个人的生活空间必定也就这么点,0.5,balanced,review_needed_anchor,review_needed,all_routes_stressed_review_needed,silver_plus_unverified,con_002|pro_009,16000
controlled_route_sensitive_v2_0025,dev,controlled_route_sensitive_v2_candidate_0025,resources/controlled_route_sensitive_v2/audio/controlled_route_sensitive_v2_0025_mixed.wav,resources/controlled_route_sensitive_v2/audio/controlled_route_sensitive_v2_0025_spk1.wav,resources/controlled_route_sensitive_v2/audio/controlled_route_sensitive_v2_0025_spk2.wav,resources/controlled_route_sensitive_v2/references/controlled_route_sensitive_v2_0025.json,"[SPEAKER_1] 我往这里再稍微解释一下
[SPEAKER_2] 日常時間是一致的沒錯吧",我往这里再稍微解释一下,日常時間是一致的沒錯吧,0.1,balanced,mixed_win_anchor,mixed,separated_sources_noisy_smeared,silver_plus_unverified,con_003|pro_014,16000
controlled_route_sensitive_v2_0026,train,controlled_route_sensitive_v2_candidate_0026,resources/controlled_route_sensitive_v2/audio/controlled_route_sensitive_v2_0026_mixed.wav,resources/controlled_route_sensitive_v2/audio/controlled_route_sensitive_v2_0026_spk1.wav,resources/controlled_route_sensitive_v2/audio/controlled_route_sensitive_v2_0026_spk2.wav,resources/controlled_route_sensitive_v2/references/controlled_route_sensitive_v2_0026.json,"[SPEAKER_1] 其实不落分也是一种
[SPEAKER_2] 只在讲的熬夜所谓的熬夜就是晚睡晚起是吧",其实不落分也是一种,只在讲的熬夜所谓的熬夜就是晚睡晚起是吧,0.75,balanced,separated_win_anchor,separated,mixed_overlap_noisy_sources_clean,silver_plus_unverified,con_004|pro_004,16000
controlled_route_sensitive_v2_0027,train,controlled_route_sensitive_v2_candidate_0027,resources/controlled_route_sensitive_v2/audio/controlled_route_sensitive_v2_0027_mixed.wav,resources/controlled_route_sensitive_v2/audio/controlled_route_sensitive_v2_0027_spk1.wav,resources/controlled_route_sensitive_v2/audio/controlled_route_sensitive_v2_0027_spk2.wav,resources/controlled_route_sensitive_v2/references/controlled_route_sensitive_v2_0027.json,"[SPEAKER_1] 刚觉得晚睡晚起少夜
[SPEAKER_2] 你是怎么多出额外的时间来过自己的生活的",刚觉得晚睡晚起少夜,你是怎么多出额外的时间来过自己的生活的,0.45,balanced,cleaned_win_anchor,cleaned,separated_sources_repeat_tail_cleaned_can_suppress,silver_plus_unverified,con_005|pro_010,16000
controlled_route_sensitive_v2_0028,train,controlled_route_sensitive_v2_candidate_0028,resources/controlled_route_sensitive_v2/audio/controlled_route_sensitive_v2_0028_mixed.wav,resources/controlled_route_sensitive_v2/audio/controlled_route_sensitive_v2_0028_spk1.wav,resources/controlled_route_sensitive_v2/audio/controlled_route_sensitive_v2_0028_spk2.wav,resources/controlled_route_sensitive_v2/references/controlled_route_sensitive_v2_0028.json,"[SPEAKER_1] 晚睡早起也算好夜了
[SPEAKER_2] 我多了两个小时",晚睡早起也算好夜了,我多了两个小时,0.7,balanced,review_needed_anchor,review_needed,all_routes_stressed_review_needed,silver_plus_unverified,con_006|pro_015,16000
controlled_route_sensitive_v2_0029,test,controlled_route_sensitive_v2_candidate_0029,resources/controlled_route_sensitive_v2/audio/controlled_route_sensitive_v2_0029_mixed.wav,resources/controlled_route_sensitive_v2/audio/controlled_route_sensitive_v2_0029_spk1.wav,resources/controlled_route_sensitive_v2/audio/controlled_route_sensitive_v2_0029_spk2.wav,resources/controlled_route_sensitive_v2/references/controlled_route_sensitive_v2_0029.json,"[SPEAKER_1] 因为你可以早睡早起
[SPEAKER_2] 好我先聊完 都帅玩起",因为你可以早睡早起,好我先聊完 都帅玩起,0.15,speaker_A_dominant,mixed_win_anchor,mixed,separated_sources_noisy_smeared,silver_plus_unverified,con_007|pro_005,16000
controlled_route_sensitive_v2_0030,train,controlled_route_sensitive_v2_candidate_0030,resources/controlled_route_sensitive_v2/audio/controlled_route_sensitive_v2_0030_mixed.wav,resources/controlled_route_sensitive_v2/audio/controlled_route_sensitive_v2_0030_spk1.wav,resources/controlled_route_sensitive_v2/audio/controlled_route_sensitive_v2_0030_spk2.wav,resources/controlled_route_sensitive_v2/references/controlled_route_sensitive_v2_0030.json,"[SPEAKER_1] 因为你可以为了身体建立方式
[SPEAKER_2] 我的意思是2点睡10点起",因为你可以为了身体建立方式,我的意思是2点睡10点起,0.85,speaker_A_dominant,separated_win_anchor,separated,mixed_overlap_noisy_sources_clean,silver_plus_unverified,con_008|pro_011,16000
controlled_route_sensitive_v2_0031,test,controlled_route_sensitive_v2_candidate_0031,resources/controlled_route_sensitive_v2/audio/controlled_route_sensitive_v2_0031_mixed.wav,resources/controlled_route_sensitive_v2/audio/controlled_route_sensitive_v2_0031_spk1.wav,resources/controlled_route_sensitive_v2/audio/controlled_route_sensitive_v2_0031_spk2.wav,resources/controlled_route_sensitive_v2/references/controlled_route_sensitive_v2_0031.json,"[SPEAKER_1] 總睡晚睡
[SPEAKER_2] 你方式要,那它是怎么缓解我们的空虚的",總睡晚睡,"你方式要,那它是怎么缓解我们的空虚的",0.55,speaker_A_dominant,cleaned_win_anchor,cleaned,separated_sources_repeat_tail_cleaned_can_suppress,silver_plus_unverified,con_009|pro_001,16000
controlled_route_sensitive_v2_0032,test,controlled_route_sensitive_v2_candidate_0032,resources/controlled_route_sensitive_v2/audio/controlled_route_sensitive_v2_0032_mixed.wav,resources/controlled_route_sensitive_v2/audio/controlled_route_sensitive_v2_0032_spk1.wav,resources/controlled_route_sensitive_v2/audio/controlled_route_sensitive_v2_0032_spk2.wav,resources/controlled_route_sensitive_v2/references/controlled_route_sensitive_v2_0032.json,"[SPEAKER_1] 哦不太一致我可以給你擠我
[SPEAKER_2] 既然你是晚睡晚起",哦不太一致我可以給你擠我,既然你是晚睡晚起,0.9,speaker_A_dominant,review_needed_anchor,review_needed,all_routes_stressed_review_needed,silver_plus_unverified,con_010|pro_006,16000
controlled_route_sensitive_v2_0033,train,controlled_route_sensitive_v2_candidate_0033,resources/controlled_route_sensitive_v2/audio/controlled_route_sensitive_v2_0033_mixed.wav,resources/controlled_route_sensitive_v2/audio/controlled_route_sensitive_v2_0033_spk1.wav,resources/controlled_route_sensitive_v2/audio/controlled_route_sensitive_v2_0033_spk2.wav,resources/controlled_route_sensitive_v2/references/controlled_route_sensitive_v2_0033.json,"[SPEAKER_1] 你没有多两个小时但是你自己的是不是多两个我可以给你解释
[SPEAKER_2] 跟8点睡6点起午",你没有多两个小时但是你自己的是不是多两个我可以给你解释,跟8点睡6点起午,0.0,speaker_A_dominant,mixed_win_anchor,mixed,separated_sources_noisy_smeared,silver_plus_unverified,con_011|pro_012,16000
controlled_route_sensitive_v2_0034,test,controlled_route_sensitive_v2_candidate_0034,resources/controlled_route_sensitive_v2/audio/controlled_route_sensitive_v2_0034_mixed.wav,resources/controlled_route_sensitive_v2/audio/controlled_route_sensitive_v2_0034_spk1.wav,resources/controlled_route_sensitive_v2/audio/controlled_route_sensitive_v2_0034_spk2.wav,resources/controlled_route_sensitive_v2/references/controlled_route_sensitive_v2_0034.json,"[SPEAKER_1] 他让你在那个时间段里拥有了自己
[SPEAKER_2] 没问题没问题 先不着急",他让你在那个时间段里拥有了自己,没问题没问题 先不着急,0.55,speaker_A_dominant,separated_win_anchor,separated,mixed_overlap_noisy_sources_clean,silver_plus_unverified,con_001|pro_002,16000
controlled_route_sensitive_v2_0035,train,controlled_route_sensitive_v2_candidate_0035,resources/controlled_route_sensitive_v2/audio/controlled_route_sensitive_v2_0035_mixed.wav,resources/controlled_route_sensitive_v2/audio/controlled_route_sensitive_v2_0035_spk1.wav,resources/controlled_route_sensitive_v2/audio/controlled_route_sensitive_v2_0035_spk2.wav,resources/controlled_route_sensitive_v2/references/controlled_route_sensitive_v2_0035.json,"[SPEAKER_1] 哪怕自己是刷抖音的自己
[SPEAKER_2] 上班的時間必定也晚",哪怕自己是刷抖音的自己,上班的時間必定也晚,0.25,speaker_A_dominant,cleaned_win_anchor,cleaned,separated_sources_repeat_tail_cleaned_can_suppress,silver_plus_unverified,con_002|pro_007,16000
controlled_route_sensitive_v2_0036,dev,controlled_route_sensitive_v2_candidate_0036,resources/controlled_route_sensitive_v2/audio/controlled_route_sensitive_v2_0036_mixed.wav,resources/controlled_route_sensitive_v2/audio/controlled_route_sensitive_v2_0036_spk1.wav,resources/controlled_route_sensitive_v2/audio/controlled_route_sensitive_v2_0036_spk2.wav,resources/controlled_route_sensitive_v2/references/controlled_route_sensitive_v2_0036.json,"[SPEAKER_1] 我往这里再稍微解释一下
[SPEAKER_2] 我的个人可以支配的",我往这里再稍微解释一下,我的个人可以支配的,0.3,speaker_B_dominant,review_needed_anchor,review_needed,all_routes_stressed_review_needed,silver_plus_unverified,con_003|pro_013,16000
controlled_route_sensitive_v2_0037,test,controlled_route_sensitive_v2_candidate_0037,resources/controlled_route_sensitive_v2/audio/controlled_route_sensitive_v2_0037_mixed.wav,resources/controlled_route_sensitive_v2/audio/controlled_route_sensitive_v2_0037_spk1.wav,resources/controlled_route_sensitive_v2/audio/controlled_route_sensitive_v2_0037_spk2.wav,resources/controlled_route_sensitive_v2/references/controlled_route_sensitive_v2_0037.json,"[SPEAKER_1] 其实不落分也是一种
[SPEAKER_2] 因為有一個前提性的問題沒有討論",其实不落分也是一种,因為有一個前提性的問題沒有討論,0.05,speaker_B_dominant,mixed_win_anchor,mixed,separated_sources_noisy_smeared,silver_plus_unverified,con_004|pro_003,16000
controlled_route_sensitive_v2_0038,train,controlled_route_sensitive_v2_candidate_0038,resources/controlled_route_sensitive_v2/audio/controlled_route_sensitive_v2_0038_mixed.wav,resources/controlled_route_sensitive_v2/audio/controlled_route_sensitive_v2_0038_spk1.wav,resources/controlled_route_sensitive_v2/audio/controlled_route_sensitive_v2_0038_spk2.wav,resources/controlled_route_sensitive_v2/references/controlled_route_sensitive_v2_0038.json,"[SPEAKER_1] 刚觉得晚睡晚起少夜
[SPEAKER_2] 你下班的時間必定也晚",刚觉得晚睡晚起少夜,你下班的時間必定也晚,0.65,speaker_B_dominant,separated_win_anchor,separated,mixed_overlap_noisy_sources_clean,silver_plus_unverified,con_005|pro_008,16000
controlled_route_sensitive_v2_0039,dev,controlled_route_sensitive_v2_candidate_0039,resources/controlled_route_sensitive_v2/audio/controlled_route_sensitive_v2_0039_mixed.wav,resources/controlled_route_sensitive_v2/audio/controlled_route_sensitive_v2_0039_spk1.wav,resources/controlled_route_sensitive_v2/audio/controlled_route_sensitive_v2_0039_spk2.wav,resources/controlled_route_sensitive_v2/references/controlled_route_sensitive_v2_0039.json,"[SPEAKER_1] 晚睡早起也算好夜了
[SPEAKER_2] 日常時間是一致的沒錯吧",晚睡早起也算好夜了,日常時間是一致的沒錯吧,0.35,speaker_B_dominant,cleaned_win_anchor,cleaned,separated_sources_repeat_tail_cleaned_can_suppress,silver_plus_unverified,con_006|pro_014,16000
controlled_route_sensitive_v2_0040,train,controlled_route_sensitive_v2_candidate_0040,resources/controlled_route_sensitive_v2/audio/controlled_route_sensitive_v2_0040_mixed.wav,resources/controlled_route_sensitive_v2/audio/controlled_route_sensitive_v2_0040_spk1.wav,resources/controlled_route_sensitive_v2/audio/controlled_route_sensitive_v2_0040_spk2.wav,resources/controlled_route_sensitive_v2/references/controlled_route_sensitive_v2_0040.json,"[SPEAKER_1] 因为你可以早睡早起
[SPEAKER_2] 只在讲的熬夜所谓的熬夜就是晚睡晚起是吧",因为你可以早睡早起,只在讲的熬夜所谓的熬夜就是晚睡晚起是吧,0.5,speaker_B_dominant,review_needed_anchor,review_needed,all_routes_stressed_review_needed,silver_plus_unverified,con_007|pro_004,16000
controlled_route_sensitive_v2_0041,train,controlled_route_sensitive_v2_candidate_0041,resources/controlled_route_sensitive_v2/audio/controlled_route_sensitive_v2_0041_mixed.wav,resources/controlled_route_sensitive_v2/audio/controlled_route_sensitive_v2_0041_spk1.wav,resources/controlled_route_sensitive_v2/audio/controlled_route_sensitive_v2_0041_spk2.wav,resources/controlled_route_sensitive_v2/references/controlled_route_sensitive_v2_0041.json,"[SPEAKER_1] 因为你可以为了身体建立方式
[SPEAKER_2] 那你个人的生活空间必定也就这么点",因为你可以为了身体建立方式,那你个人的生活空间必定也就这么点,0.1,speaker_B_dominant,mixed_win_anchor,mixed,separated_sources_noisy_smeared,silver_plus_unverified,con_008|pro_009,16000
controlled_route_sensitive_v2_0042,train,controlled_route_sensitive_v2_candidate_0042,resources/controlled_route_sensitive_v2/audio/controlled_route_sensitive_v2_0042_mixed.wav,resources/controlled_route_sensitive_v2/audio/controlled_route_sensitive_v2_0042_spk1.wav,resources/controlled_route_sensitive_v2/audio/controlled_route_sensitive_v2_0042_spk2.wav,resources/controlled_route_sensitive_v2/references/controlled_route_sensitive_v2_0042.json,"[SPEAKER_1] 總睡晚睡
[SPEAKER_2] 我多了两个小时",總睡晚睡,我多了两个小时,0.75,speaker_B_dominant,separated_win_anchor,separated,mixed_overlap_noisy_sources_clean,silver_plus_unverified,con_009|pro_015,16000
controlled_route_sensitive_v2_0043,dev,controlled_route_sensitive_v2_candidate_0043,resources/controlled_route_sensitive_v2/audio/controlled_route_sensitive_v2_0043_mixed.wav,resources/controlled_route_sensitive_v2/audio/controlled_route_sensitive_v2_0043_spk1.wav,resources/controlled_route_sensitive_v2/audio/controlled_route_sensitive_v2_0043_spk2.wav,resources/controlled_route_sensitive_v2/references/controlled_route_sensitive_v2_0043.json,"[SPEAKER_1] 哦不太一致我可以給你擠我
[SPEAKER_2] 好我先聊完 都帅玩起",哦不太一致我可以給你擠我,好我先聊完 都帅玩起,0.45,balanced,cleaned_win_anchor,cleaned,separated_sources_repeat_tail_cleaned_can_suppress,silver_plus_unverified,con_010|pro_005,16000
controlled_route_sensitive_v2_0044,train,controlled_route_sensitive_v2_candidate_0044,resources/controlled_route_sensitive_v2/audio/controlled_route_sensitive_v2_0044_mixed.wav,resources/controlled_route_sensitive_v2/audio/controlled_route_sensitive_v2_0044_spk1.wav,resources/controlled_route_sensitive_v2/audio/controlled_route_sensitive_v2_0044_spk2.wav,resources/controlled_route_sensitive_v2/references/controlled_route_sensitive_v2_0044.json,"[SPEAKER_1] 你没有多两个小时但是你自己的是不是多两个我可以给你解释
[SPEAKER_2] 你是怎么多出额外的时间来过自己的生活的",你没有多两个小时但是你自己的是不是多两个我可以给你解释,你是怎么多出额外的时间来过自己的生活的,0.7,balanced,review_needed_anchor,review_needed,all_routes_stressed_review_needed,silver_plus_unverified,con_011|pro_010,16000
controlled_route_sensitive_v2_0045,train,controlled_route_sensitive_v2_candidate_0045,resources/controlled_route_sensitive_v2/audio/controlled_route_sensitive_v2_0045_mixed.wav,resources/controlled_route_sensitive_v2/audio/controlled_route_sensitive_v2_0045_spk1.wav,resources/controlled_route_sensitive_v2/audio/controlled_route_sensitive_v2_0045_spk2.wav,resources/controlled_route_sensitive_v2/references/controlled_route_sensitive_v2_0045.json,"[SPEAKER_1] 他让你在那个时间段里拥有了自己
[SPEAKER_2] 你方式要,那它是怎么缓解我们的空虚的",他让你在那个时间段里拥有了自己,"你方式要,那它是怎么缓解我们的空虚的",0.15,balanced,mixed_win_anchor,mixed,separated_sources_noisy_smeared,silver_plus_unverified,con_001|pro_001,16000
controlled_route_sensitive_v2_0046,dev,controlled_route_sensitive_v2_candidate_0046,resources/controlled_route_sensitive_v2/audio/controlled_route_sensitive_v2_0046_mixed.wav,resources/controlled_route_sensitive_v2/audio/controlled_route_sensitive_v2_0046_spk1.wav,resources/controlled_route_sensitive_v2/audio/controlled_route_sensitive_v2_0046_spk2.wav,resources/controlled_route_sensitive_v2/references/controlled_route_sensitive_v2_0046.json,"[SPEAKER_1] 哪怕自己是刷抖音的自己
[SPEAKER_2] 既然你是晚睡晚起",哪怕自己是刷抖音的自己,既然你是晚睡晚起,0.85,balanced,separated_win_anchor,separated,mixed_overlap_noisy_sources_clean,silver_plus_unverified,con_002|pro_006,16000
controlled_route_sensitive_v2_0047,train,controlled_route_sensitive_v2_candidate_0047,resources/controlled_route_sensitive_v2/audio/controlled_route_sensitive_v2_0047_mixed.wav,resources/controlled_route_sensitive_v2/audio/controlled_route_sensitive_v2_0047_spk1.wav,resources/controlled_route_sensitive_v2/audio/controlled_route_sensitive_v2_0047_spk2.wav,resources/controlled_route_sensitive_v2/references/controlled_route_sensitive_v2_0047.json,"[SPEAKER_1] 我往这里再稍微解释一下
[SPEAKER_2] 我的意思是2点睡10点起",我往这里再稍微解释一下,我的意思是2点睡10点起,0.55,balanced,cleaned_win_anchor,cleaned,separated_sources_repeat_tail_cleaned_can_suppress,silver_plus_unverified,con_003|pro_011,16000
controlled_route_sensitive_v2_0048,train,controlled_route_sensitive_v2_candidate_0048,resources/controlled_route_sensitive_v2/audio/controlled_route_sensitive_v2_0048_mixed.wav,resources/controlled_route_sensitive_v2/audio/controlled_route_sensitive_v2_0048_spk1.wav,resources/controlled_route_sensitive_v2/audio/controlled_route_sensitive_v2_0048_spk2.wav,resources/controlled_route_sensitive_v2/references/controlled_route_sensitive_v2_0048.json,"[SPEAKER_1] 其实不落分也是一种
[SPEAKER_2] 没问题没问题 先不着急",其实不落分也是一种,没问题没问题 先不着急,0.9,balanced,review_needed_anchor,review_needed,all_routes_stressed_review_needed,silver_plus_unverified,con_004|pro_002,16000
controlled_route_sensitive_v2_0049,train,controlled_route_sensitive_v2_candidate_0049,resources/controlled_route_sensitive_v2/audio/controlled_route_sensitive_v2_0049_mixed.wav,resources/controlled_route_sensitive_v2/audio/controlled_route_sensitive_v2_0049_spk1.wav,resources/controlled_route_sensitive_v2/audio/controlled_route_sensitive_v2_0049_spk2.wav,resources/controlled_route_sensitive_v2/references/controlled_route_sensitive_v2_0049.json,"[SPEAKER_1] 刚觉得晚睡晚起少夜
[SPEAKER_2] 上班的時間必定也晚",刚觉得晚睡晚起少夜,上班的時間必定也晚,0.0,balanced,mixed_win_anchor,mixed,separated_sources_noisy_smeared,silver_plus_unverified,con_005|pro_007,16000
controlled_route_sensitive_v2_0050,train,controlled_route_sensitive_v2_candidate_0050,resources/controlled_route_sensitive_v2/audio/controlled_route_sensitive_v2_0050_mixed.wav,resources/controlled_route_sensitive_v2/audio/controlled_route_sensitive_v2_0050_spk1.wav,resources/controlled_route_sensitive_v2/audio/controlled_route_sensitive_v2_0050_spk2.wav,resources/controlled_route_sensitive_v2/references/controlled_route_sensitive_v2_0050.json,"[SPEAKER_1] 晚睡早起也算好夜了
[SPEAKER_2] 跟8点睡6点起午",晚睡早起也算好夜了,跟8点睡6点起午,0.55,speaker_A_dominant,separated_win_anchor,separated,mixed_overlap_noisy_sources_clean,silver_plus_unverified,con_006|pro_012,16000
controlled_route_sensitive_v2_0051,dev,controlled_route_sensitive_v2_candidate_0051,resources/controlled_route_sensitive_v2/audio/controlled_route_sensitive_v2_0051_mixed.wav,resources/controlled_route_sensitive_v2/audio/controlled_route_sensitive_v2_0051_spk1.wav,resources/controlled_route_sensitive_v2/audio/controlled_route_sensitive_v2_0051_spk2.wav,resources/controlled_route_sensitive_v2/references/controlled_route_sensitive_v2_0051.json,"[SPEAKER_1] 因为你可以早睡早起
[SPEAKER_2] 因為有一個前提性的問題沒有討論",因为你可以早睡早起,因為有一個前提性的問題沒有討論,0.25,speaker_A_dominant,cleaned_win_anchor,cleaned,separated_sources_repeat_tail_cleaned_can_suppress,silver_plus_unverified,con_007|pro_003,16000
controlled_route_sensitive_v2_0052,dev,controlled_route_sensitive_v2_candidate_0052,resources/controlled_route_sensitive_v2/audio/controlled_route_sensitive_v2_0052_mixed.wav,resources/controlled_route_sensitive_v2/audio/controlled_route_sensitive_v2_0052_spk1.wav,resources/controlled_route_sensitive_v2/audio/controlled_route_sensitive_v2_0052_spk2.wav,resources/controlled_route_sensitive_v2/references/controlled_route_sensitive_v2_0052.json,"[SPEAKER_1] 因为你可以为了身体建立方式
[SPEAKER_2] 你下班的時間必定也晚",因为你可以为了身体建立方式,你下班的時間必定也晚,0.3,speaker_A_dominant,review_needed_anchor,review_needed,all_routes_stressed_review_needed,silver_plus_unverified,con_008|pro_008,16000
controlled_route_sensitive_v2_0053,train,controlled_route_sensitive_v2_candidate_0053,resources/controlled_route_sensitive_v2/audio/controlled_route_sensitive_v2_0053_mixed.wav,resources/controlled_route_sensitive_v2/audio/controlled_route_sensitive_v2_0053_spk1.wav,resources/controlled_route_sensitive_v2/audio/controlled_route_sensitive_v2_0053_spk2.wav,resources/controlled_route_sensitive_v2/references/controlled_route_sensitive_v2_0053.json,"[SPEAKER_1] 總睡晚睡
[SPEAKER_2] 我的个人可以支配的",總睡晚睡,我的个人可以支配的,0.05,speaker_A_dominant,mixed_win_anchor,mixed,separated_sources_noisy_smeared,silver_plus_unverified,con_009|pro_013,16000
controlled_route_sensitive_v2_0054,train,controlled_route_sensitive_v2_candidate_0054,resources/controlled_route_sensitive_v2/audio/controlled_route_sensitive_v2_0054_mixed.wav,resources/controlled_route_sensitive_v2/audio/controlled_route_sensitive_v2_0054_spk1.wav,resources/controlled_route_sensitive_v2/audio/controlled_route_sensitive_v2_0054_spk2.wav,resources/controlled_route_sensitive_v2/references/controlled_route_sensitive_v2_0054.json,"[SPEAKER_1] 哦不太一致我可以給你擠我
[SPEAKER_2] 只在讲的熬夜所谓的熬夜就是晚睡晚起是吧",哦不太一致我可以給你擠我,只在讲的熬夜所谓的熬夜就是晚睡晚起是吧,0.65,speaker_A_dominant,separated_win_anchor,separated,mixed_overlap_noisy_sources_clean,silver_plus_unverified,con_010|pro_004,16000
controlled_route_sensitive_v2_0055,train,controlled_route_sensitive_v2_candidate_0055,resources/controlled_route_sensitive_v2/audio/controlled_route_sensitive_v2_0055_mixed.wav,resources/controlled_route_sensitive_v2/audio/controlled_route_sensitive_v2_0055_spk1.wav,resources/controlled_route_sensitive_v2/audio/controlled_route_sensitive_v2_0055_spk2.wav,resources/controlled_route_sensitive_v2/references/controlled_route_sensitive_v2_0055.json,"[SPEAKER_1] 你没有多两个小时但是你自己的是不是多两个我可以给你解释
[SPEAKER_2] 那你个人的生活空间必定也就这么点",你没有多两个小时但是你自己的是不是多两个我可以给你解释,那你个人的生活空间必定也就这么点,0.35,speaker_A_dominant,cleaned_win_anchor,cleaned,separated_sources_repeat_tail_cleaned_can_suppress,silver_plus_unverified,con_011|pro_009,16000
controlled_route_sensitive_v2_0056,train,controlled_route_sensitive_v2_candidate_0056,resources/controlled_route_sensitive_v2/audio/controlled_route_sensitive_v2_0056_mixed.wav,resources/controlled_route_sensitive_v2/audio/controlled_route_sensitive_v2_0056_spk1.wav,resources/controlled_route_sensitive_v2/audio/controlled_route_sensitive_v2_0056_spk2.wav,resources/controlled_route_sensitive_v2/references/controlled_route_sensitive_v2_0056.json,"[SPEAKER_1] 他让你在那个时间段里拥有了自己
[SPEAKER_2] 日常時間是一致的沒錯吧",他让你在那个时间段里拥有了自己,日常時間是一致的沒錯吧,0.5,speaker_A_dominant,review_needed_anchor,review_needed,all_routes_stressed_review_needed,silver_plus_unverified,con_001|pro_014,16000
controlled_route_sensitive_v2_0057,train,controlled_route_sensitive_v2_candidate_0057,resources/controlled_route_sensitive_v2/audio/controlled_route_sensitive_v2_0057_mixed.wav,resources/controlled_route_sensitive_v2/audio/controlled_route_sensitive_v2_0057_spk1.wav,resources/controlled_route_sensitive_v2/audio/controlled_route_sensitive_v2_0057_spk2.wav,resources/controlled_route_sensitive_v2/references/controlled_route_sensitive_v2_0057.json,"[SPEAKER_1] 哪怕自己是刷抖音的自己
[SPEAKER_2] 好我先聊完 都帅玩起",哪怕自己是刷抖音的自己,好我先聊完 都帅玩起,0.1,speaker_B_dominant,mixed_win_anchor,mixed,separated_sources_noisy_smeared,silver_plus_unverified,con_002|pro_005,16000
controlled_route_sensitive_v2_0058,test,controlled_route_sensitive_v2_candidate_0058,resources/controlled_route_sensitive_v2/audio/controlled_route_sensitive_v2_0058_mixed.wav,resources/controlled_route_sensitive_v2/audio/controlled_route_sensitive_v2_0058_spk1.wav,resources/controlled_route_sensitive_v2/audio/controlled_route_sensitive_v2_0058_spk2.wav,resources/controlled_route_sensitive_v2/references/controlled_route_sensitive_v2_0058.json,"[SPEAKER_1] 我往这里再稍微解释一下
[SPEAKER_2] 你是怎么多出额外的时间来过自己的生活的",我往这里再稍微解释一下,你是怎么多出额外的时间来过自己的生活的,0.75,speaker_B_dominant,separated_win_anchor,separated,mixed_overlap_noisy_sources_clean,silver_plus_unverified,con_003|pro_010,16000
controlled_route_sensitive_v2_0059,train,controlled_route_sensitive_v2_candidate_0059,resources/controlled_route_sensitive_v2/audio/controlled_route_sensitive_v2_0059_mixed.wav,resources/controlled_route_sensitive_v2/audio/controlled_route_sensitive_v2_0059_spk1.wav,resources/controlled_route_sensitive_v2/audio/controlled_route_sensitive_v2_0059_spk2.wav,resources/controlled_route_sensitive_v2/references/controlled_route_sensitive_v2_0059.json,"[SPEAKER_1] 其实不落分也是一种
[SPEAKER_2] 我多了两个小时",其实不落分也是一种,我多了两个小时,0.45,speaker_B_dominant,cleaned_win_anchor,cleaned,separated_sources_repeat_tail_cleaned_can_suppress,silver_plus_unverified,con_004|pro_015,16000
controlled_route_sensitive_v2_0060,dev,controlled_route_sensitive_v2_candidate_0060,resources/controlled_route_sensitive_v2/audio/controlled_route_sensitive_v2_0060_mixed.wav,resources/controlled_route_sensitive_v2/audio/controlled_route_sensitive_v2_0060_spk1.wav,resources/controlled_route_sensitive_v2/audio/controlled_route_sensitive_v2_0060_spk2.wav,resources/controlled_route_sensitive_v2/references/controlled_route_sensitive_v2_0060.json,"[SPEAKER_1] 刚觉得晚睡晚起少夜
[SPEAKER_2] 既然你是晚睡晚起",刚觉得晚睡晚起少夜,既然你是晚睡晚起,0.7,speaker_B_dominant,review_needed_anchor,review_needed,all_routes_stressed_review_needed,silver_plus_unverified,con_005|pro_006,16000
controlled_route_sensitive_v2_0061,train,controlled_route_sensitive_v2_candidate_0061,resources/controlled_route_sensitive_v2/audio/controlled_route_sensitive_v2_0061_mixed.wav,resources/controlled_route_sensitive_v2/audio/controlled_route_sensitive_v2_0061_spk1.wav,resources/controlled_route_sensitive_v2/audio/controlled_route_sensitive_v2_0061_spk2.wav,resources/controlled_route_sensitive_v2/references/controlled_route_sensitive_v2_0061.json,"[SPEAKER_1] 晚睡早起也算好夜了
[SPEAKER_2] 我的意思是2点睡10点起",晚睡早起也算好夜了,我的意思是2点睡10点起,0.15,speaker_B_dominant,mixed_win_anchor,mixed,separated_sources_noisy_smeared,silver_plus_unverified,con_006|pro_011,16000
controlled_route_sensitive_v2_0062,train,controlled_route_sensitive_v2_candidate_0062,resources/controlled_route_sensitive_v2/audio/controlled_route_sensitive_v2_0062_mixed.wav,resources/controlled_route_sensitive_v2/audio/controlled_route_sensitive_v2_0062_spk1.wav,resources/controlled_route_sensitive_v2/audio/controlled_route_sensitive_v2_0062_spk2.wav,resources/controlled_route_sensitive_v2/references/controlled_route_sensitive_v2_0062.json,"[SPEAKER_1] 因为你可以早睡早起
[SPEAKER_2] 你方式要,那它是怎么缓解我们的空虚的",因为你可以早睡早起,"你方式要,那它是怎么缓解我们的空虚的",0.85,speaker_B_dominant,separated_win_anchor,separated,mixed_overlap_noisy_sources_clean,silver_plus_unverified,con_007|pro_001,16000
controlled_route_sensitive_v2_0063,train,controlled_route_sensitive_v2_candidate_0063,resources/controlled_route_sensitive_v2/audio/controlled_route_sensitive_v2_0063_mixed.wav,resources/controlled_route_sensitive_v2/audio/controlled_route_sensitive_v2_0063_spk1.wav,resources/controlled_route_sensitive_v2/audio/controlled_route_sensitive_v2_0063_spk2.wav,resources/controlled_route_sensitive_v2/references/controlled_route_sensitive_v2_0063.json,"[SPEAKER_1] 因为你可以为了身体建立方式
[SPEAKER_2] 上班的時間必定也晚",因为你可以为了身体建立方式,上班的時間必定也晚,0.55,speaker_B_dominant,cleaned_win_anchor,cleaned,separated_sources_repeat_tail_cleaned_can_suppress,silver_plus_unverified,con_008|pro_007,16000
controlled_route_sensitive_v2_0064,dev,controlled_route_sensitive_v2_candidate_0064,resources/controlled_route_sensitive_v2/audio/controlled_route_sensitive_v2_0064_mixed.wav,resources/controlled_route_sensitive_v2/audio/controlled_route_sensitive_v2_0064_spk1.wav,resources/controlled_route_sensitive_v2/audio/controlled_route_sensitive_v2_0064_spk2.wav,resources/controlled_route_sensitive_v2/references/controlled_route_sensitive_v2_0064.json,"[SPEAKER_1] 總睡晚睡
[SPEAKER_2] 跟8点睡6点起午",總睡晚睡,跟8点睡6点起午,0.9,balanced,review_needed_anchor,review_needed,all_routes_stressed_review_needed,silver_plus_unverified,con_009|pro_012,16000
controlled_route_sensitive_v2_0065,dev,controlled_route_sensitive_v2_candidate_0065,resources/controlled_route_sensitive_v2/audio/controlled_route_sensitive_v2_0065_mixed.wav,resources/controlled_route_sensitive_v2/audio/controlled_route_sensitive_v2_0065_spk1.wav,resources/controlled_route_sensitive_v2/audio/controlled_route_sensitive_v2_0065_spk2.wav,resources/controlled_route_sensitive_v2/references/controlled_route_sensitive_v2_0065.json,"[SPEAKER_1] 哦不太一致我可以給你擠我
[SPEAKER_2] 没问题没问题 先不着急",哦不太一致我可以給你擠我,没问题没问题 先不着急,0.0,balanced,mixed_win_anchor,mixed,separated_sources_noisy_smeared,silver_plus_unverified,con_010|pro_002,16000
controlled_route_sensitive_v2_0066,dev,controlled_route_sensitive_v2_candidate_0066,resources/controlled_route_sensitive_v2/audio/controlled_route_sensitive_v2_0066_mixed.wav,resources/controlled_route_sensitive_v2/audio/controlled_route_sensitive_v2_0066_spk1.wav,resources/controlled_route_sensitive_v2/audio/controlled_route_sensitive_v2_0066_spk2.wav,resources/controlled_route_sensitive_v2/references/controlled_route_sensitive_v2_0066.json,"[SPEAKER_1] 你没有多两个小时但是你自己的是不是多两个我可以给你解释
[SPEAKER_2] 你下班的時間必定也晚",你没有多两个小时但是你自己的是不是多两个我可以给你解释,你下班的時間必定也晚,0.55,balanced,separated_win_anchor,separated,mixed_overlap_noisy_sources_clean,silver_plus_unverified,con_011|pro_008,16000
controlled_route_sensitive_v2_0067,test,controlled_route_sensitive_v2_candidate_0067,resources/controlled_route_sensitive_v2/audio/controlled_route_sensitive_v2_0067_mixed.wav,resources/controlled_route_sensitive_v2/audio/controlled_route_sensitive_v2_0067_spk1.wav,resources/controlled_route_sensitive_v2/audio/controlled_route_sensitive_v2_0067_spk2.wav,resources/controlled_route_sensitive_v2/references/controlled_route_sensitive_v2_0067.json,"[SPEAKER_1] 他让你在那个时间段里拥有了自己
[SPEAKER_2] 我的个人可以支配的",他让你在那个时间段里拥有了自己,我的个人可以支配的,0.25,balanced,cleaned_win_anchor,cleaned,separated_sources_repeat_tail_cleaned_can_suppress,silver_plus_unverified,con_001|pro_013,16000
controlled_route_sensitive_v2_0068,train,controlled_route_sensitive_v2_candidate_0068,resources/controlled_route_sensitive_v2/audio/controlled_route_sensitive_v2_0068_mixed.wav,resources/controlled_route_sensitive_v2/audio/controlled_route_sensitive_v2_0068_spk1.wav,resources/controlled_route_sensitive_v2/audio/controlled_route_sensitive_v2_0068_spk2.wav,resources/controlled_route_sensitive_v2/references/controlled_route_sensitive_v2_0068.json,"[SPEAKER_1] 哪怕自己是刷抖音的自己
[SPEAKER_2] 因為有一個前提性的問題沒有討論",哪怕自己是刷抖音的自己,因為有一個前提性的問題沒有討論,0.3,balanced,review_needed_anchor,review_needed,all_routes_stressed_review_needed,silver_plus_unverified,con_002|pro_003,16000
controlled_route_sensitive_v2_0069,train,controlled_route_sensitive_v2_candidate_0069,resources/controlled_route_sensitive_v2/audio/controlled_route_sensitive_v2_0069_mixed.wav,resources/controlled_route_sensitive_v2/audio/controlled_route_sensitive_v2_0069_spk1.wav,resources/controlled_route_sensitive_v2/audio/controlled_route_sensitive_v2_0069_spk2.wav,resources/controlled_route_sensitive_v2/references/controlled_route_sensitive_v2_0069.json,"[SPEAKER_1] 我往这里再稍微解释一下
[SPEAKER_2] 那你个人的生活空间必定也就这么点",我往这里再稍微解释一下,那你个人的生活空间必定也就这么点,0.05,balanced,mixed_win_anchor,mixed,separated_sources_noisy_smeared,silver_plus_unverified,con_003|pro_009,16000
controlled_route_sensitive_v2_0070,train,controlled_route_sensitive_v2_candidate_0070,resources/controlled_route_sensitive_v2/audio/controlled_route_sensitive_v2_0070_mixed.wav,resources/controlled_route_sensitive_v2/audio/controlled_route_sensitive_v2_0070_spk1.wav,resources/controlled_route_sensitive_v2/audio/controlled_route_sensitive_v2_0070_spk2.wav,resources/controlled_route_sensitive_v2/references/controlled_route_sensitive_v2_0070.json,"[SPEAKER_1] 其实不落分也是一种
[SPEAKER_2] 日常時間是一致的沒錯吧",其实不落分也是一种,日常時間是一致的沒錯吧,0.65,balanced,separated_win_anchor,separated,mixed_overlap_noisy_sources_clean,silver_plus_unverified,con_004|pro_014,16000
controlled_route_sensitive_v2_0071,train,controlled_route_sensitive_v2_candidate_0071,resources/controlled_route_sensitive_v2/audio/controlled_route_sensitive_v2_0071_mixed.wav,resources/controlled_route_sensitive_v2/audio/controlled_route_sensitive_v2_0071_spk1.wav,resources/controlled_route_sensitive_v2/audio/controlled_route_sensitive_v2_0071_spk2.wav,resources/controlled_route_sensitive_v2/references/controlled_route_sensitive_v2_0071.json,"[SPEAKER_1] 刚觉得晚睡晚起少夜
[SPEAKER_2] 只在讲的熬夜所谓的熬夜就是晚睡晚起是吧",刚觉得晚睡晚起少夜,只在讲的熬夜所谓的熬夜就是晚睡晚起是吧,0.35,speaker_A_dominant,cleaned_win_anchor,cleaned,separated_sources_repeat_tail_cleaned_can_suppress,silver_plus_unverified,con_005|pro_004,16000
controlled_route_sensitive_v2_0072,train,controlled_route_sensitive_v2_candidate_0072,resources/controlled_route_sensitive_v2/audio/controlled_route_sensitive_v2_0072_mixed.wav,resources/controlled_route_sensitive_v2/audio/controlled_route_sensitive_v2_0072_spk1.wav,resources/controlled_route_sensitive_v2/audio/controlled_route_sensitive_v2_0072_spk2.wav,resources/controlled_route_sensitive_v2/references/controlled_route_sensitive_v2_0072.json,"[SPEAKER_1] 晚睡早起也算好夜了
[SPEAKER_2] 你是怎么多出额外的时间来过自己的生活的",晚睡早起也算好夜了,你是怎么多出额外的时间来过自己的生活的,0.5,speaker_A_dominant,review_needed_anchor,review_needed,all_routes_stressed_review_needed,silver_plus_unverified,con_006|pro_010,16000
controlled_route_sensitive_v2_0073,train,controlled_route_sensitive_v2_candidate_0073,resources/controlled_route_sensitive_v2/audio/controlled_route_sensitive_v2_0073_mixed.wav,resources/controlled_route_sensitive_v2/audio/controlled_route_sensitive_v2_0073_spk1.wav,resources/controlled_route_sensitive_v2/audio/controlled_route_sensitive_v2_0073_spk2.wav,resources/controlled_route_sensitive_v2/references/controlled_route_sensitive_v2_0073.json,"[SPEAKER_1] 因为你可以早睡早起
[SPEAKER_2] 我多了两个小时",因为你可以早睡早起,我多了两个小时,0.1,speaker_A_dominant,mixed_win_anchor,mixed,separated_sources_noisy_smeared,silver_plus_unverified,con_007|pro_015,16000
controlled_route_sensitive_v2_0074,train,controlled_route_sensitive_v2_candidate_0074,resources/controlled_route_sensitive_v2/audio/controlled_route_sensitive_v2_0074_mixed.wav,resources/controlled_route_sensitive_v2/audio/controlled_route_sensitive_v2_0074_spk1.wav,resources/controlled_route_sensitive_v2/audio/controlled_route_sensitive_v2_0074_spk2.wav,resources/controlled_route_sensitive_v2/references/controlled_route_sensitive_v2_0074.json,"[SPEAKER_1] 因为你可以为了身体建立方式
[SPEAKER_2] 好我先聊完 都帅玩起",因为你可以为了身体建立方式,好我先聊完 都帅玩起,0.75,speaker_A_dominant,separated_win_anchor,separated,mixed_overlap_noisy_sources_clean,silver_plus_unverified,con_008|pro_005,16000
controlled_route_sensitive_v2_0075,dev,controlled_route_sensitive_v2_candidate_0075,resources/controlled_route_sensitive_v2/audio/controlled_route_sensitive_v2_0075_mixed.wav,resources/controlled_route_sensitive_v2/audio/controlled_route_sensitive_v2_0075_spk1.wav,resources/controlled_route_sensitive_v2/audio/controlled_route_sensitive_v2_0075_spk2.wav,resources/controlled_route_sensitive_v2/references/controlled_route_sensitive_v2_0075.json,"[SPEAKER_1] 總睡晚睡
[SPEAKER_2] 我的意思是2点睡10点起",總睡晚睡,我的意思是2点睡10点起,0.45,speaker_A_dominant,cleaned_win_anchor,cleaned,separated_sources_repeat_tail_cleaned_can_suppress,silver_plus_unverified,con_009|pro_011,16000
controlled_route_sensitive_v2_0076,dev,controlled_route_sensitive_v2_candidate_0076,resources/controlled_route_sensitive_v2/audio/controlled_route_sensitive_v2_0076_mixed.wav,resources/controlled_route_sensitive_v2/audio/controlled_route_sensitive_v2_0076_spk1.wav,resources/controlled_route_sensitive_v2/audio/controlled_route_sensitive_v2_0076_spk2.wav,resources/controlled_route_sensitive_v2/references/controlled_route_sensitive_v2_0076.json,"[SPEAKER_1] 哦不太一致我可以給你擠我
[SPEAKER_2] 你方式要,那它是怎么缓解我们的空虚的",哦不太一致我可以給你擠我,"你方式要,那它是怎么缓解我们的空虚的",0.7,speaker_A_dominant,review_needed_anchor,review_needed,all_routes_stressed_review_needed,silver_plus_unverified,con_010|pro_001,16000
controlled_route_sensitive_v2_0077,train,controlled_route_sensitive_v2_candidate_0077,resources/controlled_route_sensitive_v2/audio/controlled_route_sensitive_v2_0077_mixed.wav,resources/controlled_route_sensitive_v2/audio/controlled_route_sensitive_v2_0077_spk1.wav,resources/controlled_route_sensitive_v2/audio/controlled_route_sensitive_v2_0077_spk2.wav,resources/controlled_route_sensitive_v2/references/controlled_route_sensitive_v2_0077.json,"[SPEAKER_1] 你没有多两个小时但是你自己的是不是多两个我可以给你解释
[SPEAKER_2] 既然你是晚睡晚起",你没有多两个小时但是你自己的是不是多两个我可以给你解释,既然你是晚睡晚起,0.15,speaker_A_dominant,mixed_win_anchor,mixed,separated_sources_noisy_smeared,silver_plus_unverified,con_011|pro_006,16000
controlled_route_sensitive_v2_0078,train,controlled_route_sensitive_v2_candidate_0078,resources/controlled_route_sensitive_v2/audio/controlled_route_sensitive_v2_0078_mixed.wav,resources/controlled_route_sensitive_v2/audio/controlled_route_sensitive_v2_0078_spk1.wav,resources/controlled_route_sensitive_v2/audio/controlled_route_sensitive_v2_0078_spk2.wav,resources/controlled_route_sensitive_v2/references/controlled_route_sensitive_v2_0078.json,"[SPEAKER_1] 他让你在那个时间段里拥有了自己
[SPEAKER_2] 跟8点睡6点起午",他让你在那个时间段里拥有了自己,跟8点睡6点起午,0.85,speaker_B_dominant,separated_win_anchor,separated,mixed_overlap_noisy_sources_clean,silver_plus_unverified,con_001|pro_012,16000
controlled_route_sensitive_v2_0079,test,controlled_route_sensitive_v2_candidate_0079,resources/controlled_route_sensitive_v2/audio/controlled_route_sensitive_v2_0079_mixed.wav,resources/controlled_route_sensitive_v2/audio/controlled_route_sensitive_v2_0079_spk1.wav,resources/controlled_route_sensitive_v2/audio/controlled_route_sensitive_v2_0079_spk2.wav,resources/controlled_route_sensitive_v2/references/controlled_route_sensitive_v2_0079.json,"[SPEAKER_1] 哪怕自己是刷抖音的自己
[SPEAKER_2] 没问题没问题 先不着急",哪怕自己是刷抖音的自己,没问题没问题 先不着急,0.55,speaker_B_dominant,cleaned_win_anchor,cleaned,separated_sources_repeat_tail_cleaned_can_suppress,silver_plus_unverified,con_002|pro_002,16000
controlled_route_sensitive_v2_0080,test,controlled_route_sensitive_v2_candidate_0080,resources/controlled_route_sensitive_v2/audio/controlled_route_sensitive_v2_0080_mixed.wav,resources/controlled_route_sensitive_v2/audio/controlled_route_sensitive_v2_0080_spk1.wav,resources/controlled_route_sensitive_v2/audio/controlled_route_sensitive_v2_0080_spk2.wav,resources/controlled_route_sensitive_v2/references/controlled_route_sensitive_v2_0080.json,"[SPEAKER_1] 我往这里再稍微解释一下
[SPEAKER_2] 上班的時間必定也晚",我往这里再稍微解释一下,上班的時間必定也晚,0.9,speaker_B_dominant,review_needed_anchor,review_needed,all_routes_stressed_review_needed,silver_plus_unverified,con_003|pro_007,16000
controlled_route_sensitive_v2_0081,dev,controlled_route_sensitive_v2_candidate_0081,resources/controlled_route_sensitive_v2/audio/controlled_route_sensitive_v2_0081_mixed.wav,resources/controlled_route_sensitive_v2/audio/controlled_route_sensitive_v2_0081_spk1.wav,resources/controlled_route_sensitive_v2/audio/controlled_route_sensitive_v2_0081_spk2.wav,resources/controlled_route_sensitive_v2/references/controlled_route_sensitive_v2_0081.json,"[SPEAKER_1] 其实不落分也是一种
[SPEAKER_2] 我的个人可以支配的",其实不落分也是一种,我的个人可以支配的,0.0,speaker_B_dominant,mixed_win_anchor,mixed,separated_sources_noisy_smeared,silver_plus_unverified,con_004|pro_013,16000
controlled_route_sensitive_v2_0082,train,controlled_route_sensitive_v2_candidate_0082,resources/controlled_route_sensitive_v2/audio/controlled_route_sensitive_v2_0082_mixed.wav,resources/controlled_route_sensitive_v2/audio/controlled_route_sensitive_v2_0082_spk1.wav,resources/controlled_route_sensitive_v2/audio/controlled_route_sensitive_v2_0082_spk2.wav,resources/controlled_route_sensitive_v2/references/controlled_route_sensitive_v2_0082.json,"[SPEAKER_1] 刚觉得晚睡晚起少夜
[SPEAKER_2] 因為有一個前提性的問題沒有討論",刚觉得晚睡晚起少夜,因為有一個前提性的問題沒有討論,0.55,speaker_B_dominant,separated_win_anchor,separated,mixed_overlap_noisy_sources_clean,silver_plus_unverified,con_005|pro_003,16000
controlled_route_sensitive_v2_0083,train,controlled_route_sensitive_v2_candidate_0083,resources/controlled_route_sensitive_v2/audio/controlled_route_sensitive_v2_0083_mixed.wav,resources/controlled_route_sensitive_v2/audio/controlled_route_sensitive_v2_0083_spk1.wav,resources/controlled_route_sensitive_v2/audio/controlled_route_sensitive_v2_0083_spk2.wav,resources/controlled_route_sensitive_v2/references/controlled_route_sensitive_v2_0083.json,"[SPEAKER_1] 晚睡早起也算好夜了
[SPEAKER_2] 你下班的時間必定也晚",晚睡早起也算好夜了,你下班的時間必定也晚,0.25,speaker_B_dominant,cleaned_win_anchor,cleaned,separated_sources_repeat_tail_cleaned_can_suppress,silver_plus_unverified,con_006|pro_008,16000
controlled_route_sensitive_v2_0084,dev,controlled_route_sensitive_v2_candidate_0084,resources/controlled_route_sensitive_v2/audio/controlled_route_sensitive_v2_0084_mixed.wav,resources/controlled_route_sensitive_v2/audio/controlled_route_sensitive_v2_0084_spk1.wav,resources/controlled_route_sensitive_v2/audio/controlled_route_sensitive_v2_0084_spk2.wav,resources/controlled_route_sensitive_v2/references/controlled_route_sensitive_v2_0084.json,"[SPEAKER_1] 因为你可以早睡早起
[SPEAKER_2] 日常時間是一致的沒錯吧",因为你可以早睡早起,日常時間是一致的沒錯吧,0.3,speaker_B_dominant,review_needed_anchor,review_needed,all_routes_stressed_review_needed,silver_plus_unverified,con_007|pro_014,16000
controlled_route_sensitive_v2_0085,dev,controlled_route_sensitive_v2_candidate_0085,resources/controlled_route_sensitive_v2/audio/controlled_route_sensitive_v2_0085_mixed.wav,resources/controlled_route_sensitive_v2/audio/controlled_route_sensitive_v2_0085_spk1.wav,resources/controlled_route_sensitive_v2/audio/controlled_route_sensitive_v2_0085_spk2.wav,resources/controlled_route_sensitive_v2/references/controlled_route_sensitive_v2_0085.json,"[SPEAKER_1] 因为你可以为了身体建立方式
[SPEAKER_2] 只在讲的熬夜所谓的熬夜就是晚睡晚起是吧",因为你可以为了身体建立方式,只在讲的熬夜所谓的熬夜就是晚睡晚起是吧,0.05,balanced,mixed_win_anchor,mixed,separated_sources_noisy_smeared,silver_plus_unverified,con_008|pro_004,16000
controlled_route_sensitive_v2_0086,train,controlled_route_sensitive_v2_candidate_0086,resources/controlled_route_sensitive_v2/audio/controlled_route_sensitive_v2_0086_mixed.wav,resources/controlled_route_sensitive_v2/audio/controlled_route_sensitive_v2_0086_spk1.wav,resources/controlled_route_sensitive_v2/audio/controlled_route_sensitive_v2_0086_spk2.wav,resources/controlled_route_sensitive_v2/references/controlled_route_sensitive_v2_0086.json,"[SPEAKER_1] 總睡晚睡
[SPEAKER_2] 那你个人的生活空间必定也就这么点",總睡晚睡,那你个人的生活空间必定也就这么点,0.65,balanced,separated_win_anchor,separated,mixed_overlap_noisy_sources_clean,silver_plus_unverified,con_009|pro_009,16000
controlled_route_sensitive_v2_0087,dev,controlled_route_sensitive_v2_candidate_0087,resources/controlled_route_sensitive_v2/audio/controlled_route_sensitive_v2_0087_mixed.wav,resources/controlled_route_sensitive_v2/audio/controlled_route_sensitive_v2_0087_spk1.wav,resources/controlled_route_sensitive_v2/audio/controlled_route_sensitive_v2_0087_spk2.wav,resources/controlled_route_sensitive_v2/references/controlled_route_sensitive_v2_0087.json,"[SPEAKER_1] 哦不太一致我可以給你擠我
[SPEAKER_2] 我多了两个小时",哦不太一致我可以給你擠我,我多了两个小时,0.35,balanced,cleaned_win_anchor,cleaned,separated_sources_repeat_tail_cleaned_can_suppress,silver_plus_unverified,con_010|pro_015,16000
controlled_route_sensitive_v2_0088,train,controlled_route_sensitive_v2_candidate_0088,resources/controlled_route_sensitive_v2/audio/controlled_route_sensitive_v2_0088_mixed.wav,resources/controlled_route_sensitive_v2/audio/controlled_route_sensitive_v2_0088_spk1.wav,resources/controlled_route_sensitive_v2/audio/controlled_route_sensitive_v2_0088_spk2.wav,resources/controlled_route_sensitive_v2/references/controlled_route_sensitive_v2_0088.json,"[SPEAKER_1] 你没有多两个小时但是你自己的是不是多两个我可以给你解释
[SPEAKER_2] 好我先聊完 都帅玩起",你没有多两个小时但是你自己的是不是多两个我可以给你解释,好我先聊完 都帅玩起,0.5,balanced,review_needed_anchor,review_needed,all_routes_stressed_review_needed,silver_plus_unverified,con_011|pro_005,16000
controlled_route_sensitive_v2_0089,test,controlled_route_sensitive_v2_candidate_0089,resources/controlled_route_sensitive_v2/audio/controlled_route_sensitive_v2_0089_mixed.wav,resources/controlled_route_sensitive_v2/audio/controlled_route_sensitive_v2_0089_spk1.wav,resources/controlled_route_sensitive_v2/audio/controlled_route_sensitive_v2_0089_spk2.wav,resources/controlled_route_sensitive_v2/references/controlled_route_sensitive_v2_0089.json,"[SPEAKER_1] 他让你在那个时间段里拥有了自己
[SPEAKER_2] 你是怎么多出额外的时间来过自己的生活的",他让你在那个时间段里拥有了自己,你是怎么多出额外的时间来过自己的生活的,0.1,balanced,mixed_win_anchor,mixed,separated_sources_noisy_smeared,silver_plus_unverified,con_001|pro_010,16000
controlled_route_sensitive_v2_0090,train,controlled_route_sensitive_v2_candidate_0090,resources/controlled_route_sensitive_v2/audio/controlled_route_sensitive_v2_0090_mixed.wav,resources/controlled_route_sensitive_v2/audio/controlled_route_sensitive_v2_0090_spk1.wav,resources/controlled_route_sensitive_v2/audio/controlled_route_sensitive_v2_0090_spk2.wav,resources/controlled_route_sensitive_v2/references/controlled_route_sensitive_v2_0090.json,"[SPEAKER_1] 哪怕自己是刷抖音的自己
[SPEAKER_2] 你方式要,那它是怎么缓解我们的空虚的",哪怕自己是刷抖音的自己,"你方式要,那它是怎么缓解我们的空虚的",0.75,balanced,separated_win_anchor,separated,mixed_overlap_noisy_sources_clean,silver_plus_unverified,con_002|pro_001,16000
controlled_route_sensitive_v2_0091,train,controlled_route_sensitive_v2_candidate_0091,resources/controlled_route_sensitive_v2/audio/controlled_route_sensitive_v2_0091_mixed.wav,resources/controlled_route_sensitive_v2/audio/controlled_route_sensitive_v2_0091_spk1.wav,resources/controlled_route_sensitive_v2/audio/controlled_route_sensitive_v2_0091_spk2.wav,resources/controlled_route_sensitive_v2/references/controlled_route_sensitive_v2_0091.json,"[SPEAKER_1] 我往这里再稍微解释一下
[SPEAKER_2] 既然你是晚睡晚起",我往这里再稍微解释一下,既然你是晚睡晚起,0.45,balanced,cleaned_win_anchor,cleaned,separated_sources_repeat_tail_cleaned_can_suppress,silver_plus_unverified,con_003|pro_006,16000
controlled_route_sensitive_v2_0092,train,controlled_route_sensitive_v2_candidate_0092,resources/controlled_route_sensitive_v2/audio/controlled_route_sensitive_v2_0092_mixed.wav,resources/controlled_route_sensitive_v2/audio/controlled_route_sensitive_v2_0092_spk1.wav,resources/controlled_route_sensitive_v2/audio/controlled_route_sensitive_v2_0092_spk2.wav,resources/controlled_route_sensitive_v2/references/controlled_route_sensitive_v2_0092.json,"[SPEAKER_1] 其实不落分也是一种
[SPEAKER_2] 我的意思是2点睡10点起",其实不落分也是一种,我的意思是2点睡10点起,0.7,speaker_A_dominant,review_needed_anchor,review_needed,all_routes_stressed_review_needed,silver_plus_unverified,con_004|pro_011,16000
controlled_route_sensitive_v2_0093,dev,controlled_route_sensitive_v2_candidate_0093,resources/controlled_route_sensitive_v2/audio/controlled_route_sensitive_v2_0093_mixed.wav,resources/controlled_route_sensitive_v2/audio/controlled_route_sensitive_v2_0093_spk1.wav,resources/controlled_route_sensitive_v2/audio/controlled_route_sensitive_v2_0093_spk2.wav,resources/controlled_route_sensitive_v2/references/controlled_route_sensitive_v2_0093.json,"[SPEAKER_1] 刚觉得晚睡晚起少夜
[SPEAKER_2] 没问题没问题 先不着急",刚觉得晚睡晚起少夜,没问题没问题 先不着急,0.15,speaker_A_dominant,mixed_win_anchor,mixed,separated_sources_noisy_smeared,silver_plus_unverified,con_005|pro_002,16000
controlled_route_sensitive_v2_0094,train,controlled_route_sensitive_v2_candidate_0094,resources/controlled_route_sensitive_v2/audio/controlled_route_sensitive_v2_0094_mixed.wav,resources/controlled_route_sensitive_v2/audio/controlled_route_sensitive_v2_0094_spk1.wav,resources/controlled_route_sensitive_v2/audio/controlled_route_sensitive_v2_0094_spk2.wav,resources/controlled_route_sensitive_v2/references/controlled_route_sensitive_v2_0094.json,"[SPEAKER_1] 晚睡早起也算好夜了
[SPEAKER_2] 上班的時間必定也晚",晚睡早起也算好夜了,上班的時間必定也晚,0.85,speaker_A_dominant,separated_win_anchor,separated,mixed_overlap_noisy_sources_clean,silver_plus_unverified,con_006|pro_007,16000
controlled_route_sensitive_v2_0095,test,controlled_route_sensitive_v2_candidate_0095,resources/controlled_route_sensitive_v2/audio/controlled_route_sensitive_v2_0095_mixed.wav,resources/controlled_route_sensitive_v2/audio/controlled_route_sensitive_v2_0095_spk1.wav,resources/controlled_route_sensitive_v2/audio/controlled_route_sensitive_v2_0095_spk2.wav,resources/controlled_route_sensitive_v2/references/controlled_route_sensitive_v2_0095.json,"[SPEAKER_1] 因为你可以早睡早起
[SPEAKER_2] 跟8点睡6点起午",因为你可以早睡早起,跟8点睡6点起午,0.55,speaker_A_dominant,cleaned_win_anchor,cleaned,separated_sources_repeat_tail_cleaned_can_suppress,silver_plus_unverified,con_007|pro_012,16000
controlled_route_sensitive_v2_0096,dev,controlled_route_sensitive_v2_candidate_0096,resources/controlled_route_sensitive_v2/audio/controlled_route_sensitive_v2_0096_mixed.wav,resources/controlled_route_sensitive_v2/audio/controlled_route_sensitive_v2_0096_spk1.wav,resources/controlled_route_sensitive_v2/audio/controlled_route_sensitive_v2_0096_spk2.wav,resources/controlled_route_sensitive_v2/references/controlled_route_sensitive_v2_0096.json,"[SPEAKER_1] 因为你可以为了身体建立方式
[SPEAKER_2] 因為有一個前提性的問題沒有討論",因为你可以为了身体建立方式,因為有一個前提性的問題沒有討論,0.9,speaker_A_dominant,review_needed_anchor,review_needed,all_routes_stressed_review_needed,silver_plus_unverified,con_008|pro_003,16000
controlled_route_sensitive_v2_0097,test,controlled_route_sensitive_v2_candidate_0097,resources/controlled_route_sensitive_v2/audio/controlled_route_sensitive_v2_0097_mixed.wav,resources/controlled_route_sensitive_v2/audio/controlled_route_sensitive_v2_0097_spk1.wav,resources/controlled_route_sensitive_v2/audio/controlled_route_sensitive_v2_0097_spk2.wav,resources/controlled_route_sensitive_v2/references/controlled_route_sensitive_v2_0097.json,"[SPEAKER_1] 總睡晚睡
[SPEAKER_2] 你下班的時間必定也晚",總睡晚睡,你下班的時間必定也晚,0.0,speaker_A_dominant,mixed_win_anchor,mixed,separated_sources_noisy_smeared,silver_plus_unverified,con_009|pro_008,16000
controlled_route_sensitive_v2_0098,dev,controlled_route_sensitive_v2_candidate_0098,resources/controlled_route_sensitive_v2/audio/controlled_route_sensitive_v2_0098_mixed.wav,resources/controlled_route_sensitive_v2/audio/controlled_route_sensitive_v2_0098_spk1.wav,resources/controlled_route_sensitive_v2/audio/controlled_route_sensitive_v2_0098_spk2.wav,resources/controlled_route_sensitive_v2/references/controlled_route_sensitive_v2_0098.json,"[SPEAKER_1] 哦不太一致我可以給你擠我
[SPEAKER_2] 我的个人可以支配的",哦不太一致我可以給你擠我,我的个人可以支配的,0.55,speaker_A_dominant,separated_win_anchor,separated,mixed_overlap_noisy_sources_clean,silver_plus_unverified,con_010|pro_013,16000
controlled_route_sensitive_v2_0099,test,controlled_route_sensitive_v2_candidate_0099,resources/controlled_route_sensitive_v2/audio/controlled_route_sensitive_v2_0099_mixed.wav,resources/controlled_route_sensitive_v2/audio/controlled_route_sensitive_v2_0099_spk1.wav,resources/controlled_route_sensitive_v2/audio/controlled_route_sensitive_v2_0099_spk2.wav,resources/controlled_route_sensitive_v2/references/controlled_route_sensitive_v2_0099.json,"[SPEAKER_1] 你没有多两个小时但是你自己的是不是多两个我可以给你解释
[SPEAKER_2] 只在讲的熬夜所谓的熬夜就是晚睡晚起是吧",你没有多两个小时但是你自己的是不是多两个我可以给你解释,只在讲的熬夜所谓的熬夜就是晚睡晚起是吧,0.25,speaker_B_dominant,cleaned_win_anchor,cleaned,separated_sources_repeat_tail_cleaned_can_suppress,silver_plus_unverified,con_011|pro_004,16000
controlled_route_sensitive_v2_0100,dev,controlled_route_sensitive_v2_candidate_0100,resources/controlled_route_sensitive_v2/audio/controlled_route_sensitive_v2_0100_mixed.wav,resources/controlled_route_sensitive_v2/audio/controlled_route_sensitive_v2_0100_spk1.wav,resources/controlled_route_sensitive_v2/audio/controlled_route_sensitive_v2_0100_spk2.wav,resources/controlled_route_sensitive_v2/references/controlled_route_sensitive_v2_0100.json,"[SPEAKER_1] 他让你在那个时间段里拥有了自己
[SPEAKER_2] 那你个人的生活空间必定也就这么点",他让你在那个时间段里拥有了自己,那你个人的生活空间必定也就这么点,0.3,speaker_B_dominant,review_needed_anchor,review_needed,all_routes_stressed_review_needed,silver_plus_unverified,con_001|pro_009,16000
controlled_route_sensitive_v2_0101,dev,controlled_route_sensitive_v2_candidate_0101,resources/controlled_route_sensitive_v2/audio/controlled_route_sensitive_v2_0101_mixed.wav,resources/controlled_route_sensitive_v2/audio/controlled_route_sensitive_v2_0101_spk1.wav,resources/controlled_route_sensitive_v2/audio/controlled_route_sensitive_v2_0101_spk2.wav,resources/controlled_route_sensitive_v2/references/controlled_route_sensitive_v2_0101.json,"[SPEAKER_1] 哪怕自己是刷抖音的自己
[SPEAKER_2] 日常時間是一致的沒錯吧",哪怕自己是刷抖音的自己,日常時間是一致的沒錯吧,0.05,speaker_B_dominant,mixed_win_anchor,mixed,separated_sources_noisy_smeared,silver_plus_unverified,con_002|pro_014,16000
controlled_route_sensitive_v2_0102,test,controlled_route_sensitive_v2_candidate_0102,resources/controlled_route_sensitive_v2/audio/controlled_route_sensitive_v2_0102_mixed.wav,resources/controlled_route_sensitive_v2/audio/controlled_route_sensitive_v2_0102_spk1.wav,resources/controlled_route_sensitive_v2/audio/controlled_route_sensitive_v2_0102_spk2.wav,resources/controlled_route_sensitive_v2/references/controlled_route_sensitive_v2_0102.json,"[SPEAKER_1] 我往这里再稍微解释一下
[SPEAKER_2] 好我先聊完 都帅玩起",我往这里再稍微解释一下,好我先聊完 都帅玩起,0.65,speaker_B_dominant,separated_win_anchor,separated,mixed_overlap_noisy_sources_clean,silver_plus_unverified,con_003|pro_005,16000
controlled_route_sensitive_v2_0103,test,controlled_route_sensitive_v2_candidate_0103,resources/controlled_route_sensitive_v2/audio/controlled_route_sensitive_v2_0103_mixed.wav,resources/controlled_route_sensitive_v2/audio/controlled_route_sensitive_v2_0103_spk1.wav,resources/controlled_route_sensitive_v2/audio/controlled_route_sensitive_v2_0103_spk2.wav,resources/controlled_route_sensitive_v2/references/controlled_route_sensitive_v2_0103.json,"[SPEAKER_1] 其实不落分也是一种
[SPEAKER_2] 你是怎么多出额外的时间来过自己的生活的",其实不落分也是一种,你是怎么多出额外的时间来过自己的生活的,0.35,speaker_B_dominant,cleaned_win_anchor,cleaned,separated_sources_repeat_tail_cleaned_can_suppress,silver_plus_unverified,con_004|pro_010,16000
controlled_route_sensitive_v2_0104,train,controlled_route_sensitive_v2_candidate_0104,resources/controlled_route_sensitive_v2/audio/controlled_route_sensitive_v2_0104_mixed.wav,resources/controlled_route_sensitive_v2/audio/controlled_route_sensitive_v2_0104_spk1.wav,resources/controlled_route_sensitive_v2/audio/controlled_route_sensitive_v2_0104_spk2.wav,resources/controlled_route_sensitive_v2/references/controlled_route_sensitive_v2_0104.json,"[SPEAKER_1] 刚觉得晚睡晚起少夜
[SPEAKER_2] 我多了两个小时",刚觉得晚睡晚起少夜,我多了两个小时,0.5,speaker_B_dominant,review_needed_anchor,review_needed,all_routes_stressed_review_needed,silver_plus_unverified,con_005|pro_015,16000
controlled_route_sensitive_v2_0105,test,controlled_route_sensitive_v2_candidate_0105,resources/controlled_route_sensitive_v2/audio/controlled_route_sensitive_v2_0105_mixed.wav,resources/controlled_route_sensitive_v2/audio/controlled_route_sensitive_v2_0105_spk1.wav,resources/controlled_route_sensitive_v2/audio/controlled_route_sensitive_v2_0105_spk2.wav,resources/controlled_route_sensitive_v2/references/controlled_route_sensitive_v2_0105.json,"[SPEAKER_1] 晚睡早起也算好夜了
[SPEAKER_2] 既然你是晚睡晚起",晚睡早起也算好夜了,既然你是晚睡晚起,0.1,speaker_B_dominant,mixed_win_anchor,mixed,separated_sources_noisy_smeared,silver_plus_unverified,con_006|pro_006,16000
controlled_route_sensitive_v2_0106,train,controlled_route_sensitive_v2_candidate_0106,resources/controlled_route_sensitive_v2/audio/controlled_route_sensitive_v2_0106_mixed.wav,resources/controlled_route_sensitive_v2/audio/controlled_route_sensitive_v2_0106_spk1.wav,resources/controlled_route_sensitive_v2/audio/controlled_route_sensitive_v2_0106_spk2.wav,resources/controlled_route_sensitive_v2/references/controlled_route_sensitive_v2_0106.json,"[SPEAKER_1] 因为你可以早睡早起
[SPEAKER_2] 我的意思是2点睡10点起",因为你可以早睡早起,我的意思是2点睡10点起,0.75,balanced,separated_win_anchor,separated,mixed_overlap_noisy_sources_clean,silver_plus_unverified,con_007|pro_011,16000
controlled_route_sensitive_v2_0107,test,controlled_route_sensitive_v2_candidate_0107,resources/controlled_route_sensitive_v2/audio/controlled_route_sensitive_v2_0107_mixed.wav,resources/controlled_route_sensitive_v2/audio/controlled_route_sensitive_v2_0107_spk1.wav,resources/controlled_route_sensitive_v2/audio/controlled_route_sensitive_v2_0107_spk2.wav,resources/controlled_route_sensitive_v2/references/controlled_route_sensitive_v2_0107.json,"[SPEAKER_1] 因为你可以为了身体建立方式
[SPEAKER_2] 你方式要,那它是怎么缓解我们的空虚的",因为你可以为了身体建立方式,"你方式要,那它是怎么缓解我们的空虚的",0.45,balanced,cleaned_win_anchor,cleaned,separated_sources_repeat_tail_cleaned_can_suppress,silver_plus_unverified,con_008|pro_001,16000
controlled_route_sensitive_v2_0108,train,controlled_route_sensitive_v2_candidate_0108,resources/controlled_route_sensitive_v2/audio/controlled_route_sensitive_v2_0108_mixed.wav,resources/controlled_route_sensitive_v2/audio/controlled_route_sensitive_v2_0108_spk1.wav,resources/controlled_route_sensitive_v2/audio/controlled_route_sensitive_v2_0108_spk2.wav,resources/controlled_route_sensitive_v2/references/controlled_route_sensitive_v2_0108.json,"[SPEAKER_1] 總睡晚睡
[SPEAKER_2] 上班的時間必定也晚",總睡晚睡,上班的時間必定也晚,0.7,balanced,review_needed_anchor,review_needed,all_routes_stressed_review_needed,silver_plus_unverified,con_009|pro_007,16000
controlled_route_sensitive_v2_0109,dev,controlled_route_sensitive_v2_candidate_0109,resources/controlled_route_sensitive_v2/audio/controlled_route_sensitive_v2_0109_mixed.wav,resources/controlled_route_sensitive_v2/audio/controlled_route_sensitive_v2_0109_spk1.wav,resources/controlled_route_sensitive_v2/audio/controlled_route_sensitive_v2_0109_spk2.wav,resources/controlled_route_sensitive_v2/references/controlled_route_sensitive_v2_0109.json,"[SPEAKER_1] 哦不太一致我可以給你擠我
[SPEAKER_2] 跟8点睡6点起午",哦不太一致我可以給你擠我,跟8点睡6点起午,0.15,balanced,mixed_win_anchor,mixed,separated_sources_noisy_smeared,silver_plus_unverified,con_010|pro_012,16000
controlled_route_sensitive_v2_0110,train,controlled_route_sensitive_v2_candidate_0110,resources/controlled_route_sensitive_v2/audio/controlled_route_sensitive_v2_0110_mixed.wav,resources/controlled_route_sensitive_v2/audio/controlled_route_sensitive_v2_0110_spk1.wav,resources/controlled_route_sensitive_v2/audio/controlled_route_sensitive_v2_0110_spk2.wav,resources/controlled_route_sensitive_v2/references/controlled_route_sensitive_v2_0110.json,"[SPEAKER_1] 你没有多两个小时但是你自己的是不是多两个我可以给你解释
[SPEAKER_2] 没问题没问题 先不着急",你没有多两个小时但是你自己的是不是多两个我可以给你解释,没问题没问题 先不着急,0.85,balanced,separated_win_anchor,separated,mixed_overlap_noisy_sources_clean,silver_plus_unverified,con_011|pro_002,16000
controlled_route_sensitive_v2_0111,train,controlled_route_sensitive_v2_candidate_0111,resources/controlled_route_sensitive_v2/audio/controlled_route_sensitive_v2_0111_mixed.wav,resources/controlled_route_sensitive_v2/audio/controlled_route_sensitive_v2_0111_spk1.wav,resources/controlled_route_sensitive_v2/audio/controlled_route_sensitive_v2_0111_spk2.wav,resources/controlled_route_sensitive_v2/references/controlled_route_sensitive_v2_0111.json,"[SPEAKER_1] 他让你在那个时间段里拥有了自己
[SPEAKER_2] 你下班的時間必定也晚",他让你在那个时间段里拥有了自己,你下班的時間必定也晚,0.55,balanced,cleaned_win_anchor,cleaned,separated_sources_repeat_tail_cleaned_can_suppress,silver_plus_unverified,con_001|pro_008,16000
controlled_route_sensitive_v2_0112,dev,controlled_route_sensitive_v2_candidate_0112,resources/controlled_route_sensitive_v2/audio/controlled_route_sensitive_v2_0112_mixed.wav,resources/controlled_route_sensitive_v2/audio/controlled_route_sensitive_v2_0112_spk1.wav,resources/controlled_route_sensitive_v2/audio/controlled_route_sensitive_v2_0112_spk2.wav,resources/controlled_route_sensitive_v2/references/controlled_route_sensitive_v2_0112.json,"[SPEAKER_1] 哪怕自己是刷抖音的自己
[SPEAKER_2] 我的个人可以支配的",哪怕自己是刷抖音的自己,我的个人可以支配的,0.9,balanced,review_needed_anchor,review_needed,all_routes_stressed_review_needed,silver_plus_unverified,con_002|pro_013,16000
controlled_route_sensitive_v2_0113,dev,controlled_route_sensitive_v2_candidate_0113,resources/controlled_route_sensitive_v2/audio/controlled_route_sensitive_v2_0113_mixed.wav,resources/controlled_route_sensitive_v2/audio/controlled_route_sensitive_v2_0113_spk1.wav,resources/controlled_route_sensitive_v2/audio/controlled_route_sensitive_v2_0113_spk2.wav,resources/controlled_route_sensitive_v2/references/controlled_route_sensitive_v2_0113.json,"[SPEAKER_1] 我往这里再稍微解释一下
[SPEAKER_2] 因為有一個前提性的問題沒有討論",我往这里再稍微解释一下,因為有一個前提性的問題沒有討論,0.0,speaker_A_dominant,mixed_win_anchor,mixed,separated_sources_noisy_smeared,silver_plus_unverified,con_003|pro_003,16000
controlled_route_sensitive_v2_0114,dev,controlled_route_sensitive_v2_candidate_0114,resources/controlled_route_sensitive_v2/audio/controlled_route_sensitive_v2_0114_mixed.wav,resources/controlled_route_sensitive_v2/audio/controlled_route_sensitive_v2_0114_spk1.wav,resources/controlled_route_sensitive_v2/audio/controlled_route_sensitive_v2_0114_spk2.wav,resources/controlled_route_sensitive_v2/references/controlled_route_sensitive_v2_0114.json,"[SPEAKER_1] 其实不落分也是一种
[SPEAKER_2] 那你个人的生活空间必定也就这么点",其实不落分也是一种,那你个人的生活空间必定也就这么点,0.55,speaker_A_dominant,separated_win_anchor,separated,mixed_overlap_noisy_sources_clean,silver_plus_unverified,con_004|pro_009,16000
controlled_route_sensitive_v2_0115,test,controlled_route_sensitive_v2_candidate_0115,resources/controlled_route_sensitive_v2/audio/controlled_route_sensitive_v2_0115_mixed.wav,resources/controlled_route_sensitive_v2/audio/controlled_route_sensitive_v2_0115_spk1.wav,resources/controlled_route_sensitive_v2/audio/controlled_route_sensitive_v2_0115_spk2.wav,resources/controlled_route_sensitive_v2/references/controlled_route_sensitive_v2_0115.json,"[SPEAKER_1] 刚觉得晚睡晚起少夜
[SPEAKER_2] 日常時間是一致的沒錯吧",刚觉得晚睡晚起少夜,日常時間是一致的沒錯吧,0.25,speaker_A_dominant,cleaned_win_anchor,cleaned,separated_sources_repeat_tail_cleaned_can_suppress,silver_plus_unverified,con_005|pro_014,16000
controlled_route_sensitive_v2_0116,train,controlled_route_sensitive_v2_candidate_0116,resources/controlled_route_sensitive_v2/audio/controlled_route_sensitive_v2_0116_mixed.wav,resources/controlled_route_sensitive_v2/audio/controlled_route_sensitive_v2_0116_spk1.wav,resources/controlled_route_sensitive_v2/audio/controlled_route_sensitive_v2_0116_spk2.wav,resources/controlled_route_sensitive_v2/references/controlled_route_sensitive_v2_0116.json,"[SPEAKER_1] 晚睡早起也算好夜了
[SPEAKER_2] 只在讲的熬夜所谓的熬夜就是晚睡晚起是吧",晚睡早起也算好夜了,只在讲的熬夜所谓的熬夜就是晚睡晚起是吧,0.3,speaker_A_dominant,review_needed_anchor,review_needed,all_routes_stressed_review_needed,silver_plus_unverified,con_006|pro_004,16000
controlled_route_sensitive_v2_0117,train,controlled_route_sensitive_v2_candidate_0117,resources/controlled_route_sensitive_v2/audio/controlled_route_sensitive_v2_0117_mixed.wav,resources/controlled_route_sensitive_v2/audio/controlled_route_sensitive_v2_0117_spk1.wav,resources/controlled_route_sensitive_v2/audio/controlled_route_sensitive_v2_0117_spk2.wav,resources/controlled_route_sensitive_v2/references/controlled_route_sensitive_v2_0117.json,"[SPEAKER_1] 因为你可以早睡早起
[SPEAKER_2] 你是怎么多出额外的时间来过自己的生活的",因为你可以早睡早起,你是怎么多出额外的时间来过自己的生活的,0.05,speaker_A_dominant,mixed_win_anchor,mixed,separated_sources_noisy_smeared,silver_plus_unverified,con_007|pro_010,16000
controlled_route_sensitive_v2_0118,test,controlled_route_sensitive_v2_candidate_0118,resources/controlled_route_sensitive_v2/audio/controlled_route_sensitive_v2_0118_mixed.wav,resources/controlled_route_sensitive_v2/audio/controlled_route_sensitive_v2_0118_spk1.wav,resources/controlled_route_sensitive_v2/audio/controlled_route_sensitive_v2_0118_spk2.wav,resources/controlled_route_sensitive_v2/references/controlled_route_sensitive_v2_0118.json,"[SPEAKER_1] 因为你可以为了身体建立方式
[SPEAKER_2] 我多了两个小时",因为你可以为了身体建立方式,我多了两个小时,0.65,speaker_A_dominant,separated_win_anchor,separated,mixed_overlap_noisy_sources_clean,silver_plus_unverified,con_008|pro_015,16000
controlled_route_sensitive_v2_0119,test,controlled_route_sensitive_v2_candidate_0119,resources/controlled_route_sensitive_v2/audio/controlled_route_sensitive_v2_0119_mixed.wav,resources/controlled_route_sensitive_v2/audio/controlled_route_sensitive_v2_0119_spk1.wav,resources/controlled_route_sensitive_v2/audio/controlled_route_sensitive_v2_0119_spk2.wav,resources/controlled_route_sensitive_v2/references/controlled_route_sensitive_v2_0119.json,"[SPEAKER_1] 總睡晚睡
[SPEAKER_2] 好我先聊完 都帅玩起",總睡晚睡,好我先聊完 都帅玩起,0.35,speaker_A_dominant,cleaned_win_anchor,cleaned,separated_sources_repeat_tail_cleaned_can_suppress,silver_plus_unverified,con_009|pro_005,16000
controlled_route_sensitive_v2_0120,dev,controlled_route_sensitive_v2_candidate_0120,resources/controlled_route_sensitive_v2/audio/controlled_route_sensitive_v2_0120_mixed.wav,resources/controlled_route_sensitive_v2/audio/controlled_route_sensitive_v2_0120_spk1.wav,resources/controlled_route_sensitive_v2/audio/controlled_route_sensitive_v2_0120_spk2.wav,resources/controlled_route_sensitive_v2/references/controlled_route_sensitive_v2_0120.json,"[SPEAKER_1] 哦不太一致我可以給你擠我
[SPEAKER_2] 我的意思是2点睡10点起",哦不太一致我可以給你擠我,我的意思是2点睡10点起,0.5,speaker_B_dominant,review_needed_anchor,review_needed,all_routes_stressed_review_needed,silver_plus_unverified,con_010|pro_011,16000
