sample_id,dataset_source,split_hint,mixed_wav_path,source_track_1_path,source_track_2_path,deployable_map_path,analysis_teacher_map_path,reference_type,overlap_ratio,dominance_type,target_family,oracle_route,route_gap,mixed_cer,separated_cer,cleaned_cer,mixed_regret,separated_regret,cleaned_regret,review_needed,source_utterance_ids,counterfactual_family_id,target_task,target_path,target_quality,target_scope,student_input_policy,logmel_mean,logmel_std,logmel_p90,overlap_proxy_mean,overlap_proxy_std,overlap_proxy_p90,uncertainty_proxy_mean,uncertainty_proxy_std,uncertainty_proxy_p90,overlap_uncertainty_product
controlled_route_sensitive_v2_0005,controlled_route_sensitive_v2_real_whisper,train,resources/controlled_route_sensitive_v2/audio/controlled_route_sensitive_v2_0005_mixed.wav,resources/controlled_route_sensitive_v2/audio/controlled_route_sensitive_v2_0005_spk1.wav,resources/controlled_route_sensitive_v2/audio/controlled_route_sensitive_v2_0005_spk2.wav,resources/audiodepth_v2_maps/controlled_v2/controlled_route_sensitive_v2_0005.npy,resources/audio_depth_v2_maps/controlled_route_sensitive_v2_0005.npy,silver_plus_unverified,0.05,balanced,mixed_win_anchor,mixed,0.823529,0.117647,0.941176,0.941176,0.0,0.823529,0.823529,False,con_005|pro_012,controlled_route_sensitive_v2_candidate_0005,OVERLAP_MAP,resources/generative_audiodepth_targets/overlap_map/controlled_route_sensitive_v2_0005.npy,oracle_source_activity,time_frequency_map,mixed_audio_or_mixed_logmel_only,0.112661,0.175844,0.317647,0.325613,0.248816,0.745098,0.442356,0.22902,0.760784,0.135764
controlled_route_sensitive_v2_0005,controlled_route_sensitive_v2_real_whisper,train,resources/controlled_route_sensitive_v2/audio/controlled_route_sensitive_v2_0005_mixed.wav,resources/controlled_route_sensitive_v2/audio/controlled_route_sensitive_v2_0005_spk1.wav,resources/controlled_route_sensitive_v2/audio/controlled_route_sensitive_v2_0005_spk2.wav,resources/audiodepth_v2_maps/controlled_v2/controlled_route_sensitive_v2_0005.npy,resources/audio_depth_v2_maps/controlled_route_sensitive_v2_0005.npy,silver_plus_unverified,0.05,balanced,mixed_win_anchor,mixed,0.823529,0.117647,0.941176,0.941176,0.0,0.823529,0.823529,False,con_005|pro_012,controlled_route_sensitive_v2_candidate_0005,DOMINANCE_MAP,resources/generative_audiodepth_targets/dominance_map/controlled_route_sensitive_v2_0005.npy,oracle_source_activity,time_frequency_map,mixed_audio_or_mixed_logmel_only,0.112661,0.175844,0.317647,0.325613,0.248816,0.745098,0.442356,0.22902,0.760784,0.135764
controlled_route_sensitive_v2_0005,controlled_route_sensitive_v2_real_whisper,train,resources/controlled_route_sensitive_v2/audio/controlled_route_sensitive_v2_0005_mixed.wav,resources/controlled_route_sensitive_v2/audio/controlled_route_sensitive_v2_0005_spk1.wav,resources/controlled_route_sensitive_v2/audio/controlled_route_sensitive_v2_0005_spk2.wav,resources/audiodepth_v2_maps/controlled_v2/controlled_route_sensitive_v2_0005.npy,resources/audio_depth_v2_maps/controlled_route_sensitive_v2_0005.npy,silver_plus_unverified,0.05,balanced,mixed_win_anchor,mixed,0.823529,0.117647,0.941176,0.941176,0.0,0.823529,0.823529,False,con_005|pro_012,controlled_route_sensitive_v2_candidate_0005,UNCERTAINTY_MAP,resources/generative_audiodepth_targets/uncertainty_map/controlled_route_sensitive_v2_0005.npy,weak_uncertainty_target,time_frequency_map,mixed_audio_or_mixed_logmel_only,0.112661,0.175844,0.317647,0.325613,0.248816,0.745098,0.442356,0.22902,0.760784,0.135764
controlled_route_sensitive_v2_0005,controlled_route_sensitive_v2_real_whisper,train,resources/controlled_route_sensitive_v2/audio/controlled_route_sensitive_v2_0005_mixed.wav,resources/controlled_route_sensitive_v2/audio/controlled_route_sensitive_v2_0005_spk1.wav,resources/controlled_route_sensitive_v2/audio/controlled_route_sensitive_v2_0005_spk2.wav,resources/audiodepth_v2_maps/controlled_v2/controlled_route_sensitive_v2_0005.npy,resources/audio_depth_v2_maps/controlled_route_sensitive_v2_0005.npy,silver_plus_unverified,0.05,balanced,mixed_win_anchor,mixed,0.823529,0.117647,0.941176,0.941176,0.0,0.823529,0.823529,False,con_005|pro_012,controlled_route_sensitive_v2_candidate_0005,ROUTE_REGRET,resources/generative_audiodepth_targets/route_regret/controlled_route_sensitive_v2_0005.npy,real_whisper_sample_level_regret,sample_level_vector,mixed_audio_or_mixed_logmel_only,0.112661,0.175844,0.317647,0.325613,0.248816,0.745098,0.442356,0.22902,0.760784,0.135764
controlled_route_sensitive_v2_0005,controlled_route_sensitive_v2_real_whisper,train,resources/controlled_route_sensitive_v2/audio/controlled_route_sensitive_v2_0005_mixed.wav,resources/controlled_route_sensitive_v2/audio/controlled_route_sensitive_v2_0005_spk1.wav,resources/controlled_route_sensitive_v2/audio/controlled_route_sensitive_v2_0005_spk2.wav,resources/audiodepth_v2_maps/controlled_v2/controlled_route_sensitive_v2_0005.npy,resources/audio_depth_v2_maps/controlled_route_sensitive_v2_0005.npy,silver_plus_unverified,0.05,balanced,mixed_win_anchor,mixed,0.823529,0.117647,0.941176,0.941176,0.0,0.823529,0.823529,False,con_005|pro_012,controlled_route_sensitive_v2_candidate_0005,REVIEW_RISK,resources/generative_audiodepth_targets/review_risk/controlled_route_sensitive_v2_0005.npy,stage2_review_guard_heuristic,sample_level_vector,mixed_audio_or_mixed_logmel_only,0.112661,0.175844,0.317647,0.325613,0.248816,0.745098,0.442356,0.22902,0.760784,0.135764
controlled_route_sensitive_v2_0006,controlled_route_sensitive_v2_real_whisper,train,resources/controlled_route_sensitive_v2/audio/controlled_route_sensitive_v2_0006_mixed.wav,resources/controlled_route_sensitive_v2/audio/controlled_route_sensitive_v2_0006_spk1.wav,resources/controlled_route_sensitive_v2/audio/controlled_route_sensitive_v2_0006_spk2.wav,resources/audiodepth_v2_maps/controlled_v2/controlled_route_sensitive_v2_0006.npy,resources/audio_depth_v2_maps/controlled_route_sensitive_v2_0006.npy,silver_plus_unverified,0.65,balanced,separated_win_anchor,separated,0.0,1.0,0.291667,0.291667,0.708333,0.0,0.0,True,con_006|pro_003,controlled_route_sensitive_v2_candidate_0006,OVERLAP_MAP,resources/generative_audiodepth_targets/overlap_map/controlled_route_sensitive_v2_0006.npy,oracle_source_activity,time_frequency_map,mixed_audio_or_mixed_logmel_only,0.39727,0.146767,0.584314,0.703569,0.228185,0.913725,0.444792,0.188977,0.713726,0.287606
controlled_route_sensitive_v2_0006,controlled_route_sensitive_v2_real_whisper,train,resources/controlled_route_sensitive_v2/audio/controlled_route_sensitive_v2_0006_mixed.wav,resources/controlled_route_sensitive_v2/audio/controlled_route_sensitive_v2_0006_spk1.wav,resources/controlled_route_sensitive_v2/audio/controlled_route_sensitive_v2_0006_spk2.wav,resources/audiodepth_v2_maps/controlled_v2/controlled_route_sensitive_v2_0006.npy,resources/audio_depth_v2_maps/controlled_route_sensitive_v2_0006.npy,silver_plus_unverified,0.65,balanced,separated_win_anchor,separated,0.0,1.0,0.291667,0.291667,0.708333,0.0,0.0,True,con_006|pro_003,controlled_route_sensitive_v2_candidate_0006,DOMINANCE_MAP,resources/generative_audiodepth_targets/dominance_map/controlled_route_sensitive_v2_0006.npy,oracle_source_activity,time_frequency_map,mixed_audio_or_mixed_logmel_only,0.39727,0.146767,0.584314,0.703569,0.228185,0.913725,0.444792,0.188977,0.713726,0.287606
controlled_route_sensitive_v2_0006,controlled_route_sensitive_v2_real_whisper,train,resources/controlled_route_sensitive_v2/audio/controlled_route_sensitive_v2_0006_mixed.wav,resources/controlled_route_sensitive_v2/audio/controlled_route_sensitive_v2_0006_spk1.wav,resources/controlled_route_sensitive_v2/audio/controlled_route_sensitive_v2_0006_spk2.wav,resources/audiodepth_v2_maps/controlled_v2/controlled_route_sensitive_v2_0006.npy,resources/audio_depth_v2_maps/controlled_route_sensitive_v2_0006.npy,silver_plus_unverified,0.65,balanced,separated_win_anchor,separated,0.0,1.0,0.291667,0.291667,0.708333,0.0,0.0,True,con_006|pro_003,controlled_route_sensitive_v2_candidate_0006,UNCERTAINTY_MAP,resources/generative_audiodepth_targets/uncertainty_map/controlled_route_sensitive_v2_0006.npy,weak_uncertainty_target,time_frequency_map,mixed_audio_or_mixed_logmel_only,0.39727,0.146767,0.584314,0.703569,0.228185,0.913725,0.444792,0.188977,0.713726,0.287606
controlled_route_sensitive_v2_0006,controlled_route_sensitive_v2_real_whisper,train,resources/controlled_route_sensitive_v2/audio/controlled_route_sensitive_v2_0006_mixed.wav,resources/controlled_route_sensitive_v2/audio/controlled_route_sensitive_v2_0006_spk1.wav,resources/controlled_route_sensitive_v2/audio/controlled_route_sensitive_v2_0006_spk2.wav,resources/audiodepth_v2_maps/controlled_v2/controlled_route_sensitive_v2_0006.npy,resources/audio_depth_v2_maps/controlled_route_sensitive_v2_0006.npy,silver_plus_unverified,0.65,balanced,separated_win_anchor,separated,0.0,1.0,0.291667,0.291667,0.708333,0.0,0.0,True,con_006|pro_003,controlled_route_sensitive_v2_candidate_0006,ROUTE_REGRET,resources/generative_audiodepth_targets/route_regret/controlled_route_sensitive_v2_0006.npy,real_whisper_sample_level_regret,sample_level_vector,mixed_audio_or_mixed_logmel_only,0.39727,0.146767,0.584314,0.703569,0.228185,0.913725,0.444792,0.188977,0.713726,0.287606
controlled_route_sensitive_v2_0006,controlled_route_sensitive_v2_real_whisper,train,resources/controlled_route_sensitive_v2/audio/controlled_route_sensitive_v2_0006_mixed.wav,resources/controlled_route_sensitive_v2/audio/controlled_route_sensitive_v2_0006_spk1.wav,resources/controlled_route_sensitive_v2/audio/controlled_route_sensitive_v2_0006_spk2.wav,resources/audiodepth_v2_maps/controlled_v2/controlled_route_sensitive_v2_0006.npy,resources/audio_depth_v2_maps/controlled_route_sensitive_v2_0006.npy,silver_plus_unverified,0.65,balanced,separated_win_anchor,separated,0.0,1.0,0.291667,0.291667,0.708333,0.0,0.0,True,con_006|pro_003,controlled_route_sensitive_v2_candidate_0006,REVIEW_RISK,resources/generative_audiodepth_targets/review_risk/controlled_route_sensitive_v2_0006.npy,stage2_review_guard_heuristic,sample_level_vector,mixed_audio_or_mixed_logmel_only,0.39727,0.146767,0.584314,0.703569,0.228185,0.913725,0.444792,0.188977,0.713726,0.287606
controlled_route_sensitive_v2_0011,controlled_route_sensitive_v2_real_whisper,train,resources/controlled_route_sensitive_v2/audio/controlled_route_sensitive_v2_0011_mixed.wav,resources/controlled_route_sensitive_v2/audio/controlled_route_sensitive_v2_0011_spk1.wav,resources/controlled_route_sensitive_v2/audio/controlled_route_sensitive_v2_0011_spk2.wav,resources/audiodepth_v2_maps/controlled_v2/controlled_route_sensitive_v2_0011.npy,resources/audio_depth_v2_maps/controlled_route_sensitive_v2_0011.npy,silver_plus_unverified,0.45,speaker_A_dominant,cleaned_win_anchor,separated,0.0,0.473684,0.447368,0.447368,0.026316,0.0,0.0,True,con_011|pro_014,controlled_route_sensitive_v2_candidate_0011,OVERLAP_MAP,resources/generative_audiodepth_targets/overlap_map/controlled_route_sensitive_v2_0011.npy,oracle_source_activity,time_frequency_map,mixed_audio_or_mixed_logmel_only,0.176463,0.15907,0.341176,0.556327,0.253356,0.929412,0.367831,0.225967,0.709804,0.168837
controlled_route_sensitive_v2_0011,controlled_route_sensitive_v2_real_whisper,train,resources/controlled_route_sensitive_v2/audio/controlled_route_sensitive_v2_0011_mixed.wav,resources/controlled_route_sensitive_v2/audio/controlled_route_sensitive_v2_0011_spk1.wav,resources/controlled_route_sensitive_v2/audio/controlled_route_sensitive_v2_0011_spk2.wav,resources/audiodepth_v2_maps/controlled_v2/controlled_route_sensitive_v2_0011.npy,resources/audio_depth_v2_maps/controlled_route_sensitive_v2_0011.npy,silver_plus_unverified,0.45,speaker_A_dominant,cleaned_win_anchor,separated,0.0,0.473684,0.447368,0.447368,0.026316,0.0,0.0,True,con_011|pro_014,controlled_route_sensitive_v2_candidate_0011,DOMINANCE_MAP,resources/generative_audiodepth_targets/dominance_map/controlled_route_sensitive_v2_0011.npy,oracle_source_activity,time_frequency_map,mixed_audio_or_mixed_logmel_only,0.176463,0.15907,0.341176,0.556327,0.253356,0.929412,0.367831,0.225967,0.709804,0.168837
controlled_route_sensitive_v2_0011,controlled_route_sensitive_v2_real_whisper,train,resources/controlled_route_sensitive_v2/audio/controlled_route_sensitive_v2_0011_mixed.wav,resources/controlled_route_sensitive_v2/audio/controlled_route_sensitive_v2_0011_spk1.wav,resources/controlled_route_sensitive_v2/audio/controlled_route_sensitive_v2_0011_spk2.wav,resources/audiodepth_v2_maps/controlled_v2/controlled_route_sensitive_v2_0011.npy,resources/audio_depth_v2_maps/controlled_route_sensitive_v2_0011.npy,silver_plus_unverified,0.45,speaker_A_dominant,cleaned_win_anchor,separated,0.0,0.473684,0.447368,0.447368,0.026316,0.0,0.0,True,con_011|pro_014,controlled_route_sensitive_v2_candidate_0011,UNCERTAINTY_MAP,resources/generative_audiodepth_targets/uncertainty_map/controlled_route_sensitive_v2_0011.npy,weak_uncertainty_target,time_frequency_map,mixed_audio_or_mixed_logmel_only,0.176463,0.15907,0.341176,0.556327,0.253356,0.929412,0.367831,0.225967,0.709804,0.168837
controlled_route_sensitive_v2_0011,controlled_route_sensitive_v2_real_whisper,train,resources/controlled_route_sensitive_v2/audio/controlled_route_sensitive_v2_0011_mixed.wav,resources/controlled_route_sensitive_v2/audio/controlled_route_sensitive_v2_0011_spk1.wav,resources/controlled_route_sensitive_v2/audio/controlled_route_sensitive_v2_0011_spk2.wav,resources/audiodepth_v2_maps/controlled_v2/controlled_route_sensitive_v2_0011.npy,resources/audio_depth_v2_maps/controlled_route_sensitive_v2_0011.npy,silver_plus_unverified,0.45,speaker_A_dominant,cleaned_win_anchor,separated,0.0,0.473684,0.447368,0.447368,0.026316,0.0,0.0,True,con_011|pro_014,controlled_route_sensitive_v2_candidate_0011,ROUTE_REGRET,resources/generative_audiodepth_targets/route_regret/controlled_route_sensitive_v2_0011.npy,real_whisper_sample_level_regret,sample_level_vector,mixed_audio_or_mixed_logmel_only,0.176463,0.15907,0.341176,0.556327,0.253356,0.929412,0.367831,0.225967,0.709804,0.168837
controlled_route_sensitive_v2_0011,controlled_route_sensitive_v2_real_whisper,train,resources/controlled_route_sensitive_v2/audio/controlled_route_sensitive_v2_0011_mixed.wav,resources/controlled_route_sensitive_v2/audio/controlled_route_sensitive_v2_0011_spk1.wav,resources/controlled_route_sensitive_v2/audio/controlled_route_sensitive_v2_0011_spk2.wav,resources/audiodepth_v2_maps/controlled_v2/controlled_route_sensitive_v2_0011.npy,resources/audio_depth_v2_maps/controlled_route_sensitive_v2_0011.npy,silver_plus_unverified,0.45,speaker_A_dominant,cleaned_win_anchor,separated,0.0,0.473684,0.447368,0.447368,0.026316,0.0,0.0,True,con_011|pro_014,controlled_route_sensitive_v2_candidate_0011,REVIEW_RISK,resources/generative_audiodepth_targets/review_risk/controlled_route_sensitive_v2_0011.npy,stage2_review_guard_heuristic,sample_level_vector,mixed_audio_or_mixed_logmel_only,0.176463,0.15907,0.341176,0.556327,0.253356,0.929412,0.367831,0.225967,0.709804,0.168837
controlled_route_sensitive_v2_0012,controlled_route_sensitive_v2_real_whisper,train,resources/controlled_route_sensitive_v2/audio/controlled_route_sensitive_v2_0012_mixed.wav,resources/controlled_route_sensitive_v2/audio/controlled_route_sensitive_v2_0012_spk1.wav,resources/controlled_route_sensitive_v2/audio/controlled_route_sensitive_v2_0012_spk2.wav,resources/audiodepth_v2_maps/controlled_v2/controlled_route_sensitive_v2_0012.npy,resources/audio_depth_v2_maps/controlled_route_sensitive_v2_0012.npy,silver_plus_unverified,0.7,speaker_A_dominant,review_needed_anchor,mixed,0.0,1.0,1.0,1.0,0.0,0.0,0.0,True,con_001|pro_005,controlled_route_sensitive_v2_candidate_0012,OVERLAP_MAP,resources/generative_audiodepth_targets/overlap_map/controlled_route_sensitive_v2_0012.npy,oracle_source_activity,time_frequency_map,mixed_audio_or_mixed_logmel_only,0.449937,0.137989,0.635294,0.566544,0.210088,0.827451,0.493704,0.161142,0.701961,0.265975
controlled_route_sensitive_v2_0012,controlled_route_sensitive_v2_real_whisper,train,resources/controlled_route_sensitive_v2/audio/controlled_route_sensitive_v2_0012_mixed.wav,resources/controlled_route_sensitive_v2/audio/controlled_route_sensitive_v2_0012_spk1.wav,resources/controlled_route_sensitive_v2/audio/controlled_route_sensitive_v2_0012_spk2.wav,resources/audiodepth_v2_maps/controlled_v2/controlled_route_sensitive_v2_0012.npy,resources/audio_depth_v2_maps/controlled_route_sensitive_v2_0012.npy,silver_plus_unverified,0.7,speaker_A_dominant,review_needed_anchor,mixed,0.0,1.0,1.0,1.0,0.0,0.0,0.0,True,con_001|pro_005,controlled_route_sensitive_v2_candidate_0012,DOMINANCE_MAP,resources/generative_audiodepth_targets/dominance_map/controlled_route_sensitive_v2_0012.npy,oracle_source_activity,time_frequency_map,mixed_audio_or_mixed_logmel_only,0.449937,0.137989,0.635294,0.566544,0.210088,0.827451,0.493704,0.161142,0.701961,0.265975
controlled_route_sensitive_v2_0012,controlled_route_sensitive_v2_real_whisper,train,resources/controlled_route_sensitive_v2/audio/controlled_route_sensitive_v2_0012_mixed.wav,resources/controlled_route_sensitive_v2/audio/controlled_route_sensitive_v2_0012_spk1.wav,resources/controlled_route_sensitive_v2/audio/controlled_route_sensitive_v2_0012_spk2.wav,resources/audiodepth_v2_maps/controlled_v2/controlled_route_sensitive_v2_0012.npy,resources/audio_depth_v2_maps/controlled_route_sensitive_v2_0012.npy,silver_plus_unverified,0.7,speaker_A_dominant,review_needed_anchor,mixed,0.0,1.0,1.0,1.0,0.0,0.0,0.0,True,con_001|pro_005,controlled_route_sensitive_v2_candidate_0012,UNCERTAINTY_MAP,resources/generative_audiodepth_targets/uncertainty_map/controlled_route_sensitive_v2_0012.npy,weak_uncertainty_target,time_frequency_map,mixed_audio_or_mixed_logmel_only,0.449937,0.137989,0.635294,0.566544,0.210088,0.827451,0.493704,0.161142,0.701961,0.265975
controlled_route_sensitive_v2_0012,controlled_route_sensitive_v2_real_whisper,train,resources/controlled_route_sensitive_v2/audio/controlled_route_sensitive_v2_0012_mixed.wav,resources/controlled_route_sensitive_v2/audio/controlled_route_sensitive_v2_0012_spk1.wav,resources/controlled_route_sensitive_v2/audio/controlled_route_sensitive_v2_0012_spk2.wav,resources/audiodepth_v2_maps/controlled_v2/controlled_route_sensitive_v2_0012.npy,resources/audio_depth_v2_maps/controlled_route_sensitive_v2_0012.npy,silver_plus_unverified,0.7,speaker_A_dominant,review_needed_anchor,mixed,0.0,1.0,1.0,1.0,0.0,0.0,0.0,True,con_001|pro_005,controlled_route_sensitive_v2_candidate_0012,ROUTE_REGRET,resources/generative_audiodepth_targets/route_regret/controlled_route_sensitive_v2_0012.npy,real_whisper_sample_level_regret,sample_level_vector,mixed_audio_or_mixed_logmel_only,0.449937,0.137989,0.635294,0.566544,0.210088,0.827451,0.493704,0.161142,0.701961,0.265975
controlled_route_sensitive_v2_0012,controlled_route_sensitive_v2_real_whisper,train,resources/controlled_route_sensitive_v2/audio/controlled_route_sensitive_v2_0012_mixed.wav,resources/controlled_route_sensitive_v2/audio/controlled_route_sensitive_v2_0012_spk1.wav,resources/controlled_route_sensitive_v2/audio/controlled_route_sensitive_v2_0012_spk2.wav,resources/audiodepth_v2_maps/controlled_v2/controlled_route_sensitive_v2_0012.npy,resources/audio_depth_v2_maps/controlled_route_sensitive_v2_0012.npy,silver_plus_unverified,0.7,speaker_A_dominant,review_needed_anchor,mixed,0.0,1.0,1.0,1.0,0.0,0.0,0.0,True,con_001|pro_005,controlled_route_sensitive_v2_candidate_0012,REVIEW_RISK,resources/generative_audiodepth_targets/review_risk/controlled_route_sensitive_v2_0012.npy,stage2_review_guard_heuristic,sample_level_vector,mixed_audio_or_mixed_logmel_only,0.449937,0.137989,0.635294,0.566544,0.210088,0.827451,0.493704,0.161142,0.701961,0.265975
controlled_route_sensitive_v2_0017,controlled_route_sensitive_v2_real_whisper,train,resources/controlled_route_sensitive_v2/audio/controlled_route_sensitive_v2_0017_mixed.wav,resources/controlled_route_sensitive_v2/audio/controlled_route_sensitive_v2_0017_spk1.wav,resources/controlled_route_sensitive_v2/audio/controlled_route_sensitive_v2_0017_spk2.wav,resources/audiodepth_v2_maps/controlled_v2/controlled_route_sensitive_v2_0017.npy,resources/audio_depth_v2_maps/controlled_route_sensitive_v2_0017.npy,silver_plus_unverified,0.0,speaker_B_dominant,mixed_win_anchor,mixed,0.461538,0.538462,1.0,1.0,0.0,0.461538,0.461538,False,con_006|pro_001,controlled_route_sensitive_v2_candidate_0017,OVERLAP_MAP,resources/generative_audiodepth_targets/overlap_map/controlled_route_sensitive_v2_0017.npy,oracle_source_activity,time_frequency_map,mixed_audio_or_mixed_logmel_only,0.115156,0.179546,0.341176,0.327727,0.236231,0.682353,0.403539,0.240291,0.733333,0.140689
controlled_route_sensitive_v2_0017,controlled_route_sensitive_v2_real_whisper,train,resources/controlled_route_sensitive_v2/audio/controlled_route_sensitive_v2_0017_mixed.wav,resources/controlled_route_sensitive_v2/audio/controlled_route_sensitive_v2_0017_spk1.wav,resources/controlled_route_sensitive_v2/audio/controlled_route_sensitive_v2_0017_spk2.wav,resources/audiodepth_v2_maps/controlled_v2/controlled_route_sensitive_v2_0017.npy,resources/audio_depth_v2_maps/controlled_route_sensitive_v2_0017.npy,silver_plus_unverified,0.0,speaker_B_dominant,mixed_win_anchor,mixed,0.461538,0.538462,1.0,1.0,0.0,0.461538,0.461538,False,con_006|pro_001,controlled_route_sensitive_v2_candidate_0017,DOMINANCE_MAP,resources/generative_audiodepth_targets/dominance_map/controlled_route_sensitive_v2_0017.npy,oracle_source_activity,time_frequency_map,mixed_audio_or_mixed_logmel_only,0.115156,0.179546,0.341176,0.327727,0.236231,0.682353,0.403539,0.240291,0.733333,0.140689
controlled_route_sensitive_v2_0017,controlled_route_sensitive_v2_real_whisper,train,resources/controlled_route_sensitive_v2/audio/controlled_route_sensitive_v2_0017_mixed.wav,resources/controlled_route_sensitive_v2/audio/controlled_route_sensitive_v2_0017_spk1.wav,resources/controlled_route_sensitive_v2/audio/controlled_route_sensitive_v2_0017_spk2.wav,resources/audiodepth_v2_maps/controlled_v2/controlled_route_sensitive_v2_0017.npy,resources/audio_depth_v2_maps/controlled_route_sensitive_v2_0017.npy,silver_plus_unverified,0.0,speaker_B_dominant,mixed_win_anchor,mixed,0.461538,0.538462,1.0,1.0,0.0,0.461538,0.461538,False,con_006|pro_001,controlled_route_sensitive_v2_candidate_0017,UNCERTAINTY_MAP,resources/generative_audiodepth_targets/uncertainty_map/controlled_route_sensitive_v2_0017.npy,weak_uncertainty_target,time_frequency_map,mixed_audio_or_mixed_logmel_only,0.115156,0.179546,0.341176,0.327727,0.236231,0.682353,0.403539,0.240291,0.733333,0.140689
controlled_route_sensitive_v2_0017,controlled_route_sensitive_v2_real_whisper,train,resources/controlled_route_sensitive_v2/audio/controlled_route_sensitive_v2_0017_mixed.wav,resources/controlled_route_sensitive_v2/audio/controlled_route_sensitive_v2_0017_spk1.wav,resources/controlled_route_sensitive_v2/audio/controlled_route_sensitive_v2_0017_spk2.wav,resources/audiodepth_v2_maps/controlled_v2/controlled_route_sensitive_v2_0017.npy,resources/audio_depth_v2_maps/controlled_route_sensitive_v2_0017.npy,silver_plus_unverified,0.0,speaker_B_dominant,mixed_win_anchor,mixed,0.461538,0.538462,1.0,1.0,0.0,0.461538,0.461538,False,con_006|pro_001,controlled_route_sensitive_v2_candidate_0017,ROUTE_REGRET,resources/generative_audiodepth_targets/route_regret/controlled_route_sensitive_v2_0017.npy,real_whisper_sample_level_regret,sample_level_vector,mixed_audio_or_mixed_logmel_only,0.115156,0.179546,0.341176,0.327727,0.236231,0.682353,0.403539,0.240291,0.733333,0.140689
controlled_route_sensitive_v2_0017,controlled_route_sensitive_v2_real_whisper,train,resources/controlled_route_sensitive_v2/audio/controlled_route_sensitive_v2_0017_mixed.wav,resources/controlled_route_sensitive_v2/audio/controlled_route_sensitive_v2_0017_spk1.wav,resources/controlled_route_sensitive_v2/audio/controlled_route_sensitive_v2_0017_spk2.wav,resources/audiodepth_v2_maps/controlled_v2/controlled_route_sensitive_v2_0017.npy,resources/audio_depth_v2_maps/controlled_route_sensitive_v2_0017.npy,silver_plus_unverified,0.0,speaker_B_dominant,mixed_win_anchor,mixed,0.461538,0.538462,1.0,1.0,0.0,0.461538,0.461538,False,con_006|pro_001,controlled_route_sensitive_v2_candidate_0017,REVIEW_RISK,resources/generative_audiodepth_targets/review_risk/controlled_route_sensitive_v2_0017.npy,stage2_review_guard_heuristic,sample_level_vector,mixed_audio_or_mixed_logmel_only,0.115156,0.179546,0.341176,0.327727,0.236231,0.682353,0.403539,0.240291,0.733333,0.140689
controlled_route_sensitive_v2_0023,controlled_route_sensitive_v2_real_whisper,train,resources/controlled_route_sensitive_v2/audio/controlled_route_sensitive_v2_0023_mixed.wav,resources/controlled_route_sensitive_v2/audio/controlled_route_sensitive_v2_0023_spk1.wav,resources/controlled_route_sensitive_v2/audio/controlled_route_sensitive_v2_0023_spk2.wav,resources/audiodepth_v2_maps/controlled_v2/controlled_route_sensitive_v2_0023.npy,resources/audio_depth_v2_maps/controlled_route_sensitive_v2_0023.npy,silver_plus_unverified,0.35,balanced,cleaned_win_anchor,separated,0.0,0.333333,0.2,0.2,0.133333,0.0,0.0,True,con_001|pro_003,controlled_route_sensitive_v2_candidate_0023,OVERLAP_MAP,resources/generative_audiodepth_targets/overlap_map/controlled_route_sensitive_v2_0023.npy,oracle_source_activity,time_frequency_map,mixed_audio_or_mixed_logmel_only,0.229839,0.140444,0.372549,0.627405,0.276204,0.945098,0.370833,0.220903,0.709804,0.18612
controlled_route_sensitive_v2_0023,controlled_route_sensitive_v2_real_whisper,train,resources/controlled_route_sensitive_v2/audio/controlled_route_sensitive_v2_0023_mixed.wav,resources/controlled_route_sensitive_v2/audio/controlled_route_sensitive_v2_0023_spk1.wav,resources/controlled_route_sensitive_v2/audio/controlled_route_sensitive_v2_0023_spk2.wav,resources/audiodepth_v2_maps/controlled_v2/controlled_route_sensitive_v2_0023.npy,resources/audio_depth_v2_maps/controlled_route_sensitive_v2_0023.npy,silver_plus_unverified,0.35,balanced,cleaned_win_anchor,separated,0.0,0.333333,0.2,0.2,0.133333,0.0,0.0,True,con_001|pro_003,controlled_route_sensitive_v2_candidate_0023,DOMINANCE_MAP,resources/generative_audiodepth_targets/dominance_map/controlled_route_sensitive_v2_0023.npy,oracle_source_activity,time_frequency_map,mixed_audio_or_mixed_logmel_only,0.229839,0.140444,0.372549,0.627405,0.276204,0.945098,0.370833,0.220903,0.709804,0.18612
controlled_route_sensitive_v2_0023,controlled_route_sensitive_v2_real_whisper,train,resources/controlled_route_sensitive_v2/audio/controlled_route_sensitive_v2_0023_mixed.wav,resources/controlled_route_sensitive_v2/audio/controlled_route_sensitive_v2_0023_spk1.wav,resources/controlled_route_sensitive_v2/audio/controlled_route_sensitive_v2_0023_spk2.wav,resources/audiodepth_v2_maps/controlled_v2/controlled_route_sensitive_v2_0023.npy,resources/audio_depth_v2_maps/controlled_route_sensitive_v2_0023.npy,silver_plus_unverified,0.35,balanced,cleaned_win_anchor,separated,0.0,0.333333,0.2,0.2,0.133333,0.0,0.0,True,con_001|pro_003,controlled_route_sensitive_v2_candidate_0023,UNCERTAINTY_MAP,resources/generative_audiodepth_targets/uncertainty_map/controlled_route_sensitive_v2_0023.npy,weak_uncertainty_target,time_frequency_map,mixed_audio_or_mixed_logmel_only,0.229839,0.140444,0.372549,0.627405,0.276204,0.945098,0.370833,0.220903,0.709804,0.18612
controlled_route_sensitive_v2_0023,controlled_route_sensitive_v2_real_whisper,train,resources/controlled_route_sensitive_v2/audio/controlled_route_sensitive_v2_0023_mixed.wav,resources/controlled_route_sensitive_v2/audio/controlled_route_sensitive_v2_0023_spk1.wav,resources/controlled_route_sensitive_v2/audio/controlled_route_sensitive_v2_0023_spk2.wav,resources/audiodepth_v2_maps/controlled_v2/controlled_route_sensitive_v2_0023.npy,resources/audio_depth_v2_maps/controlled_route_sensitive_v2_0023.npy,silver_plus_unverified,0.35,balanced,cleaned_win_anchor,separated,0.0,0.333333,0.2,0.2,0.133333,0.0,0.0,True,con_001|pro_003,controlled_route_sensitive_v2_candidate_0023,ROUTE_REGRET,resources/generative_audiodepth_targets/route_regret/controlled_route_sensitive_v2_0023.npy,real_whisper_sample_level_regret,sample_level_vector,mixed_audio_or_mixed_logmel_only,0.229839,0.140444,0.372549,0.627405,0.276204,0.945098,0.370833,0.220903,0.709804,0.18612
controlled_route_sensitive_v2_0023,controlled_route_sensitive_v2_real_whisper,train,resources/controlled_route_sensitive_v2/audio/controlled_route_sensitive_v2_0023_mixed.wav,resources/controlled_route_sensitive_v2/audio/controlled_route_sensitive_v2_0023_spk1.wav,resources/controlled_route_sensitive_v2/audio/controlled_route_sensitive_v2_0023_spk2.wav,resources/audiodepth_v2_maps/controlled_v2/controlled_route_sensitive_v2_0023.npy,resources/audio_depth_v2_maps/controlled_route_sensitive_v2_0023.npy,silver_plus_unverified,0.35,balanced,cleaned_win_anchor,separated,0.0,0.333333,0.2,0.2,0.133333,0.0,0.0,True,con_001|pro_003,controlled_route_sensitive_v2_candidate_0023,REVIEW_RISK,resources/generative_audiodepth_targets/review_risk/controlled_route_sensitive_v2_0023.npy,stage2_review_guard_heuristic,sample_level_vector,mixed_audio_or_mixed_logmel_only,0.229839,0.140444,0.372549,0.627405,0.276204,0.945098,0.370833,0.220903,0.709804,0.18612
controlled_route_sensitive_v2_0028,controlled_route_sensitive_v2_real_whisper,train,resources/controlled_route_sensitive_v2/audio/controlled_route_sensitive_v2_0028_mixed.wav,resources/controlled_route_sensitive_v2/audio/controlled_route_sensitive_v2_0028_spk1.wav,resources/controlled_route_sensitive_v2/audio/controlled_route_sensitive_v2_0028_spk2.wav,resources/audiodepth_v2_maps/controlled_v2/controlled_route_sensitive_v2_0028.npy,resources/audio_depth_v2_maps/controlled_route_sensitive_v2_0028.npy,silver_plus_unverified,0.7,balanced,review_needed_anchor,mixed,0.0,1.0,1.0,1.0,0.0,0.0,0.0,True,con_006|pro_015,controlled_route_sensitive_v2_candidate_0028,OVERLAP_MAP,resources/generative_audiodepth_targets/overlap_map/controlled_route_sensitive_v2_0028.npy,oracle_source_activity,time_frequency_map,mixed_audio_or_mixed_logmel_only,0.435991,0.157414,0.643137,0.714246,0.19204,0.890196,0.489017,0.206486,0.760784,0.334043
controlled_route_sensitive_v2_0028,controlled_route_sensitive_v2_real_whisper,train,resources/controlled_route_sensitive_v2/audio/controlled_route_sensitive_v2_0028_mixed.wav,resources/controlled_route_sensitive_v2/audio/controlled_route_sensitive_v2_0028_spk1.wav,resources/controlled_route_sensitive_v2/audio/controlled_route_sensitive_v2_0028_spk2.wav,resources/audiodepth_v2_maps/controlled_v2/controlled_route_sensitive_v2_0028.npy,resources/audio_depth_v2_maps/controlled_route_sensitive_v2_0028.npy,silver_plus_unverified,0.7,balanced,review_needed_anchor,mixed,0.0,1.0,1.0,1.0,0.0,0.0,0.0,True,con_006|pro_015,controlled_route_sensitive_v2_candidate_0028,DOMINANCE_MAP,resources/generative_audiodepth_targets/dominance_map/controlled_route_sensitive_v2_0028.npy,oracle_source_activity,time_frequency_map,mixed_audio_or_mixed_logmel_only,0.435991,0.157414,0.643137,0.714246,0.19204,0.890196,0.489017,0.206486,0.760784,0.334043
controlled_route_sensitive_v2_0028,controlled_route_sensitive_v2_real_whisper,train,resources/controlled_route_sensitive_v2/audio/controlled_route_sensitive_v2_0028_mixed.wav,resources/controlled_route_sensitive_v2/audio/controlled_route_sensitive_v2_0028_spk1.wav,resources/controlled_route_sensitive_v2/audio/controlled_route_sensitive_v2_0028_spk2.wav,resources/audiodepth_v2_maps/controlled_v2/controlled_route_sensitive_v2_0028.npy,resources/audio_depth_v2_maps/controlled_route_sensitive_v2_0028.npy,silver_plus_unverified,0.7,balanced,review_needed_anchor,mixed,0.0,1.0,1.0,1.0,0.0,0.0,0.0,True,con_006|pro_015,controlled_route_sensitive_v2_candidate_0028,UNCERTAINTY_MAP,resources/generative_audiodepth_targets/uncertainty_map/controlled_route_sensitive_v2_0028.npy,weak_uncertainty_target,time_frequency_map,mixed_audio_or_mixed_logmel_only,0.435991,0.157414,0.643137,0.714246,0.19204,0.890196,0.489017,0.206486,0.760784,0.334043
controlled_route_sensitive_v2_0028,controlled_route_sensitive_v2_real_whisper,train,resources/controlled_route_sensitive_v2/audio/controlled_route_sensitive_v2_0028_mixed.wav,resources/controlled_route_sensitive_v2/audio/controlled_route_sensitive_v2_0028_spk1.wav,resources/controlled_route_sensitive_v2/audio/controlled_route_sensitive_v2_0028_spk2.wav,resources/audiodepth_v2_maps/controlled_v2/controlled_route_sensitive_v2_0028.npy,resources/audio_depth_v2_maps/controlled_route_sensitive_v2_0028.npy,silver_plus_unverified,0.7,balanced,review_needed_anchor,mixed,0.0,1.0,1.0,1.0,0.0,0.0,0.0,True,con_006|pro_015,controlled_route_sensitive_v2_candidate_0028,ROUTE_REGRET,resources/generative_audiodepth_targets/route_regret/controlled_route_sensitive_v2_0028.npy,real_whisper_sample_level_regret,sample_level_vector,mixed_audio_or_mixed_logmel_only,0.435991,0.157414,0.643137,0.714246,0.19204,0.890196,0.489017,0.206486,0.760784,0.334043
controlled_route_sensitive_v2_0028,controlled_route_sensitive_v2_real_whisper,train,resources/controlled_route_sensitive_v2/audio/controlled_route_sensitive_v2_0028_mixed.wav,resources/controlled_route_sensitive_v2/audio/controlled_route_sensitive_v2_0028_spk1.wav,resources/controlled_route_sensitive_v2/audio/controlled_route_sensitive_v2_0028_spk2.wav,resources/audiodepth_v2_maps/controlled_v2/controlled_route_sensitive_v2_0028.npy,resources/audio_depth_v2_maps/controlled_route_sensitive_v2_0028.npy,silver_plus_unverified,0.7,balanced,review_needed_anchor,mixed,0.0,1.0,1.0,1.0,0.0,0.0,0.0,True,con_006|pro_015,controlled_route_sensitive_v2_candidate_0028,REVIEW_RISK,resources/generative_audiodepth_targets/review_risk/controlled_route_sensitive_v2_0028.npy,stage2_review_guard_heuristic,sample_level_vector,mixed_audio_or_mixed_logmel_only,0.435991,0.157414,0.643137,0.714246,0.19204,0.890196,0.489017,0.206486,0.760784,0.334043
controlled_route_sensitive_v2_0033,controlled_route_sensitive_v2_real_whisper,train,resources/controlled_route_sensitive_v2/audio/controlled_route_sensitive_v2_0033_mixed.wav,resources/controlled_route_sensitive_v2/audio/controlled_route_sensitive_v2_0033_spk1.wav,resources/controlled_route_sensitive_v2/audio/controlled_route_sensitive_v2_0033_spk2.wav,resources/audiodepth_v2_maps/controlled_v2/controlled_route_sensitive_v2_0033.npy,resources/audio_depth_v2_maps/controlled_route_sensitive_v2_0033.npy,silver_plus_unverified,0.0,speaker_A_dominant,mixed_win_anchor,mixed,0.514285,0.371429,0.885714,0.885714,0.0,0.514285,0.514285,False,con_011|pro_012,controlled_route_sensitive_v2_candidate_0033,OVERLAP_MAP,resources/generative_audiodepth_targets/overlap_map/controlled_route_sensitive_v2_0033.npy,oracle_source_activity,time_frequency_map,mixed_audio_or_mixed_logmel_only,0.107672,0.172109,0.301961,0.349755,0.246039,0.772549,0.37814,0.233687,0.717647,0.129386
controlled_route_sensitive_v2_0033,controlled_route_sensitive_v2_real_whisper,train,resources/controlled_route_sensitive_v2/audio/controlled_route_sensitive_v2_0033_mixed.wav,resources/controlled_route_sensitive_v2/audio/controlled_route_sensitive_v2_0033_spk1.wav,resources/controlled_route_sensitive_v2/audio/controlled_route_sensitive_v2_0033_spk2.wav,resources/audiodepth_v2_maps/controlled_v2/controlled_route_sensitive_v2_0033.npy,resources/audio_depth_v2_maps/controlled_route_sensitive_v2_0033.npy,silver_plus_unverified,0.0,speaker_A_dominant,mixed_win_anchor,mixed,0.514285,0.371429,0.885714,0.885714,0.0,0.514285,0.514285,False,con_011|pro_012,controlled_route_sensitive_v2_candidate_0033,DOMINANCE_MAP,resources/generative_audiodepth_targets/dominance_map/controlled_route_sensitive_v2_0033.npy,oracle_source_activity,time_frequency_map,mixed_audio_or_mixed_logmel_only,0.107672,0.172109,0.301961,0.349755,0.246039,0.772549,0.37814,0.233687,0.717647,0.129386
controlled_route_sensitive_v2_0033,controlled_route_sensitive_v2_real_whisper,train,resources/controlled_route_sensitive_v2/audio/controlled_route_sensitive_v2_0033_mixed.wav,resources/controlled_route_sensitive_v2/audio/controlled_route_sensitive_v2_0033_spk1.wav,resources/controlled_route_sensitive_v2/audio/controlled_route_sensitive_v2_0033_spk2.wav,resources/audiodepth_v2_maps/controlled_v2/controlled_route_sensitive_v2_0033.npy,resources/audio_depth_v2_maps/controlled_route_sensitive_v2_0033.npy,silver_plus_unverified,0.0,speaker_A_dominant,mixed_win_anchor,mixed,0.514285,0.371429,0.885714,0.885714,0.0,0.514285,0.514285,False,con_011|pro_012,controlled_route_sensitive_v2_candidate_0033,UNCERTAINTY_MAP,resources/generative_audiodepth_targets/uncertainty_map/controlled_route_sensitive_v2_0033.npy,weak_uncertainty_target,time_frequency_map,mixed_audio_or_mixed_logmel_only,0.107672,0.172109,0.301961,0.349755,0.246039,0.772549,0.37814,0.233687,0.717647,0.129386
controlled_route_sensitive_v2_0033,controlled_route_sensitive_v2_real_whisper,train,resources/controlled_route_sensitive_v2/audio/controlled_route_sensitive_v2_0033_mixed.wav,resources/controlled_route_sensitive_v2/audio/controlled_route_sensitive_v2_0033_spk1.wav,resources/controlled_route_sensitive_v2/audio/controlled_route_sensitive_v2_0033_spk2.wav,resources/audiodepth_v2_maps/controlled_v2/controlled_route_sensitive_v2_0033.npy,resources/audio_depth_v2_maps/controlled_route_sensitive_v2_0033.npy,silver_plus_unverified,0.0,speaker_A_dominant,mixed_win_anchor,mixed,0.514285,0.371429,0.885714,0.885714,0.0,0.514285,0.514285,False,con_011|pro_012,controlled_route_sensitive_v2_candidate_0033,ROUTE_REGRET,resources/generative_audiodepth_targets/route_regret/controlled_route_sensitive_v2_0033.npy,real_whisper_sample_level_regret,sample_level_vector,mixed_audio_or_mixed_logmel_only,0.107672,0.172109,0.301961,0.349755,0.246039,0.772549,0.37814,0.233687,0.717647,0.129386
controlled_route_sensitive_v2_0033,controlled_route_sensitive_v2_real_whisper,train,resources/controlled_route_sensitive_v2/audio/controlled_route_sensitive_v2_0033_mixed.wav,resources/controlled_route_sensitive_v2/audio/controlled_route_sensitive_v2_0033_spk1.wav,resources/controlled_route_sensitive_v2/audio/controlled_route_sensitive_v2_0033_spk2.wav,resources/audiodepth_v2_maps/controlled_v2/controlled_route_sensitive_v2_0033.npy,resources/audio_depth_v2_maps/controlled_route_sensitive_v2_0033.npy,silver_plus_unverified,0.0,speaker_A_dominant,mixed_win_anchor,mixed,0.514285,0.371429,0.885714,0.885714,0.0,0.514285,0.514285,False,con_011|pro_012,controlled_route_sensitive_v2_candidate_0033,REVIEW_RISK,resources/generative_audiodepth_targets/review_risk/controlled_route_sensitive_v2_0033.npy,stage2_review_guard_heuristic,sample_level_vector,mixed_audio_or_mixed_logmel_only,0.107672,0.172109,0.301961,0.349755,0.246039,0.772549,0.37814,0.233687,0.717647,0.129386
controlled_route_sensitive_v2_0034,controlled_route_sensitive_v2_real_whisper,test,resources/controlled_route_sensitive_v2/audio/controlled_route_sensitive_v2_0034_mixed.wav,resources/controlled_route_sensitive_v2/audio/controlled_route_sensitive_v2_0034_spk1.wav,resources/controlled_route_sensitive_v2/audio/controlled_route_sensitive_v2_0034_spk2.wav,resources/audiodepth_v2_maps/controlled_v2/controlled_route_sensitive_v2_0034.npy,resources/audio_depth_v2_maps/controlled_route_sensitive_v2_0034.npy,silver_plus_unverified,0.55,speaker_A_dominant,separated_win_anchor,separated,0.0,1.0,0.52,0.52,0.48,0.0,0.0,True,con_001|pro_002,controlled_route_sensitive_v2_candidate_0034,OVERLAP_MAP,resources/generative_audiodepth_targets/overlap_map/controlled_route_sensitive_v2_0034.npy,oracle_source_activity,time_frequency_map,mixed_audio_or_mixed_logmel_only,0.416186,0.140951,0.603922,0.686857,0.213706,0.890196,0.496752,0.180101,0.764706,0.321223
controlled_route_sensitive_v2_0034,controlled_route_sensitive_v2_real_whisper,test,resources/controlled_route_sensitive_v2/audio/controlled_route_sensitive_v2_0034_mixed.wav,resources/controlled_route_sensitive_v2/audio/controlled_route_sensitive_v2_0034_spk1.wav,resources/controlled_route_sensitive_v2/audio/controlled_route_sensitive_v2_0034_spk2.wav,resources/audiodepth_v2_maps/controlled_v2/controlled_route_sensitive_v2_0034.npy,resources/audio_depth_v2_maps/controlled_route_sensitive_v2_0034.npy,silver_plus_unverified,0.55,speaker_A_dominant,separated_win_anchor,separated,0.0,1.0,0.52,0.52,0.48,0.0,0.0,True,con_001|pro_002,controlled_route_sensitive_v2_candidate_0034,DOMINANCE_MAP,resources/generative_audiodepth_targets/dominance_map/controlled_route_sensitive_v2_0034.npy,oracle_source_activity,time_frequency_map,mixed_audio_or_mixed_logmel_only,0.416186,0.140951,0.603922,0.686857,0.213706,0.890196,0.496752,0.180101,0.764706,0.321223
controlled_route_sensitive_v2_0034,controlled_route_sensitive_v2_real_whisper,test,resources/controlled_route_sensitive_v2/audio/controlled_route_sensitive_v2_0034_mixed.wav,resources/controlled_route_sensitive_v2/audio/controlled_route_sensitive_v2_0034_spk1.wav,resources/controlled_route_sensitive_v2/audio/controlled_route_sensitive_v2_0034_spk2.wav,resources/audiodepth_v2_maps/controlled_v2/controlled_route_sensitive_v2_0034.npy,resources/audio_depth_v2_maps/controlled_route_sensitive_v2_0034.npy,silver_plus_unverified,0.55,speaker_A_dominant,separated_win_anchor,separated,0.0,1.0,0.52,0.52,0.48,0.0,0.0,True,con_001|pro_002,controlled_route_sensitive_v2_candidate_0034,UNCERTAINTY_MAP,resources/generative_audiodepth_targets/uncertainty_map/controlled_route_sensitive_v2_0034.npy,weak_uncertainty_target,time_frequency_map,mixed_audio_or_mixed_logmel_only,0.416186,0.140951,0.603922,0.686857,0.213706,0.890196,0.496752,0.180101,0.764706,0.321223
controlled_route_sensitive_v2_0034,controlled_route_sensitive_v2_real_whisper,test,resources/controlled_route_sensitive_v2/audio/controlled_route_sensitive_v2_0034_mixed.wav,resources/controlled_route_sensitive_v2/audio/controlled_route_sensitive_v2_0034_spk1.wav,resources/controlled_route_sensitive_v2/audio/controlled_route_sensitive_v2_0034_spk2.wav,resources/audiodepth_v2_maps/controlled_v2/controlled_route_sensitive_v2_0034.npy,resources/audio_depth_v2_maps/controlled_route_sensitive_v2_0034.npy,silver_plus_unverified,0.55,speaker_A_dominant,separated_win_anchor,separated,0.0,1.0,0.52,0.52,0.48,0.0,0.0,True,con_001|pro_002,controlled_route_sensitive_v2_candidate_0034,ROUTE_REGRET,resources/generative_audiodepth_targets/route_regret/controlled_route_sensitive_v2_0034.npy,real_whisper_sample_level_regret,sample_level_vector,mixed_audio_or_mixed_logmel_only,0.416186,0.140951,0.603922,0.686857,0.213706,0.890196,0.496752,0.180101,0.764706,0.321223
controlled_route_sensitive_v2_0034,controlled_route_sensitive_v2_real_whisper,test,resources/controlled_route_sensitive_v2/audio/controlled_route_sensitive_v2_0034_mixed.wav,resources/controlled_route_sensitive_v2/audio/controlled_route_sensitive_v2_0034_spk1.wav,resources/controlled_route_sensitive_v2/audio/controlled_route_sensitive_v2_0034_spk2.wav,resources/audiodepth_v2_maps/controlled_v2/controlled_route_sensitive_v2_0034.npy,resources/audio_depth_v2_maps/controlled_route_sensitive_v2_0034.npy,silver_plus_unverified,0.55,speaker_A_dominant,separated_win_anchor,separated,0.0,1.0,0.52,0.52,0.48,0.0,0.0,True,con_001|pro_002,controlled_route_sensitive_v2_candidate_0034,REVIEW_RISK,resources/generative_audiodepth_targets/review_risk/controlled_route_sensitive_v2_0034.npy,stage2_review_guard_heuristic,sample_level_vector,mixed_audio_or_mixed_logmel_only,0.416186,0.140951,0.603922,0.686857,0.213706,0.890196,0.496752,0.180101,0.764706,0.321223
controlled_route_sensitive_v2_0037,controlled_route_sensitive_v2_real_whisper,test,resources/controlled_route_sensitive_v2/audio/controlled_route_sensitive_v2_0037_mixed.wav,resources/controlled_route_sensitive_v2/audio/controlled_route_sensitive_v2_0037_spk1.wav,resources/controlled_route_sensitive_v2/audio/controlled_route_sensitive_v2_0037_spk2.wav,resources/audiodepth_v2_maps/controlled_v2/controlled_route_sensitive_v2_0037.npy,resources/audio_depth_v2_maps/controlled_route_sensitive_v2_0037.npy,silver_plus_unverified,0.05,speaker_B_dominant,mixed_win_anchor,mixed,0.791667,0.208333,1.0,1.0,0.0,0.791667,0.791667,False,con_004|pro_003,controlled_route_sensitive_v2_candidate_0037,OVERLAP_MAP,resources/generative_audiodepth_targets/overlap_map/controlled_route_sensitive_v2_0037.npy,oracle_source_activity,time_frequency_map,mixed_audio_or_mixed_logmel_only,0.117828,0.177005,0.337255,0.368183,0.239279,0.729412,0.406587,0.240869,0.733333,0.14202
controlled_route_sensitive_v2_0037,controlled_route_sensitive_v2_real_whisper,test,resources/controlled_route_sensitive_v2/audio/controlled_route_sensitive_v2_0037_mixed.wav,resources/controlled_route_sensitive_v2/audio/controlled_route_sensitive_v2_0037_spk1.wav,resources/controlled_route_sensitive_v2/audio/controlled_route_sensitive_v2_0037_spk2.wav,resources/audiodepth_v2_maps/controlled_v2/controlled_route_sensitive_v2_0037.npy,resources/audio_depth_v2_maps/controlled_route_sensitive_v2_0037.npy,silver_plus_unverified,0.05,speaker_B_dominant,mixed_win_anchor,mixed,0.791667,0.208333,1.0,1.0,0.0,0.791667,0.791667,False,con_004|pro_003,controlled_route_sensitive_v2_candidate_0037,DOMINANCE_MAP,resources/generative_audiodepth_targets/dominance_map/controlled_route_sensitive_v2_0037.npy,oracle_source_activity,time_frequency_map,mixed_audio_or_mixed_logmel_only,0.117828,0.177005,0.337255,0.368183,0.239279,0.729412,0.406587,0.240869,0.733333,0.14202
controlled_route_sensitive_v2_0037,controlled_route_sensitive_v2_real_whisper,test,resources/controlled_route_sensitive_v2/audio/controlled_route_sensitive_v2_0037_mixed.wav,resources/controlled_route_sensitive_v2/audio/controlled_route_sensitive_v2_0037_spk1.wav,resources/controlled_route_sensitive_v2/audio/controlled_route_sensitive_v2_0037_spk2.wav,resources/audiodepth_v2_maps/controlled_v2/controlled_route_sensitive_v2_0037.npy,resources/audio_depth_v2_maps/controlled_route_sensitive_v2_0037.npy,silver_plus_unverified,0.05,speaker_B_dominant,mixed_win_anchor,mixed,0.791667,0.208333,1.0,1.0,0.0,0.791667,0.791667,False,con_004|pro_003,controlled_route_sensitive_v2_candidate_0037,UNCERTAINTY_MAP,resources/generative_audiodepth_targets/uncertainty_map/controlled_route_sensitive_v2_0037.npy,weak_uncertainty_target,time_frequency_map,mixed_audio_or_mixed_logmel_only,0.117828,0.177005,0.337255,0.368183,0.239279,0.729412,0.406587,0.240869,0.733333,0.14202
controlled_route_sensitive_v2_0037,controlled_route_sensitive_v2_real_whisper,test,resources/controlled_route_sensitive_v2/audio/controlled_route_sensitive_v2_0037_mixed.wav,resources/controlled_route_sensitive_v2/audio/controlled_route_sensitive_v2_0037_spk1.wav,resources/controlled_route_sensitive_v2/audio/controlled_route_sensitive_v2_0037_spk2.wav,resources/audiodepth_v2_maps/controlled_v2/controlled_route_sensitive_v2_0037.npy,resources/audio_depth_v2_maps/controlled_route_sensitive_v2_0037.npy,silver_plus_unverified,0.05,speaker_B_dominant,mixed_win_anchor,mixed,0.791667,0.208333,1.0,1.0,0.0,0.791667,0.791667,False,con_004|pro_003,controlled_route_sensitive_v2_candidate_0037,ROUTE_REGRET,resources/generative_audiodepth_targets/route_regret/controlled_route_sensitive_v2_0037.npy,real_whisper_sample_level_regret,sample_level_vector,mixed_audio_or_mixed_logmel_only,0.117828,0.177005,0.337255,0.368183,0.239279,0.729412,0.406587,0.240869,0.733333,0.14202
controlled_route_sensitive_v2_0037,controlled_route_sensitive_v2_real_whisper,test,resources/controlled_route_sensitive_v2/audio/controlled_route_sensitive_v2_0037_mixed.wav,resources/controlled_route_sensitive_v2/audio/controlled_route_sensitive_v2_0037_spk1.wav,resources/controlled_route_sensitive_v2/audio/controlled_route_sensitive_v2_0037_spk2.wav,resources/audiodepth_v2_maps/controlled_v2/controlled_route_sensitive_v2_0037.npy,resources/audio_depth_v2_maps/controlled_route_sensitive_v2_0037.npy,silver_plus_unverified,0.05,speaker_B_dominant,mixed_win_anchor,mixed,0.791667,0.208333,1.0,1.0,0.0,0.791667,0.791667,False,con_004|pro_003,controlled_route_sensitive_v2_candidate_0037,REVIEW_RISK,resources/generative_audiodepth_targets/review_risk/controlled_route_sensitive_v2_0037.npy,stage2_review_guard_heuristic,sample_level_vector,mixed_audio_or_mixed_logmel_only,0.117828,0.177005,0.337255,0.368183,0.239279,0.729412,0.406587,0.240869,0.733333,0.14202
controlled_route_sensitive_v2_0039,controlled_route_sensitive_v2_real_whisper,dev,resources/controlled_route_sensitive_v2/audio/controlled_route_sensitive_v2_0039_mixed.wav,resources/controlled_route_sensitive_v2/audio/controlled_route_sensitive_v2_0039_spk1.wav,resources/controlled_route_sensitive_v2/audio/controlled_route_sensitive_v2_0039_spk2.wav,resources/audiodepth_v2_maps/controlled_v2/controlled_route_sensitive_v2_0039.npy,resources/audio_depth_v2_maps/controlled_route_sensitive_v2_0039.npy,silver_plus_unverified,0.35,speaker_B_dominant,cleaned_win_anchor,mixed,0.05,0.7,0.75,0.75,0.0,0.05,0.05,True,con_006|pro_014,controlled_route_sensitive_v2_candidate_0039,OVERLAP_MAP,resources/generative_audiodepth_targets/overlap_map/controlled_route_sensitive_v2_0039.npy,oracle_source_activity,time_frequency_map,mixed_audio_or_mixed_logmel_only,0.205006,0.159272,0.376471,0.601348,0.307133,0.952941,0.398683,0.267716,0.807843,0.18456
controlled_route_sensitive_v2_0039,controlled_route_sensitive_v2_real_whisper,dev,resources/controlled_route_sensitive_v2/audio/controlled_route_sensitive_v2_0039_mixed.wav,resources/controlled_route_sensitive_v2/audio/controlled_route_sensitive_v2_0039_spk1.wav,resources/controlled_route_sensitive_v2/audio/controlled_route_sensitive_v2_0039_spk2.wav,resources/audiodepth_v2_maps/controlled_v2/controlled_route_sensitive_v2_0039.npy,resources/audio_depth_v2_maps/controlled_route_sensitive_v2_0039.npy,silver_plus_unverified,0.35,speaker_B_dominant,cleaned_win_anchor,mixed,0.05,0.7,0.75,0.75,0.0,0.05,0.05,True,con_006|pro_014,controlled_route_sensitive_v2_candidate_0039,DOMINANCE_MAP,resources/generative_audiodepth_targets/dominance_map/controlled_route_sensitive_v2_0039.npy,oracle_source_activity,time_frequency_map,mixed_audio_or_mixed_logmel_only,0.205006,0.159272,0.376471,0.601348,0.307133,0.952941,0.398683,0.267716,0.807843,0.18456
controlled_route_sensitive_v2_0039,controlled_route_sensitive_v2_real_whisper,dev,resources/controlled_route_sensitive_v2/audio/controlled_route_sensitive_v2_0039_mixed.wav,resources/controlled_route_sensitive_v2/audio/controlled_route_sensitive_v2_0039_spk1.wav,resources/controlled_route_sensitive_v2/audio/controlled_route_sensitive_v2_0039_spk2.wav,resources/audiodepth_v2_maps/controlled_v2/controlled_route_sensitive_v2_0039.npy,resources/audio_depth_v2_maps/controlled_route_sensitive_v2_0039.npy,silver_plus_unverified,0.35,speaker_B_dominant,cleaned_win_anchor,mixed,0.05,0.7,0.75,0.75,0.0,0.05,0.05,True,con_006|pro_014,controlled_route_sensitive_v2_candidate_0039,UNCERTAINTY_MAP,resources/generative_audiodepth_targets/uncertainty_map/controlled_route_sensitive_v2_0039.npy,weak_uncertainty_target,time_frequency_map,mixed_audio_or_mixed_logmel_only,0.205006,0.159272,0.376471,0.601348,0.307133,0.952941,0.398683,0.267716,0.807843,0.18456
controlled_route_sensitive_v2_0039,controlled_route_sensitive_v2_real_whisper,dev,resources/controlled_route_sensitive_v2/audio/controlled_route_sensitive_v2_0039_mixed.wav,resources/controlled_route_sensitive_v2/audio/controlled_route_sensitive_v2_0039_spk1.wav,resources/controlled_route_sensitive_v2/audio/controlled_route_sensitive_v2_0039_spk2.wav,resources/audiodepth_v2_maps/controlled_v2/controlled_route_sensitive_v2_0039.npy,resources/audio_depth_v2_maps/controlled_route_sensitive_v2_0039.npy,silver_plus_unverified,0.35,speaker_B_dominant,cleaned_win_anchor,mixed,0.05,0.7,0.75,0.75,0.0,0.05,0.05,True,con_006|pro_014,controlled_route_sensitive_v2_candidate_0039,ROUTE_REGRET,resources/generative_audiodepth_targets/route_regret/controlled_route_sensitive_v2_0039.npy,real_whisper_sample_level_regret,sample_level_vector,mixed_audio_or_mixed_logmel_only,0.205006,0.159272,0.376471,0.601348,0.307133,0.952941,0.398683,0.267716,0.807843,0.18456
controlled_route_sensitive_v2_0039,controlled_route_sensitive_v2_real_whisper,dev,resources/controlled_route_sensitive_v2/audio/controlled_route_sensitive_v2_0039_mixed.wav,resources/controlled_route_sensitive_v2/audio/controlled_route_sensitive_v2_0039_spk1.wav,resources/controlled_route_sensitive_v2/audio/controlled_route_sensitive_v2_0039_spk2.wav,resources/audiodepth_v2_maps/controlled_v2/controlled_route_sensitive_v2_0039.npy,resources/audio_depth_v2_maps/controlled_route_sensitive_v2_0039.npy,silver_plus_unverified,0.35,speaker_B_dominant,cleaned_win_anchor,mixed,0.05,0.7,0.75,0.75,0.0,0.05,0.05,True,con_006|pro_014,controlled_route_sensitive_v2_candidate_0039,REVIEW_RISK,resources/generative_audiodepth_targets/review_risk/controlled_route_sensitive_v2_0039.npy,stage2_review_guard_heuristic,sample_level_vector,mixed_audio_or_mixed_logmel_only,0.205006,0.159272,0.376471,0.601348,0.307133,0.952941,0.398683,0.267716,0.807843,0.18456
controlled_route_sensitive_v2_0045,controlled_route_sensitive_v2_real_whisper,train,resources/controlled_route_sensitive_v2/audio/controlled_route_sensitive_v2_0045_mixed.wav,resources/controlled_route_sensitive_v2/audio/controlled_route_sensitive_v2_0045_spk1.wav,resources/controlled_route_sensitive_v2/audio/controlled_route_sensitive_v2_0045_spk2.wav,resources/audiodepth_v2_maps/controlled_v2/controlled_route_sensitive_v2_0045.npy,resources/audio_depth_v2_maps/controlled_route_sensitive_v2_0045.npy,silver_plus_unverified,0.15,balanced,mixed_win_anchor,mixed,0.8125,0.15625,0.96875,0.96875,0.0,0.8125,0.8125,False,con_001|pro_001,controlled_route_sensitive_v2_candidate_0045,OVERLAP_MAP,resources/generative_audiodepth_targets/overlap_map/controlled_route_sensitive_v2_0045.npy,oracle_source_activity,time_frequency_map,mixed_audio_or_mixed_logmel_only,0.115742,0.172467,0.32549,0.353646,0.238327,0.737255,0.387102,0.233322,0.729412,0.143189
controlled_route_sensitive_v2_0045,controlled_route_sensitive_v2_real_whisper,train,resources/controlled_route_sensitive_v2/audio/controlled_route_sensitive_v2_0045_mixed.wav,resources/controlled_route_sensitive_v2/audio/controlled_route_sensitive_v2_0045_spk1.wav,resources/controlled_route_sensitive_v2/audio/controlled_route_sensitive_v2_0045_spk2.wav,resources/audiodepth_v2_maps/controlled_v2/controlled_route_sensitive_v2_0045.npy,resources/audio_depth_v2_maps/controlled_route_sensitive_v2_0045.npy,silver_plus_unverified,0.15,balanced,mixed_win_anchor,mixed,0.8125,0.15625,0.96875,0.96875,0.0,0.8125,0.8125,False,con_001|pro_001,controlled_route_sensitive_v2_candidate_0045,DOMINANCE_MAP,resources/generative_audiodepth_targets/dominance_map/controlled_route_sensitive_v2_0045.npy,oracle_source_activity,time_frequency_map,mixed_audio_or_mixed_logmel_only,0.115742,0.172467,0.32549,0.353646,0.238327,0.737255,0.387102,0.233322,0.729412,0.143189
controlled_route_sensitive_v2_0045,controlled_route_sensitive_v2_real_whisper,train,resources/controlled_route_sensitive_v2/audio/controlled_route_sensitive_v2_0045_mixed.wav,resources/controlled_route_sensitive_v2/audio/controlled_route_sensitive_v2_0045_spk1.wav,resources/controlled_route_sensitive_v2/audio/controlled_route_sensitive_v2_0045_spk2.wav,resources/audiodepth_v2_maps/controlled_v2/controlled_route_sensitive_v2_0045.npy,resources/audio_depth_v2_maps/controlled_route_sensitive_v2_0045.npy,silver_plus_unverified,0.15,balanced,mixed_win_anchor,mixed,0.8125,0.15625,0.96875,0.96875,0.0,0.8125,0.8125,False,con_001|pro_001,controlled_route_sensitive_v2_candidate_0045,UNCERTAINTY_MAP,resources/generative_audiodepth_targets/uncertainty_map/controlled_route_sensitive_v2_0045.npy,weak_uncertainty_target,time_frequency_map,mixed_audio_or_mixed_logmel_only,0.115742,0.172467,0.32549,0.353646,0.238327,0.737255,0.387102,0.233322,0.729412,0.143189
controlled_route_sensitive_v2_0045,controlled_route_sensitive_v2_real_whisper,train,resources/controlled_route_sensitive_v2/audio/controlled_route_sensitive_v2_0045_mixed.wav,resources/controlled_route_sensitive_v2/audio/controlled_route_sensitive_v2_0045_spk1.wav,resources/controlled_route_sensitive_v2/audio/controlled_route_sensitive_v2_0045_spk2.wav,resources/audiodepth_v2_maps/controlled_v2/controlled_route_sensitive_v2_0045.npy,resources/audio_depth_v2_maps/controlled_route_sensitive_v2_0045.npy,silver_plus_unverified,0.15,balanced,mixed_win_anchor,mixed,0.8125,0.15625,0.96875,0.96875,0.0,0.8125,0.8125,False,con_001|pro_001,controlled_route_sensitive_v2_candidate_0045,ROUTE_REGRET,resources/generative_audiodepth_targets/route_regret/controlled_route_sensitive_v2_0045.npy,real_whisper_sample_level_regret,sample_level_vector,mixed_audio_or_mixed_logmel_only,0.115742,0.172467,0.32549,0.353646,0.238327,0.737255,0.387102,0.233322,0.729412,0.143189
controlled_route_sensitive_v2_0045,controlled_route_sensitive_v2_real_whisper,train,resources/controlled_route_sensitive_v2/audio/controlled_route_sensitive_v2_0045_mixed.wav,resources/controlled_route_sensitive_v2/audio/controlled_route_sensitive_v2_0045_spk1.wav,resources/controlled_route_sensitive_v2/audio/controlled_route_sensitive_v2_0045_spk2.wav,resources/audiodepth_v2_maps/controlled_v2/controlled_route_sensitive_v2_0045.npy,resources/audio_depth_v2_maps/controlled_route_sensitive_v2_0045.npy,silver_plus_unverified,0.15,balanced,mixed_win_anchor,mixed,0.8125,0.15625,0.96875,0.96875,0.0,0.8125,0.8125,False,con_001|pro_001,controlled_route_sensitive_v2_candidate_0045,REVIEW_RISK,resources/generative_audiodepth_targets/review_risk/controlled_route_sensitive_v2_0045.npy,stage2_review_guard_heuristic,sample_level_vector,mixed_audio_or_mixed_logmel_only,0.115742,0.172467,0.32549,0.353646,0.238327,0.737255,0.387102,0.233322,0.729412,0.143189
controlled_route_sensitive_v2_0048,controlled_route_sensitive_v2_real_whisper,train,resources/controlled_route_sensitive_v2/audio/controlled_route_sensitive_v2_0048_mixed.wav,resources/controlled_route_sensitive_v2/audio/controlled_route_sensitive_v2_0048_spk1.wav,resources/controlled_route_sensitive_v2/audio/controlled_route_sensitive_v2_0048_spk2.wav,resources/audiodepth_v2_maps/controlled_v2/controlled_route_sensitive_v2_0048.npy,resources/audio_depth_v2_maps/controlled_route_sensitive_v2_0048.npy,silver_plus_unverified,0.9,balanced,review_needed_anchor,mixed,0.0,1.0,1.0,1.0,0.0,0.0,0.0,True,con_004|pro_002,controlled_route_sensitive_v2_candidate_0048,OVERLAP_MAP,resources/generative_audiodepth_targets/overlap_map/controlled_route_sensitive_v2_0048.npy,oracle_source_activity,time_frequency_map,mixed_audio_or_mixed_logmel_only,0.440942,0.157458,0.65098,0.598866,0.221817,0.839216,0.547426,0.204299,0.8,0.316737
controlled_route_sensitive_v2_0048,controlled_route_sensitive_v2_real_whisper,train,resources/controlled_route_sensitive_v2/audio/controlled_route_sensitive_v2_0048_mixed.wav,resources/controlled_route_sensitive_v2/audio/controlled_route_sensitive_v2_0048_spk1.wav,resources/controlled_route_sensitive_v2/audio/controlled_route_sensitive_v2_0048_spk2.wav,resources/audiodepth_v2_maps/controlled_v2/controlled_route_sensitive_v2_0048.npy,resources/audio_depth_v2_maps/controlled_route_sensitive_v2_0048.npy,silver_plus_unverified,0.9,balanced,review_needed_anchor,mixed,0.0,1.0,1.0,1.0,0.0,0.0,0.0,True,con_004|pro_002,controlled_route_sensitive_v2_candidate_0048,DOMINANCE_MAP,resources/generative_audiodepth_targets/dominance_map/controlled_route_sensitive_v2_0048.npy,oracle_source_activity,time_frequency_map,mixed_audio_or_mixed_logmel_only,0.440942,0.157458,0.65098,0.598866,0.221817,0.839216,0.547426,0.204299,0.8,0.316737
controlled_route_sensitive_v2_0048,controlled_route_sensitive_v2_real_whisper,train,resources/controlled_route_sensitive_v2/audio/controlled_route_sensitive_v2_0048_mixed.wav,resources/controlled_route_sensitive_v2/audio/controlled_route_sensitive_v2_0048_spk1.wav,resources/controlled_route_sensitive_v2/audio/controlled_route_sensitive_v2_0048_spk2.wav,resources/audiodepth_v2_maps/controlled_v2/controlled_route_sensitive_v2_0048.npy,resources/audio_depth_v2_maps/controlled_route_sensitive_v2_0048.npy,silver_plus_unverified,0.9,balanced,review_needed_anchor,mixed,0.0,1.0,1.0,1.0,0.0,0.0,0.0,True,con_004|pro_002,controlled_route_sensitive_v2_candidate_0048,UNCERTAINTY_MAP,resources/generative_audiodepth_targets/uncertainty_map/controlled_route_sensitive_v2_0048.npy,weak_uncertainty_target,time_frequency_map,mixed_audio_or_mixed_logmel_only,0.440942,0.157458,0.65098,0.598866,0.221817,0.839216,0.547426,0.204299,0.8,0.316737
controlled_route_sensitive_v2_0048,controlled_route_sensitive_v2_real_whisper,train,resources/controlled_route_sensitive_v2/audio/controlled_route_sensitive_v2_0048_mixed.wav,resources/controlled_route_sensitive_v2/audio/controlled_route_sensitive_v2_0048_spk1.wav,resources/controlled_route_sensitive_v2/audio/controlled_route_sensitive_v2_0048_spk2.wav,resources/audiodepth_v2_maps/controlled_v2/controlled_route_sensitive_v2_0048.npy,resources/audio_depth_v2_maps/controlled_route_sensitive_v2_0048.npy,silver_plus_unverified,0.9,balanced,review_needed_anchor,mixed,0.0,1.0,1.0,1.0,0.0,0.0,0.0,True,con_004|pro_002,controlled_route_sensitive_v2_candidate_0048,ROUTE_REGRET,resources/generative_audiodepth_targets/route_regret/controlled_route_sensitive_v2_0048.npy,real_whisper_sample_level_regret,sample_level_vector,mixed_audio_or_mixed_logmel_only,0.440942,0.157458,0.65098,0.598866,0.221817,0.839216,0.547426,0.204299,0.8,0.316737
controlled_route_sensitive_v2_0048,controlled_route_sensitive_v2_real_whisper,train,resources/controlled_route_sensitive_v2/audio/controlled_route_sensitive_v2_0048_mixed.wav,resources/controlled_route_sensitive_v2/audio/controlled_route_sensitive_v2_0048_spk1.wav,resources/controlled_route_sensitive_v2/audio/controlled_route_sensitive_v2_0048_spk2.wav,resources/audiodepth_v2_maps/controlled_v2/controlled_route_sensitive_v2_0048.npy,resources/audio_depth_v2_maps/controlled_route_sensitive_v2_0048.npy,silver_plus_unverified,0.9,balanced,review_needed_anchor,mixed,0.0,1.0,1.0,1.0,0.0,0.0,0.0,True,con_004|pro_002,controlled_route_sensitive_v2_candidate_0048,REVIEW_RISK,resources/generative_audiodepth_targets/review_risk/controlled_route_sensitive_v2_0048.npy,stage2_review_guard_heuristic,sample_level_vector,mixed_audio_or_mixed_logmel_only,0.440942,0.157458,0.65098,0.598866,0.221817,0.839216,0.547426,0.204299,0.8,0.316737
controlled_route_sensitive_v2_0050,controlled_route_sensitive_v2_real_whisper,train,resources/controlled_route_sensitive_v2/audio/controlled_route_sensitive_v2_0050_mixed.wav,resources/controlled_route_sensitive_v2/audio/controlled_route_sensitive_v2_0050_spk1.wav,resources/controlled_route_sensitive_v2/audio/controlled_route_sensitive_v2_0050_spk2.wav,resources/audiodepth_v2_maps/controlled_v2/controlled_route_sensitive_v2_0050.npy,resources/audio_depth_v2_maps/controlled_route_sensitive_v2_0050.npy,silver_plus_unverified,0.55,speaker_A_dominant,separated_win_anchor,separated,0.0,0.941176,0.705882,0.705882,0.235294,0.0,0.0,True,con_006|pro_012,controlled_route_sensitive_v2_candidate_0050,OVERLAP_MAP,resources/generative_audiodepth_targets/overlap_map/controlled_route_sensitive_v2_0050.npy,oracle_source_activity,time_frequency_map,mixed_audio_or_mixed_logmel_only,0.383079,0.14978,0.572549,0.709191,0.2443,0.92549,0.438189,0.203934,0.741176,0.278325
controlled_route_sensitive_v2_0050,controlled_route_sensitive_v2_real_whisper,train,resources/controlled_route_sensitive_v2/audio/controlled_route_sensitive_v2_0050_mixed.wav,resources/controlled_route_sensitive_v2/audio/controlled_route_sensitive_v2_0050_spk1.wav,resources/controlled_route_sensitive_v2/audio/controlled_route_sensitive_v2_0050_spk2.wav,resources/audiodepth_v2_maps/controlled_v2/controlled_route_sensitive_v2_0050.npy,resources/audio_depth_v2_maps/controlled_route_sensitive_v2_0050.npy,silver_plus_unverified,0.55,speaker_A_dominant,separated_win_anchor,separated,0.0,0.941176,0.705882,0.705882,0.235294,0.0,0.0,True,con_006|pro_012,controlled_route_sensitive_v2_candidate_0050,DOMINANCE_MAP,resources/generative_audiodepth_targets/dominance_map/controlled_route_sensitive_v2_0050.npy,oracle_source_activity,time_frequency_map,mixed_audio_or_mixed_logmel_only,0.383079,0.14978,0.572549,0.709191,0.2443,0.92549,0.438189,0.203934,0.741176,0.278325
controlled_route_sensitive_v2_0050,controlled_route_sensitive_v2_real_whisper,train,resources/controlled_route_sensitive_v2/audio/controlled_route_sensitive_v2_0050_mixed.wav,resources/controlled_route_sensitive_v2/audio/controlled_route_sensitive_v2_0050_spk1.wav,resources/controlled_route_sensitive_v2/audio/controlled_route_sensitive_v2_0050_spk2.wav,resources/audiodepth_v2_maps/controlled_v2/controlled_route_sensitive_v2_0050.npy,resources/audio_depth_v2_maps/controlled_route_sensitive_v2_0050.npy,silver_plus_unverified,0.55,speaker_A_dominant,separated_win_anchor,separated,0.0,0.941176,0.705882,0.705882,0.235294,0.0,0.0,True,con_006|pro_012,controlled_route_sensitive_v2_candidate_0050,UNCERTAINTY_MAP,resources/generative_audiodepth_targets/uncertainty_map/controlled_route_sensitive_v2_0050.npy,weak_uncertainty_target,time_frequency_map,mixed_audio_or_mixed_logmel_only,0.383079,0.14978,0.572549,0.709191,0.2443,0.92549,0.438189,0.203934,0.741176,0.278325
controlled_route_sensitive_v2_0050,controlled_route_sensitive_v2_real_whisper,train,resources/controlled_route_sensitive_v2/audio/controlled_route_sensitive_v2_0050_mixed.wav,resources/controlled_route_sensitive_v2/audio/controlled_route_sensitive_v2_0050_spk1.wav,resources/controlled_route_sensitive_v2/audio/controlled_route_sensitive_v2_0050_spk2.wav,resources/audiodepth_v2_maps/controlled_v2/controlled_route_sensitive_v2_0050.npy,resources/audio_depth_v2_maps/controlled_route_sensitive_v2_0050.npy,silver_plus_unverified,0.55,speaker_A_dominant,separated_win_anchor,separated,0.0,0.941176,0.705882,0.705882,0.235294,0.0,0.0,True,con_006|pro_012,controlled_route_sensitive_v2_candidate_0050,ROUTE_REGRET,resources/generative_audiodepth_targets/route_regret/controlled_route_sensitive_v2_0050.npy,real_whisper_sample_level_regret,sample_level_vector,mixed_audio_or_mixed_logmel_only,0.383079,0.14978,0.572549,0.709191,0.2443,0.92549,0.438189,0.203934,0.741176,0.278325
controlled_route_sensitive_v2_0050,controlled_route_sensitive_v2_real_whisper,train,resources/controlled_route_sensitive_v2/audio/controlled_route_sensitive_v2_0050_mixed.wav,resources/controlled_route_sensitive_v2/audio/controlled_route_sensitive_v2_0050_spk1.wav,resources/controlled_route_sensitive_v2/audio/controlled_route_sensitive_v2_0050_spk2.wav,resources/audiodepth_v2_maps/controlled_v2/controlled_route_sensitive_v2_0050.npy,resources/audio_depth_v2_maps/controlled_route_sensitive_v2_0050.npy,silver_plus_unverified,0.55,speaker_A_dominant,separated_win_anchor,separated,0.0,0.941176,0.705882,0.705882,0.235294,0.0,0.0,True,con_006|pro_012,controlled_route_sensitive_v2_candidate_0050,REVIEW_RISK,resources/generative_audiodepth_targets/review_risk/controlled_route_sensitive_v2_0050.npy,stage2_review_guard_heuristic,sample_level_vector,mixed_audio_or_mixed_logmel_only,0.383079,0.14978,0.572549,0.709191,0.2443,0.92549,0.438189,0.203934,0.741176,0.278325
controlled_route_sensitive_v2_0056,controlled_route_sensitive_v2_real_whisper,train,resources/controlled_route_sensitive_v2/audio/controlled_route_sensitive_v2_0056_mixed.wav,resources/controlled_route_sensitive_v2/audio/controlled_route_sensitive_v2_0056_spk1.wav,resources/controlled_route_sensitive_v2/audio/controlled_route_sensitive_v2_0056_spk2.wav,resources/audiodepth_v2_maps/controlled_v2/controlled_route_sensitive_v2_0056.npy,resources/audio_depth_v2_maps/controlled_route_sensitive_v2_0056.npy,silver_plus_unverified,0.5,speaker_A_dominant,review_needed_anchor,mixed,0.0,1.0,1.0,1.0,0.0,0.0,0.0,True,con_001|pro_014,controlled_route_sensitive_v2_candidate_0056,OVERLAP_MAP,resources/generative_audiodepth_targets/overlap_map/controlled_route_sensitive_v2_0056.npy,oracle_source_activity,time_frequency_map,mixed_audio_or_mixed_logmel_only,0.45325,0.138885,0.639216,0.565533,0.184726,0.796078,0.513389,0.159868,0.721569,0.282917
controlled_route_sensitive_v2_0056,controlled_route_sensitive_v2_real_whisper,train,resources/controlled_route_sensitive_v2/audio/controlled_route_sensitive_v2_0056_mixed.wav,resources/controlled_route_sensitive_v2/audio/controlled_route_sensitive_v2_0056_spk1.wav,resources/controlled_route_sensitive_v2/audio/controlled_route_sensitive_v2_0056_spk2.wav,resources/audiodepth_v2_maps/controlled_v2/controlled_route_sensitive_v2_0056.npy,resources/audio_depth_v2_maps/controlled_route_sensitive_v2_0056.npy,silver_plus_unverified,0.5,speaker_A_dominant,review_needed_anchor,mixed,0.0,1.0,1.0,1.0,0.0,0.0,0.0,True,con_001|pro_014,controlled_route_sensitive_v2_candidate_0056,DOMINANCE_MAP,resources/generative_audiodepth_targets/dominance_map/controlled_route_sensitive_v2_0056.npy,oracle_source_activity,time_frequency_map,mixed_audio_or_mixed_logmel_only,0.45325,0.138885,0.639216,0.565533,0.184726,0.796078,0.513389,0.159868,0.721569,0.282917
controlled_route_sensitive_v2_0056,controlled_route_sensitive_v2_real_whisper,train,resources/controlled_route_sensitive_v2/audio/controlled_route_sensitive_v2_0056_mixed.wav,resources/controlled_route_sensitive_v2/audio/controlled_route_sensitive_v2_0056_spk1.wav,resources/controlled_route_sensitive_v2/audio/controlled_route_sensitive_v2_0056_spk2.wav,resources/audiodepth_v2_maps/controlled_v2/controlled_route_sensitive_v2_0056.npy,resources/audio_depth_v2_maps/controlled_route_sensitive_v2_0056.npy,silver_plus_unverified,0.5,speaker_A_dominant,review_needed_anchor,mixed,0.0,1.0,1.0,1.0,0.0,0.0,0.0,True,con_001|pro_014,controlled_route_sensitive_v2_candidate_0056,UNCERTAINTY_MAP,resources/generative_audiodepth_targets/uncertainty_map/controlled_route_sensitive_v2_0056.npy,weak_uncertainty_target,time_frequency_map,mixed_audio_or_mixed_logmel_only,0.45325,0.138885,0.639216,0.565533,0.184726,0.796078,0.513389,0.159868,0.721569,0.282917
controlled_route_sensitive_v2_0056,controlled_route_sensitive_v2_real_whisper,train,resources/controlled_route_sensitive_v2/audio/controlled_route_sensitive_v2_0056_mixed.wav,resources/controlled_route_sensitive_v2/audio/controlled_route_sensitive_v2_0056_spk1.wav,resources/controlled_route_sensitive_v2/audio/controlled_route_sensitive_v2_0056_spk2.wav,resources/audiodepth_v2_maps/controlled_v2/controlled_route_sensitive_v2_0056.npy,resources/audio_depth_v2_maps/controlled_route_sensitive_v2_0056.npy,silver_plus_unverified,0.5,speaker_A_dominant,review_needed_anchor,mixed,0.0,1.0,1.0,1.0,0.0,0.0,0.0,True,con_001|pro_014,controlled_route_sensitive_v2_candidate_0056,ROUTE_REGRET,resources/generative_audiodepth_targets/route_regret/controlled_route_sensitive_v2_0056.npy,real_whisper_sample_level_regret,sample_level_vector,mixed_audio_or_mixed_logmel_only,0.45325,0.138885,0.639216,0.565533,0.184726,0.796078,0.513389,0.159868,0.721569,0.282917
controlled_route_sensitive_v2_0056,controlled_route_sensitive_v2_real_whisper,train,resources/controlled_route_sensitive_v2/audio/controlled_route_sensitive_v2_0056_mixed.wav,resources/controlled_route_sensitive_v2/audio/controlled_route_sensitive_v2_0056_spk1.wav,resources/controlled_route_sensitive_v2/audio/controlled_route_sensitive_v2_0056_spk2.wav,resources/audiodepth_v2_maps/controlled_v2/controlled_route_sensitive_v2_0056.npy,resources/audio_depth_v2_maps/controlled_route_sensitive_v2_0056.npy,silver_plus_unverified,0.5,speaker_A_dominant,review_needed_anchor,mixed,0.0,1.0,1.0,1.0,0.0,0.0,0.0,True,con_001|pro_014,controlled_route_sensitive_v2_candidate_0056,REVIEW_RISK,resources/generative_audiodepth_targets/review_risk/controlled_route_sensitive_v2_0056.npy,stage2_review_guard_heuristic,sample_level_vector,mixed_audio_or_mixed_logmel_only,0.45325,0.138885,0.639216,0.565533,0.184726,0.796078,0.513389,0.159868,0.721569,0.282917
controlled_route_sensitive_v2_0059,controlled_route_sensitive_v2_real_whisper,train,resources/controlled_route_sensitive_v2/audio/controlled_route_sensitive_v2_0059_mixed.wav,resources/controlled_route_sensitive_v2/audio/controlled_route_sensitive_v2_0059_spk1.wav,resources/controlled_route_sensitive_v2/audio/controlled_route_sensitive_v2_0059_spk2.wav,resources/audiodepth_v2_maps/controlled_v2/controlled_route_sensitive_v2_0059.npy,resources/audio_depth_v2_maps/controlled_route_sensitive_v2_0059.npy,silver_plus_unverified,0.45,speaker_B_dominant,cleaned_win_anchor,mixed,0.1875,0.5625,0.75,0.75,0.0,0.1875,0.1875,False,con_004|pro_015,controlled_route_sensitive_v2_candidate_0059,OVERLAP_MAP,resources/generative_audiodepth_targets/overlap_map/controlled_route_sensitive_v2_0059.npy,oracle_source_activity,time_frequency_map,mixed_audio_or_mixed_logmel_only,0.169227,0.16492,0.337255,0.559635,0.27384,0.929412,0.378462,0.275831,0.843137,0.154015
controlled_route_sensitive_v2_0059,controlled_route_sensitive_v2_real_whisper,train,resources/controlled_route_sensitive_v2/audio/controlled_route_sensitive_v2_0059_mixed.wav,resources/controlled_route_sensitive_v2/audio/controlled_route_sensitive_v2_0059_spk1.wav,resources/controlled_route_sensitive_v2/audio/controlled_route_sensitive_v2_0059_spk2.wav,resources/audiodepth_v2_maps/controlled_v2/controlled_route_sensitive_v2_0059.npy,resources/audio_depth_v2_maps/controlled_route_sensitive_v2_0059.npy,silver_plus_unverified,0.45,speaker_B_dominant,cleaned_win_anchor,mixed,0.1875,0.5625,0.75,0.75,0.0,0.1875,0.1875,False,con_004|pro_015,controlled_route_sensitive_v2_candidate_0059,DOMINANCE_MAP,resources/generative_audiodepth_targets/dominance_map/controlled_route_sensitive_v2_0059.npy,oracle_source_activity,time_frequency_map,mixed_audio_or_mixed_logmel_only,0.169227,0.16492,0.337255,0.559635,0.27384,0.929412,0.378462,0.275831,0.843137,0.154015
controlled_route_sensitive_v2_0059,controlled_route_sensitive_v2_real_whisper,train,resources/controlled_route_sensitive_v2/audio/controlled_route_sensitive_v2_0059_mixed.wav,resources/controlled_route_sensitive_v2/audio/controlled_route_sensitive_v2_0059_spk1.wav,resources/controlled_route_sensitive_v2/audio/controlled_route_sensitive_v2_0059_spk2.wav,resources/audiodepth_v2_maps/controlled_v2/controlled_route_sensitive_v2_0059.npy,resources/audio_depth_v2_maps/controlled_route_sensitive_v2_0059.npy,silver_plus_unverified,0.45,speaker_B_dominant,cleaned_win_anchor,mixed,0.1875,0.5625,0.75,0.75,0.0,0.1875,0.1875,False,con_004|pro_015,controlled_route_sensitive_v2_candidate_0059,UNCERTAINTY_MAP,resources/generative_audiodepth_targets/uncertainty_map/controlled_route_sensitive_v2_0059.npy,weak_uncertainty_target,time_frequency_map,mixed_audio_or_mixed_logmel_only,0.169227,0.16492,0.337255,0.559635,0.27384,0.929412,0.378462,0.275831,0.843137,0.154015
controlled_route_sensitive_v2_0059,controlled_route_sensitive_v2_real_whisper,train,resources/controlled_route_sensitive_v2/audio/controlled_route_sensitive_v2_0059_mixed.wav,resources/controlled_route_sensitive_v2/audio/controlled_route_sensitive_v2_0059_spk1.wav,resources/controlled_route_sensitive_v2/audio/controlled_route_sensitive_v2_0059_spk2.wav,resources/audiodepth_v2_maps/controlled_v2/controlled_route_sensitive_v2_0059.npy,resources/audio_depth_v2_maps/controlled_route_sensitive_v2_0059.npy,silver_plus_unverified,0.45,speaker_B_dominant,cleaned_win_anchor,mixed,0.1875,0.5625,0.75,0.75,0.0,0.1875,0.1875,False,con_004|pro_015,controlled_route_sensitive_v2_candidate_0059,ROUTE_REGRET,resources/generative_audiodepth_targets/route_regret/controlled_route_sensitive_v2_0059.npy,real_whisper_sample_level_regret,sample_level_vector,mixed_audio_or_mixed_logmel_only,0.169227,0.16492,0.337255,0.559635,0.27384,0.929412,0.378462,0.275831,0.843137,0.154015
controlled_route_sensitive_v2_0059,controlled_route_sensitive_v2_real_whisper,train,resources/controlled_route_sensitive_v2/audio/controlled_route_sensitive_v2_0059_mixed.wav,resources/controlled_route_sensitive_v2/audio/controlled_route_sensitive_v2_0059_spk1.wav,resources/controlled_route_sensitive_v2/audio/controlled_route_sensitive_v2_0059_spk2.wav,resources/audiodepth_v2_maps/controlled_v2/controlled_route_sensitive_v2_0059.npy,resources/audio_depth_v2_maps/controlled_route_sensitive_v2_0059.npy,silver_plus_unverified,0.45,speaker_B_dominant,cleaned_win_anchor,mixed,0.1875,0.5625,0.75,0.75,0.0,0.1875,0.1875,False,con_004|pro_015,controlled_route_sensitive_v2_candidate_0059,REVIEW_RISK,resources/generative_audiodepth_targets/review_risk/controlled_route_sensitive_v2_0059.npy,stage2_review_guard_heuristic,sample_level_vector,mixed_audio_or_mixed_logmel_only,0.169227,0.16492,0.337255,0.559635,0.27384,0.929412,0.378462,0.275831,0.843137,0.154015
