sample_id,target_task,target_quality,target_scope,uses_source_tracks_for_teacher,student_input_policy,leakage_note
controlled_route_sensitive_v2_0001,OVERLAP_MAP,oracle_source_activity,time_frequency_map,True,mixed_audio_or_mixed_logmel_only,teacher map may use source tracks; deployable student inputs do not
controlled_route_sensitive_v2_0001,DOMINANCE_MAP,oracle_source_activity,time_frequency_map,True,mixed_audio_or_mixed_logmel_only,teacher map may use source tracks; deployable student inputs do not
controlled_route_sensitive_v2_0001,UNCERTAINTY_MAP,weak_uncertainty_target,time_frequency_map,True,mixed_audio_or_mixed_logmel_only,teacher map may use source tracks; deployable student inputs do not
controlled_route_sensitive_v2_0001,ROUTE_REGRET,real_whisper_sample_level_regret,sample_level_vector,False,mixed_audio_or_mixed_logmel_only,teacher map may use source tracks; deployable student inputs do not
controlled_route_sensitive_v2_0001,REVIEW_RISK,stage2_review_guard_heuristic,sample_level_vector,False,mixed_audio_or_mixed_logmel_only,teacher map may use source tracks; deployable student inputs do not
controlled_route_sensitive_v2_0002,OVERLAP_MAP,oracle_source_activity,time_frequency_map,True,mixed_audio_or_mixed_logmel_only,teacher map may use source tracks; deployable student inputs do not
controlled_route_sensitive_v2_0002,DOMINANCE_MAP,oracle_source_activity,time_frequency_map,True,mixed_audio_or_mixed_logmel_only,teacher map may use source tracks; deployable student inputs do not
controlled_route_sensitive_v2_0002,UNCERTAINTY_MAP,weak_uncertainty_target,time_frequency_map,True,mixed_audio_or_mixed_logmel_only,teacher map may use source tracks; deployable student inputs do not
controlled_route_sensitive_v2_0002,ROUTE_REGRET,real_whisper_sample_level_regret,sample_level_vector,False,mixed_audio_or_mixed_logmel_only,teacher map may use source tracks; deployable student inputs do not
controlled_route_sensitive_v2_0002,REVIEW_RISK,stage2_review_guard_heuristic,sample_level_vector,False,mixed_audio_or_mixed_logmel_only,teacher map may use source tracks; deployable student inputs do not
controlled_route_sensitive_v2_0003,OVERLAP_MAP,oracle_source_activity,time_frequency_map,True,mixed_audio_or_mixed_logmel_only,teacher map may use source tracks; deployable student inputs do not
controlled_route_sensitive_v2_0003,DOMINANCE_MAP,oracle_source_activity,time_frequency_map,True,mixed_audio_or_mixed_logmel_only,teacher map may use source tracks; deployable student inputs do not
controlled_route_sensitive_v2_0003,UNCERTAINTY_MAP,weak_uncertainty_target,time_frequency_map,True,mixed_audio_or_mixed_logmel_only,teacher map may use source tracks; deployable student inputs do not
controlled_route_sensitive_v2_0003,ROUTE_REGRET,real_whisper_sample_level_regret,sample_level_vector,False,mixed_audio_or_mixed_logmel_only,teacher map may use source tracks; deployable student inputs do not
controlled_route_sensitive_v2_0003,REVIEW_RISK,stage2_review_guard_heuristic,sample_level_vector,False,mixed_audio_or_mixed_logmel_only,teacher map may use source tracks; deployable student inputs do not
controlled_route_sensitive_v2_0004,OVERLAP_MAP,oracle_source_activity,time_frequency_map,True,mixed_audio_or_mixed_logmel_only,teacher map may use source tracks; deployable student inputs do not
controlled_route_sensitive_v2_0004,DOMINANCE_MAP,oracle_source_activity,time_frequency_map,True,mixed_audio_or_mixed_logmel_only,teacher map may use source tracks; deployable student inputs do not
controlled_route_sensitive_v2_0004,UNCERTAINTY_MAP,weak_uncertainty_target,time_frequency_map,True,mixed_audio_or_mixed_logmel_only,teacher map may use source tracks; deployable student inputs do not
controlled_route_sensitive_v2_0004,ROUTE_REGRET,real_whisper_sample_level_regret,sample_level_vector,False,mixed_audio_or_mixed_logmel_only,teacher map may use source tracks; deployable student inputs do not
controlled_route_sensitive_v2_0004,REVIEW_RISK,stage2_review_guard_heuristic,sample_level_vector,False,mixed_audio_or_mixed_logmel_only,teacher map may use source tracks; deployable student inputs do not
controlled_route_sensitive_v2_0005,OVERLAP_MAP,oracle_source_activity,time_frequency_map,True,mixed_audio_or_mixed_logmel_only,teacher map may use source tracks; deployable student inputs do not
controlled_route_sensitive_v2_0005,DOMINANCE_MAP,oracle_source_activity,time_frequency_map,True,mixed_audio_or_mixed_logmel_only,teacher map may use source tracks; deployable student inputs do not
controlled_route_sensitive_v2_0005,UNCERTAINTY_MAP,weak_uncertainty_target,time_frequency_map,True,mixed_audio_or_mixed_logmel_only,teacher map may use source tracks; deployable student inputs do not
controlled_route_sensitive_v2_0005,ROUTE_REGRET,real_whisper_sample_level_regret,sample_level_vector,False,mixed_audio_or_mixed_logmel_only,teacher map may use source tracks; deployable student inputs do not
controlled_route_sensitive_v2_0005,REVIEW_RISK,stage2_review_guard_heuristic,sample_level_vector,False,mixed_audio_or_mixed_logmel_only,teacher map may use source tracks; deployable student inputs do not
controlled_route_sensitive_v2_0006,OVERLAP_MAP,oracle_source_activity,time_frequency_map,True,mixed_audio_or_mixed_logmel_only,teacher map may use source tracks; deployable student inputs do not
controlled_route_sensitive_v2_0006,DOMINANCE_MAP,oracle_source_activity,time_frequency_map,True,mixed_audio_or_mixed_logmel_only,teacher map may use source tracks; deployable student inputs do not
controlled_route_sensitive_v2_0006,UNCERTAINTY_MAP,weak_uncertainty_target,time_frequency_map,True,mixed_audio_or_mixed_logmel_only,teacher map may use source tracks; deployable student inputs do not
controlled_route_sensitive_v2_0006,ROUTE_REGRET,real_whisper_sample_level_regret,sample_level_vector,False,mixed_audio_or_mixed_logmel_only,teacher map may use source tracks; deployable student inputs do not
controlled_route_sensitive_v2_0006,REVIEW_RISK,stage2_review_guard_heuristic,sample_level_vector,False,mixed_audio_or_mixed_logmel_only,teacher map may use source tracks; deployable student inputs do not
controlled_route_sensitive_v2_0007,OVERLAP_MAP,oracle_source_activity,time_frequency_map,True,mixed_audio_or_mixed_logmel_only,teacher map may use source tracks; deployable student inputs do not
controlled_route_sensitive_v2_0007,DOMINANCE_MAP,oracle_source_activity,time_frequency_map,True,mixed_audio_or_mixed_logmel_only,teacher map may use source tracks; deployable student inputs do not
controlled_route_sensitive_v2_0007,UNCERTAINTY_MAP,weak_uncertainty_target,time_frequency_map,True,mixed_audio_or_mixed_logmel_only,teacher map may use source tracks; deployable student inputs do not
controlled_route_sensitive_v2_0007,ROUTE_REGRET,real_whisper_sample_level_regret,sample_level_vector,False,mixed_audio_or_mixed_logmel_only,teacher map may use source tracks; deployable student inputs do not
controlled_route_sensitive_v2_0007,REVIEW_RISK,stage2_review_guard_heuristic,sample_level_vector,False,mixed_audio_or_mixed_logmel_only,teacher map may use source tracks; deployable student inputs do not
controlled_route_sensitive_v2_0008,OVERLAP_MAP,oracle_source_activity,time_frequency_map,True,mixed_audio_or_mixed_logmel_only,teacher map may use source tracks; deployable student inputs do not
controlled_route_sensitive_v2_0008,DOMINANCE_MAP,oracle_source_activity,time_frequency_map,True,mixed_audio_or_mixed_logmel_only,teacher map may use source tracks; deployable student inputs do not
controlled_route_sensitive_v2_0008,UNCERTAINTY_MAP,weak_uncertainty_target,time_frequency_map,True,mixed_audio_or_mixed_logmel_only,teacher map may use source tracks; deployable student inputs do not
controlled_route_sensitive_v2_0008,ROUTE_REGRET,real_whisper_sample_level_regret,sample_level_vector,False,mixed_audio_or_mixed_logmel_only,teacher map may use source tracks; deployable student inputs do not
controlled_route_sensitive_v2_0008,REVIEW_RISK,stage2_review_guard_heuristic,sample_level_vector,False,mixed_audio_or_mixed_logmel_only,teacher map may use source tracks; deployable student inputs do not
controlled_route_sensitive_v2_0009,OVERLAP_MAP,oracle_source_activity,time_frequency_map,True,mixed_audio_or_mixed_logmel_only,teacher map may use source tracks; deployable student inputs do not
controlled_route_sensitive_v2_0009,DOMINANCE_MAP,oracle_source_activity,time_frequency_map,True,mixed_audio_or_mixed_logmel_only,teacher map may use source tracks; deployable student inputs do not
controlled_route_sensitive_v2_0009,UNCERTAINTY_MAP,weak_uncertainty_target,time_frequency_map,True,mixed_audio_or_mixed_logmel_only,teacher map may use source tracks; deployable student inputs do not
controlled_route_sensitive_v2_0009,ROUTE_REGRET,real_whisper_sample_level_regret,sample_level_vector,False,mixed_audio_or_mixed_logmel_only,teacher map may use source tracks; deployable student inputs do not
controlled_route_sensitive_v2_0009,REVIEW_RISK,stage2_review_guard_heuristic,sample_level_vector,False,mixed_audio_or_mixed_logmel_only,teacher map may use source tracks; deployable student inputs do not
controlled_route_sensitive_v2_0010,OVERLAP_MAP,oracle_source_activity,time_frequency_map,True,mixed_audio_or_mixed_logmel_only,teacher map may use source tracks; deployable student inputs do not
controlled_route_sensitive_v2_0010,DOMINANCE_MAP,oracle_source_activity,time_frequency_map,True,mixed_audio_or_mixed_logmel_only,teacher map may use source tracks; deployable student inputs do not
controlled_route_sensitive_v2_0010,UNCERTAINTY_MAP,weak_uncertainty_target,time_frequency_map,True,mixed_audio_or_mixed_logmel_only,teacher map may use source tracks; deployable student inputs do not
controlled_route_sensitive_v2_0010,ROUTE_REGRET,real_whisper_sample_level_regret,sample_level_vector,False,mixed_audio_or_mixed_logmel_only,teacher map may use source tracks; deployable student inputs do not
controlled_route_sensitive_v2_0010,REVIEW_RISK,stage2_review_guard_heuristic,sample_level_vector,False,mixed_audio_or_mixed_logmel_only,teacher map may use source tracks; deployable student inputs do not
controlled_route_sensitive_v2_0011,OVERLAP_MAP,oracle_source_activity,time_frequency_map,True,mixed_audio_or_mixed_logmel_only,teacher map may use source tracks; deployable student inputs do not
controlled_route_sensitive_v2_0011,DOMINANCE_MAP,oracle_source_activity,time_frequency_map,True,mixed_audio_or_mixed_logmel_only,teacher map may use source tracks; deployable student inputs do not
controlled_route_sensitive_v2_0011,UNCERTAINTY_MAP,weak_uncertainty_target,time_frequency_map,True,mixed_audio_or_mixed_logmel_only,teacher map may use source tracks; deployable student inputs do not
controlled_route_sensitive_v2_0011,ROUTE_REGRET,real_whisper_sample_level_regret,sample_level_vector,False,mixed_audio_or_mixed_logmel_only,teacher map may use source tracks; deployable student inputs do not
controlled_route_sensitive_v2_0011,REVIEW_RISK,stage2_review_guard_heuristic,sample_level_vector,False,mixed_audio_or_mixed_logmel_only,teacher map may use source tracks; deployable student inputs do not
controlled_route_sensitive_v2_0012,OVERLAP_MAP,oracle_source_activity,time_frequency_map,True,mixed_audio_or_mixed_logmel_only,teacher map may use source tracks; deployable student inputs do not
controlled_route_sensitive_v2_0012,DOMINANCE_MAP,oracle_source_activity,time_frequency_map,True,mixed_audio_or_mixed_logmel_only,teacher map may use source tracks; deployable student inputs do not
controlled_route_sensitive_v2_0012,UNCERTAINTY_MAP,weak_uncertainty_target,time_frequency_map,True,mixed_audio_or_mixed_logmel_only,teacher map may use source tracks; deployable student inputs do not
controlled_route_sensitive_v2_0012,ROUTE_REGRET,real_whisper_sample_level_regret,sample_level_vector,False,mixed_audio_or_mixed_logmel_only,teacher map may use source tracks; deployable student inputs do not
controlled_route_sensitive_v2_0012,REVIEW_RISK,stage2_review_guard_heuristic,sample_level_vector,False,mixed_audio_or_mixed_logmel_only,teacher map may use source tracks; deployable student inputs do not
controlled_route_sensitive_v2_0013,OVERLAP_MAP,oracle_source_activity,time_frequency_map,True,mixed_audio_or_mixed_logmel_only,teacher map may use source tracks; deployable student inputs do not
controlled_route_sensitive_v2_0013,DOMINANCE_MAP,oracle_source_activity,time_frequency_map,True,mixed_audio_or_mixed_logmel_only,teacher map may use source tracks; deployable student inputs do not
controlled_route_sensitive_v2_0013,UNCERTAINTY_MAP,weak_uncertainty_target,time_frequency_map,True,mixed_audio_or_mixed_logmel_only,teacher map may use source tracks; deployable student inputs do not
controlled_route_sensitive_v2_0013,ROUTE_REGRET,real_whisper_sample_level_regret,sample_level_vector,False,mixed_audio_or_mixed_logmel_only,teacher map may use source tracks; deployable student inputs do not
controlled_route_sensitive_v2_0013,REVIEW_RISK,stage2_review_guard_heuristic,sample_level_vector,False,mixed_audio_or_mixed_logmel_only,teacher map may use source tracks; deployable student inputs do not
controlled_route_sensitive_v2_0014,OVERLAP_MAP,oracle_source_activity,time_frequency_map,True,mixed_audio_or_mixed_logmel_only,teacher map may use source tracks; deployable student inputs do not
controlled_route_sensitive_v2_0014,DOMINANCE_MAP,oracle_source_activity,time_frequency_map,True,mixed_audio_or_mixed_logmel_only,teacher map may use source tracks; deployable student inputs do not
controlled_route_sensitive_v2_0014,UNCERTAINTY_MAP,weak_uncertainty_target,time_frequency_map,True,mixed_audio_or_mixed_logmel_only,teacher map may use source tracks; deployable student inputs do not
controlled_route_sensitive_v2_0014,ROUTE_REGRET,real_whisper_sample_level_regret,sample_level_vector,False,mixed_audio_or_mixed_logmel_only,teacher map may use source tracks; deployable student inputs do not
controlled_route_sensitive_v2_0014,REVIEW_RISK,stage2_review_guard_heuristic,sample_level_vector,False,mixed_audio_or_mixed_logmel_only,teacher map may use source tracks; deployable student inputs do not
controlled_route_sensitive_v2_0015,OVERLAP_MAP,oracle_source_activity,time_frequency_map,True,mixed_audio_or_mixed_logmel_only,teacher map may use source tracks; deployable student inputs do not
controlled_route_sensitive_v2_0015,DOMINANCE_MAP,oracle_source_activity,time_frequency_map,True,mixed_audio_or_mixed_logmel_only,teacher map may use source tracks; deployable student inputs do not
controlled_route_sensitive_v2_0015,UNCERTAINTY_MAP,weak_uncertainty_target,time_frequency_map,True,mixed_audio_or_mixed_logmel_only,teacher map may use source tracks; deployable student inputs do not
controlled_route_sensitive_v2_0015,ROUTE_REGRET,real_whisper_sample_level_regret,sample_level_vector,False,mixed_audio_or_mixed_logmel_only,teacher map may use source tracks; deployable student inputs do not
controlled_route_sensitive_v2_0015,REVIEW_RISK,stage2_review_guard_heuristic,sample_level_vector,False,mixed_audio_or_mixed_logmel_only,teacher map may use source tracks; deployable student inputs do not
controlled_route_sensitive_v2_0016,OVERLAP_MAP,oracle_source_activity,time_frequency_map,True,mixed_audio_or_mixed_logmel_only,teacher map may use source tracks; deployable student inputs do not
controlled_route_sensitive_v2_0016,DOMINANCE_MAP,oracle_source_activity,time_frequency_map,True,mixed_audio_or_mixed_logmel_only,teacher map may use source tracks; deployable student inputs do not
controlled_route_sensitive_v2_0016,UNCERTAINTY_MAP,weak_uncertainty_target,time_frequency_map,True,mixed_audio_or_mixed_logmel_only,teacher map may use source tracks; deployable student inputs do not
controlled_route_sensitive_v2_0016,ROUTE_REGRET,real_whisper_sample_level_regret,sample_level_vector,False,mixed_audio_or_mixed_logmel_only,teacher map may use source tracks; deployable student inputs do not
controlled_route_sensitive_v2_0016,REVIEW_RISK,stage2_review_guard_heuristic,sample_level_vector,False,mixed_audio_or_mixed_logmel_only,teacher map may use source tracks; deployable student inputs do not
controlled_route_sensitive_v2_0017,OVERLAP_MAP,oracle_source_activity,time_frequency_map,True,mixed_audio_or_mixed_logmel_only,teacher map may use source tracks; deployable student inputs do not
controlled_route_sensitive_v2_0017,DOMINANCE_MAP,oracle_source_activity,time_frequency_map,True,mixed_audio_or_mixed_logmel_only,teacher map may use source tracks; deployable student inputs do not
controlled_route_sensitive_v2_0017,UNCERTAINTY_MAP,weak_uncertainty_target,time_frequency_map,True,mixed_audio_or_mixed_logmel_only,teacher map may use source tracks; deployable student inputs do not
controlled_route_sensitive_v2_0017,ROUTE_REGRET,real_whisper_sample_level_regret,sample_level_vector,False,mixed_audio_or_mixed_logmel_only,teacher map may use source tracks; deployable student inputs do not
controlled_route_sensitive_v2_0017,REVIEW_RISK,stage2_review_guard_heuristic,sample_level_vector,False,mixed_audio_or_mixed_logmel_only,teacher map may use source tracks; deployable student inputs do not
controlled_route_sensitive_v2_0018,OVERLAP_MAP,oracle_source_activity,time_frequency_map,True,mixed_audio_or_mixed_logmel_only,teacher map may use source tracks; deployable student inputs do not
controlled_route_sensitive_v2_0018,DOMINANCE_MAP,oracle_source_activity,time_frequency_map,True,mixed_audio_or_mixed_logmel_only,teacher map may use source tracks; deployable student inputs do not
controlled_route_sensitive_v2_0018,UNCERTAINTY_MAP,weak_uncertainty_target,time_frequency_map,True,mixed_audio_or_mixed_logmel_only,teacher map may use source tracks; deployable student inputs do not
controlled_route_sensitive_v2_0018,ROUTE_REGRET,real_whisper_sample_level_regret,sample_level_vector,False,mixed_audio_or_mixed_logmel_only,teacher map may use source tracks; deployable student inputs do not
controlled_route_sensitive_v2_0018,REVIEW_RISK,stage2_review_guard_heuristic,sample_level_vector,False,mixed_audio_or_mixed_logmel_only,teacher map may use source tracks; deployable student inputs do not
controlled_route_sensitive_v2_0019,OVERLAP_MAP,oracle_source_activity,time_frequency_map,True,mixed_audio_or_mixed_logmel_only,teacher map may use source tracks; deployable student inputs do not
controlled_route_sensitive_v2_0019,DOMINANCE_MAP,oracle_source_activity,time_frequency_map,True,mixed_audio_or_mixed_logmel_only,teacher map may use source tracks; deployable student inputs do not
controlled_route_sensitive_v2_0019,UNCERTAINTY_MAP,weak_uncertainty_target,time_frequency_map,True,mixed_audio_or_mixed_logmel_only,teacher map may use source tracks; deployable student inputs do not
controlled_route_sensitive_v2_0019,ROUTE_REGRET,real_whisper_sample_level_regret,sample_level_vector,False,mixed_audio_or_mixed_logmel_only,teacher map may use source tracks; deployable student inputs do not
controlled_route_sensitive_v2_0019,REVIEW_RISK,stage2_review_guard_heuristic,sample_level_vector,False,mixed_audio_or_mixed_logmel_only,teacher map may use source tracks; deployable student inputs do not
controlled_route_sensitive_v2_0020,OVERLAP_MAP,oracle_source_activity,time_frequency_map,True,mixed_audio_or_mixed_logmel_only,teacher map may use source tracks; deployable student inputs do not
controlled_route_sensitive_v2_0020,DOMINANCE_MAP,oracle_source_activity,time_frequency_map,True,mixed_audio_or_mixed_logmel_only,teacher map may use source tracks; deployable student inputs do not
controlled_route_sensitive_v2_0020,UNCERTAINTY_MAP,weak_uncertainty_target,time_frequency_map,True,mixed_audio_or_mixed_logmel_only,teacher map may use source tracks; deployable student inputs do not
controlled_route_sensitive_v2_0020,ROUTE_REGRET,real_whisper_sample_level_regret,sample_level_vector,False,mixed_audio_or_mixed_logmel_only,teacher map may use source tracks; deployable student inputs do not
controlled_route_sensitive_v2_0020,REVIEW_RISK,stage2_review_guard_heuristic,sample_level_vector,False,mixed_audio_or_mixed_logmel_only,teacher map may use source tracks; deployable student inputs do not
controlled_route_sensitive_v2_0021,OVERLAP_MAP,oracle_source_activity,time_frequency_map,True,mixed_audio_or_mixed_logmel_only,teacher map may use source tracks; deployable student inputs do not
controlled_route_sensitive_v2_0021,DOMINANCE_MAP,oracle_source_activity,time_frequency_map,True,mixed_audio_or_mixed_logmel_only,teacher map may use source tracks; deployable student inputs do not
controlled_route_sensitive_v2_0021,UNCERTAINTY_MAP,weak_uncertainty_target,time_frequency_map,True,mixed_audio_or_mixed_logmel_only,teacher map may use source tracks; deployable student inputs do not
controlled_route_sensitive_v2_0021,ROUTE_REGRET,real_whisper_sample_level_regret,sample_level_vector,False,mixed_audio_or_mixed_logmel_only,teacher map may use source tracks; deployable student inputs do not
controlled_route_sensitive_v2_0021,REVIEW_RISK,stage2_review_guard_heuristic,sample_level_vector,False,mixed_audio_or_mixed_logmel_only,teacher map may use source tracks; deployable student inputs do not
controlled_route_sensitive_v2_0022,OVERLAP_MAP,oracle_source_activity,time_frequency_map,True,mixed_audio_or_mixed_logmel_only,teacher map may use source tracks; deployable student inputs do not
controlled_route_sensitive_v2_0022,DOMINANCE_MAP,oracle_source_activity,time_frequency_map,True,mixed_audio_or_mixed_logmel_only,teacher map may use source tracks; deployable student inputs do not
controlled_route_sensitive_v2_0022,UNCERTAINTY_MAP,weak_uncertainty_target,time_frequency_map,True,mixed_audio_or_mixed_logmel_only,teacher map may use source tracks; deployable student inputs do not
controlled_route_sensitive_v2_0022,ROUTE_REGRET,real_whisper_sample_level_regret,sample_level_vector,False,mixed_audio_or_mixed_logmel_only,teacher map may use source tracks; deployable student inputs do not
controlled_route_sensitive_v2_0022,REVIEW_RISK,stage2_review_guard_heuristic,sample_level_vector,False,mixed_audio_or_mixed_logmel_only,teacher map may use source tracks; deployable student inputs do not
controlled_route_sensitive_v2_0023,OVERLAP_MAP,oracle_source_activity,time_frequency_map,True,mixed_audio_or_mixed_logmel_only,teacher map may use source tracks; deployable student inputs do not
controlled_route_sensitive_v2_0023,DOMINANCE_MAP,oracle_source_activity,time_frequency_map,True,mixed_audio_or_mixed_logmel_only,teacher map may use source tracks; deployable student inputs do not
controlled_route_sensitive_v2_0023,UNCERTAINTY_MAP,weak_uncertainty_target,time_frequency_map,True,mixed_audio_or_mixed_logmel_only,teacher map may use source tracks; deployable student inputs do not
controlled_route_sensitive_v2_0023,ROUTE_REGRET,real_whisper_sample_level_regret,sample_level_vector,False,mixed_audio_or_mixed_logmel_only,teacher map may use source tracks; deployable student inputs do not
controlled_route_sensitive_v2_0023,REVIEW_RISK,stage2_review_guard_heuristic,sample_level_vector,False,mixed_audio_or_mixed_logmel_only,teacher map may use source tracks; deployable student inputs do not
controlled_route_sensitive_v2_0024,OVERLAP_MAP,oracle_source_activity,time_frequency_map,True,mixed_audio_or_mixed_logmel_only,teacher map may use source tracks; deployable student inputs do not
controlled_route_sensitive_v2_0024,DOMINANCE_MAP,oracle_source_activity,time_frequency_map,True,mixed_audio_or_mixed_logmel_only,teacher map may use source tracks; deployable student inputs do not
controlled_route_sensitive_v2_0024,UNCERTAINTY_MAP,weak_uncertainty_target,time_frequency_map,True,mixed_audio_or_mixed_logmel_only,teacher map may use source tracks; deployable student inputs do not
controlled_route_sensitive_v2_0024,ROUTE_REGRET,real_whisper_sample_level_regret,sample_level_vector,False,mixed_audio_or_mixed_logmel_only,teacher map may use source tracks; deployable student inputs do not
controlled_route_sensitive_v2_0024,REVIEW_RISK,stage2_review_guard_heuristic,sample_level_vector,False,mixed_audio_or_mixed_logmel_only,teacher map may use source tracks; deployable student inputs do not
controlled_route_sensitive_v2_0025,OVERLAP_MAP,oracle_source_activity,time_frequency_map,True,mixed_audio_or_mixed_logmel_only,teacher map may use source tracks; deployable student inputs do not
controlled_route_sensitive_v2_0025,DOMINANCE_MAP,oracle_source_activity,time_frequency_map,True,mixed_audio_or_mixed_logmel_only,teacher map may use source tracks; deployable student inputs do not
controlled_route_sensitive_v2_0025,UNCERTAINTY_MAP,weak_uncertainty_target,time_frequency_map,True,mixed_audio_or_mixed_logmel_only,teacher map may use source tracks; deployable student inputs do not
controlled_route_sensitive_v2_0025,ROUTE_REGRET,real_whisper_sample_level_regret,sample_level_vector,False,mixed_audio_or_mixed_logmel_only,teacher map may use source tracks; deployable student inputs do not
controlled_route_sensitive_v2_0025,REVIEW_RISK,stage2_review_guard_heuristic,sample_level_vector,False,mixed_audio_or_mixed_logmel_only,teacher map may use source tracks; deployable student inputs do not
controlled_route_sensitive_v2_0026,OVERLAP_MAP,oracle_source_activity,time_frequency_map,True,mixed_audio_or_mixed_logmel_only,teacher map may use source tracks; deployable student inputs do not
controlled_route_sensitive_v2_0026,DOMINANCE_MAP,oracle_source_activity,time_frequency_map,True,mixed_audio_or_mixed_logmel_only,teacher map may use source tracks; deployable student inputs do not
controlled_route_sensitive_v2_0026,UNCERTAINTY_MAP,weak_uncertainty_target,time_frequency_map,True,mixed_audio_or_mixed_logmel_only,teacher map may use source tracks; deployable student inputs do not
controlled_route_sensitive_v2_0026,ROUTE_REGRET,real_whisper_sample_level_regret,sample_level_vector,False,mixed_audio_or_mixed_logmel_only,teacher map may use source tracks; deployable student inputs do not
controlled_route_sensitive_v2_0026,REVIEW_RISK,stage2_review_guard_heuristic,sample_level_vector,False,mixed_audio_or_mixed_logmel_only,teacher map may use source tracks; deployable student inputs do not
controlled_route_sensitive_v2_0027,OVERLAP_MAP,oracle_source_activity,time_frequency_map,True,mixed_audio_or_mixed_logmel_only,teacher map may use source tracks; deployable student inputs do not
controlled_route_sensitive_v2_0027,DOMINANCE_MAP,oracle_source_activity,time_frequency_map,True,mixed_audio_or_mixed_logmel_only,teacher map may use source tracks; deployable student inputs do not
controlled_route_sensitive_v2_0027,UNCERTAINTY_MAP,weak_uncertainty_target,time_frequency_map,True,mixed_audio_or_mixed_logmel_only,teacher map may use source tracks; deployable student inputs do not
controlled_route_sensitive_v2_0027,ROUTE_REGRET,real_whisper_sample_level_regret,sample_level_vector,False,mixed_audio_or_mixed_logmel_only,teacher map may use source tracks; deployable student inputs do not
controlled_route_sensitive_v2_0027,REVIEW_RISK,stage2_review_guard_heuristic,sample_level_vector,False,mixed_audio_or_mixed_logmel_only,teacher map may use source tracks; deployable student inputs do not
controlled_route_sensitive_v2_0028,OVERLAP_MAP,oracle_source_activity,time_frequency_map,True,mixed_audio_or_mixed_logmel_only,teacher map may use source tracks; deployable student inputs do not
controlled_route_sensitive_v2_0028,DOMINANCE_MAP,oracle_source_activity,time_frequency_map,True,mixed_audio_or_mixed_logmel_only,teacher map may use source tracks; deployable student inputs do not
controlled_route_sensitive_v2_0028,UNCERTAINTY_MAP,weak_uncertainty_target,time_frequency_map,True,mixed_audio_or_mixed_logmel_only,teacher map may use source tracks; deployable student inputs do not
controlled_route_sensitive_v2_0028,ROUTE_REGRET,real_whisper_sample_level_regret,sample_level_vector,False,mixed_audio_or_mixed_logmel_only,teacher map may use source tracks; deployable student inputs do not
controlled_route_sensitive_v2_0028,REVIEW_RISK,stage2_review_guard_heuristic,sample_level_vector,False,mixed_audio_or_mixed_logmel_only,teacher map may use source tracks; deployable student inputs do not
controlled_route_sensitive_v2_0029,OVERLAP_MAP,oracle_source_activity,time_frequency_map,True,mixed_audio_or_mixed_logmel_only,teacher map may use source tracks; deployable student inputs do not
controlled_route_sensitive_v2_0029,DOMINANCE_MAP,oracle_source_activity,time_frequency_map,True,mixed_audio_or_mixed_logmel_only,teacher map may use source tracks; deployable student inputs do not
controlled_route_sensitive_v2_0029,UNCERTAINTY_MAP,weak_uncertainty_target,time_frequency_map,True,mixed_audio_or_mixed_logmel_only,teacher map may use source tracks; deployable student inputs do not
controlled_route_sensitive_v2_0029,ROUTE_REGRET,real_whisper_sample_level_regret,sample_level_vector,False,mixed_audio_or_mixed_logmel_only,teacher map may use source tracks; deployable student inputs do not
controlled_route_sensitive_v2_0029,REVIEW_RISK,stage2_review_guard_heuristic,sample_level_vector,False,mixed_audio_or_mixed_logmel_only,teacher map may use source tracks; deployable student inputs do not
controlled_route_sensitive_v2_0030,OVERLAP_MAP,oracle_source_activity,time_frequency_map,True,mixed_audio_or_mixed_logmel_only,teacher map may use source tracks; deployable student inputs do not
controlled_route_sensitive_v2_0030,DOMINANCE_MAP,oracle_source_activity,time_frequency_map,True,mixed_audio_or_mixed_logmel_only,teacher map may use source tracks; deployable student inputs do not
controlled_route_sensitive_v2_0030,UNCERTAINTY_MAP,weak_uncertainty_target,time_frequency_map,True,mixed_audio_or_mixed_logmel_only,teacher map may use source tracks; deployable student inputs do not
controlled_route_sensitive_v2_0030,ROUTE_REGRET,real_whisper_sample_level_regret,sample_level_vector,False,mixed_audio_or_mixed_logmel_only,teacher map may use source tracks; deployable student inputs do not
controlled_route_sensitive_v2_0030,REVIEW_RISK,stage2_review_guard_heuristic,sample_level_vector,False,mixed_audio_or_mixed_logmel_only,teacher map may use source tracks; deployable student inputs do not
controlled_route_sensitive_v2_0031,OVERLAP_MAP,oracle_source_activity,time_frequency_map,True,mixed_audio_or_mixed_logmel_only,teacher map may use source tracks; deployable student inputs do not
controlled_route_sensitive_v2_0031,DOMINANCE_MAP,oracle_source_activity,time_frequency_map,True,mixed_audio_or_mixed_logmel_only,teacher map may use source tracks; deployable student inputs do not
controlled_route_sensitive_v2_0031,UNCERTAINTY_MAP,weak_uncertainty_target,time_frequency_map,True,mixed_audio_or_mixed_logmel_only,teacher map may use source tracks; deployable student inputs do not
controlled_route_sensitive_v2_0031,ROUTE_REGRET,real_whisper_sample_level_regret,sample_level_vector,False,mixed_audio_or_mixed_logmel_only,teacher map may use source tracks; deployable student inputs do not
controlled_route_sensitive_v2_0031,REVIEW_RISK,stage2_review_guard_heuristic,sample_level_vector,False,mixed_audio_or_mixed_logmel_only,teacher map may use source tracks; deployable student inputs do not
controlled_route_sensitive_v2_0032,OVERLAP_MAP,oracle_source_activity,time_frequency_map,True,mixed_audio_or_mixed_logmel_only,teacher map may use source tracks; deployable student inputs do not
controlled_route_sensitive_v2_0032,DOMINANCE_MAP,oracle_source_activity,time_frequency_map,True,mixed_audio_or_mixed_logmel_only,teacher map may use source tracks; deployable student inputs do not
controlled_route_sensitive_v2_0032,UNCERTAINTY_MAP,weak_uncertainty_target,time_frequency_map,True,mixed_audio_or_mixed_logmel_only,teacher map may use source tracks; deployable student inputs do not
controlled_route_sensitive_v2_0032,ROUTE_REGRET,real_whisper_sample_level_regret,sample_level_vector,False,mixed_audio_or_mixed_logmel_only,teacher map may use source tracks; deployable student inputs do not
controlled_route_sensitive_v2_0032,REVIEW_RISK,stage2_review_guard_heuristic,sample_level_vector,False,mixed_audio_or_mixed_logmel_only,teacher map may use source tracks; deployable student inputs do not
controlled_route_sensitive_v2_0033,OVERLAP_MAP,oracle_source_activity,time_frequency_map,True,mixed_audio_or_mixed_logmel_only,teacher map may use source tracks; deployable student inputs do not
controlled_route_sensitive_v2_0033,DOMINANCE_MAP,oracle_source_activity,time_frequency_map,True,mixed_audio_or_mixed_logmel_only,teacher map may use source tracks; deployable student inputs do not
controlled_route_sensitive_v2_0033,UNCERTAINTY_MAP,weak_uncertainty_target,time_frequency_map,True,mixed_audio_or_mixed_logmel_only,teacher map may use source tracks; deployable student inputs do not
controlled_route_sensitive_v2_0033,ROUTE_REGRET,real_whisper_sample_level_regret,sample_level_vector,False,mixed_audio_or_mixed_logmel_only,teacher map may use source tracks; deployable student inputs do not
controlled_route_sensitive_v2_0033,REVIEW_RISK,stage2_review_guard_heuristic,sample_level_vector,False,mixed_audio_or_mixed_logmel_only,teacher map may use source tracks; deployable student inputs do not
controlled_route_sensitive_v2_0034,OVERLAP_MAP,oracle_source_activity,time_frequency_map,True,mixed_audio_or_mixed_logmel_only,teacher map may use source tracks; deployable student inputs do not
controlled_route_sensitive_v2_0034,DOMINANCE_MAP,oracle_source_activity,time_frequency_map,True,mixed_audio_or_mixed_logmel_only,teacher map may use source tracks; deployable student inputs do not
controlled_route_sensitive_v2_0034,UNCERTAINTY_MAP,weak_uncertainty_target,time_frequency_map,True,mixed_audio_or_mixed_logmel_only,teacher map may use source tracks; deployable student inputs do not
controlled_route_sensitive_v2_0034,ROUTE_REGRET,real_whisper_sample_level_regret,sample_level_vector,False,mixed_audio_or_mixed_logmel_only,teacher map may use source tracks; deployable student inputs do not
controlled_route_sensitive_v2_0034,REVIEW_RISK,stage2_review_guard_heuristic,sample_level_vector,False,mixed_audio_or_mixed_logmel_only,teacher map may use source tracks; deployable student inputs do not
controlled_route_sensitive_v2_0035,OVERLAP_MAP,oracle_source_activity,time_frequency_map,True,mixed_audio_or_mixed_logmel_only,teacher map may use source tracks; deployable student inputs do not
controlled_route_sensitive_v2_0035,DOMINANCE_MAP,oracle_source_activity,time_frequency_map,True,mixed_audio_or_mixed_logmel_only,teacher map may use source tracks; deployable student inputs do not
controlled_route_sensitive_v2_0035,UNCERTAINTY_MAP,weak_uncertainty_target,time_frequency_map,True,mixed_audio_or_mixed_logmel_only,teacher map may use source tracks; deployable student inputs do not
controlled_route_sensitive_v2_0035,ROUTE_REGRET,real_whisper_sample_level_regret,sample_level_vector,False,mixed_audio_or_mixed_logmel_only,teacher map may use source tracks; deployable student inputs do not
controlled_route_sensitive_v2_0035,REVIEW_RISK,stage2_review_guard_heuristic,sample_level_vector,False,mixed_audio_or_mixed_logmel_only,teacher map may use source tracks; deployable student inputs do not
controlled_route_sensitive_v2_0036,OVERLAP_MAP,oracle_source_activity,time_frequency_map,True,mixed_audio_or_mixed_logmel_only,teacher map may use source tracks; deployable student inputs do not
controlled_route_sensitive_v2_0036,DOMINANCE_MAP,oracle_source_activity,time_frequency_map,True,mixed_audio_or_mixed_logmel_only,teacher map may use source tracks; deployable student inputs do not
controlled_route_sensitive_v2_0036,UNCERTAINTY_MAP,weak_uncertainty_target,time_frequency_map,True,mixed_audio_or_mixed_logmel_only,teacher map may use source tracks; deployable student inputs do not
controlled_route_sensitive_v2_0036,ROUTE_REGRET,real_whisper_sample_level_regret,sample_level_vector,False,mixed_audio_or_mixed_logmel_only,teacher map may use source tracks; deployable student inputs do not
controlled_route_sensitive_v2_0036,REVIEW_RISK,stage2_review_guard_heuristic,sample_level_vector,False,mixed_audio_or_mixed_logmel_only,teacher map may use source tracks; deployable student inputs do not
controlled_route_sensitive_v2_0037,OVERLAP_MAP,oracle_source_activity,time_frequency_map,True,mixed_audio_or_mixed_logmel_only,teacher map may use source tracks; deployable student inputs do not
controlled_route_sensitive_v2_0037,DOMINANCE_MAP,oracle_source_activity,time_frequency_map,True,mixed_audio_or_mixed_logmel_only,teacher map may use source tracks; deployable student inputs do not
controlled_route_sensitive_v2_0037,UNCERTAINTY_MAP,weak_uncertainty_target,time_frequency_map,True,mixed_audio_or_mixed_logmel_only,teacher map may use source tracks; deployable student inputs do not
controlled_route_sensitive_v2_0037,ROUTE_REGRET,real_whisper_sample_level_regret,sample_level_vector,False,mixed_audio_or_mixed_logmel_only,teacher map may use source tracks; deployable student inputs do not
controlled_route_sensitive_v2_0037,REVIEW_RISK,stage2_review_guard_heuristic,sample_level_vector,False,mixed_audio_or_mixed_logmel_only,teacher map may use source tracks; deployable student inputs do not
controlled_route_sensitive_v2_0038,OVERLAP_MAP,oracle_source_activity,time_frequency_map,True,mixed_audio_or_mixed_logmel_only,teacher map may use source tracks; deployable student inputs do not
controlled_route_sensitive_v2_0038,DOMINANCE_MAP,oracle_source_activity,time_frequency_map,True,mixed_audio_or_mixed_logmel_only,teacher map may use source tracks; deployable student inputs do not
controlled_route_sensitive_v2_0038,UNCERTAINTY_MAP,weak_uncertainty_target,time_frequency_map,True,mixed_audio_or_mixed_logmel_only,teacher map may use source tracks; deployable student inputs do not
controlled_route_sensitive_v2_0038,ROUTE_REGRET,real_whisper_sample_level_regret,sample_level_vector,False,mixed_audio_or_mixed_logmel_only,teacher map may use source tracks; deployable student inputs do not
controlled_route_sensitive_v2_0038,REVIEW_RISK,stage2_review_guard_heuristic,sample_level_vector,False,mixed_audio_or_mixed_logmel_only,teacher map may use source tracks; deployable student inputs do not
controlled_route_sensitive_v2_0039,OVERLAP_MAP,oracle_source_activity,time_frequency_map,True,mixed_audio_or_mixed_logmel_only,teacher map may use source tracks; deployable student inputs do not
controlled_route_sensitive_v2_0039,DOMINANCE_MAP,oracle_source_activity,time_frequency_map,True,mixed_audio_or_mixed_logmel_only,teacher map may use source tracks; deployable student inputs do not
controlled_route_sensitive_v2_0039,UNCERTAINTY_MAP,weak_uncertainty_target,time_frequency_map,True,mixed_audio_or_mixed_logmel_only,teacher map may use source tracks; deployable student inputs do not
controlled_route_sensitive_v2_0039,ROUTE_REGRET,real_whisper_sample_level_regret,sample_level_vector,False,mixed_audio_or_mixed_logmel_only,teacher map may use source tracks; deployable student inputs do not
controlled_route_sensitive_v2_0039,REVIEW_RISK,stage2_review_guard_heuristic,sample_level_vector,False,mixed_audio_or_mixed_logmel_only,teacher map may use source tracks; deployable student inputs do not
controlled_route_sensitive_v2_0040,OVERLAP_MAP,oracle_source_activity,time_frequency_map,True,mixed_audio_or_mixed_logmel_only,teacher map may use source tracks; deployable student inputs do not
controlled_route_sensitive_v2_0040,DOMINANCE_MAP,oracle_source_activity,time_frequency_map,True,mixed_audio_or_mixed_logmel_only,teacher map may use source tracks; deployable student inputs do not
controlled_route_sensitive_v2_0040,UNCERTAINTY_MAP,weak_uncertainty_target,time_frequency_map,True,mixed_audio_or_mixed_logmel_only,teacher map may use source tracks; deployable student inputs do not
controlled_route_sensitive_v2_0040,ROUTE_REGRET,real_whisper_sample_level_regret,sample_level_vector,False,mixed_audio_or_mixed_logmel_only,teacher map may use source tracks; deployable student inputs do not
controlled_route_sensitive_v2_0040,REVIEW_RISK,stage2_review_guard_heuristic,sample_level_vector,False,mixed_audio_or_mixed_logmel_only,teacher map may use source tracks; deployable student inputs do not
controlled_route_sensitive_v2_0041,OVERLAP_MAP,oracle_source_activity,time_frequency_map,True,mixed_audio_or_mixed_logmel_only,teacher map may use source tracks; deployable student inputs do not
controlled_route_sensitive_v2_0041,DOMINANCE_MAP,oracle_source_activity,time_frequency_map,True,mixed_audio_or_mixed_logmel_only,teacher map may use source tracks; deployable student inputs do not
controlled_route_sensitive_v2_0041,UNCERTAINTY_MAP,weak_uncertainty_target,time_frequency_map,True,mixed_audio_or_mixed_logmel_only,teacher map may use source tracks; deployable student inputs do not
controlled_route_sensitive_v2_0041,ROUTE_REGRET,real_whisper_sample_level_regret,sample_level_vector,False,mixed_audio_or_mixed_logmel_only,teacher map may use source tracks; deployable student inputs do not
controlled_route_sensitive_v2_0041,REVIEW_RISK,stage2_review_guard_heuristic,sample_level_vector,False,mixed_audio_or_mixed_logmel_only,teacher map may use source tracks; deployable student inputs do not
controlled_route_sensitive_v2_0042,OVERLAP_MAP,oracle_source_activity,time_frequency_map,True,mixed_audio_or_mixed_logmel_only,teacher map may use source tracks; deployable student inputs do not
controlled_route_sensitive_v2_0042,DOMINANCE_MAP,oracle_source_activity,time_frequency_map,True,mixed_audio_or_mixed_logmel_only,teacher map may use source tracks; deployable student inputs do not
controlled_route_sensitive_v2_0042,UNCERTAINTY_MAP,weak_uncertainty_target,time_frequency_map,True,mixed_audio_or_mixed_logmel_only,teacher map may use source tracks; deployable student inputs do not
controlled_route_sensitive_v2_0042,ROUTE_REGRET,real_whisper_sample_level_regret,sample_level_vector,False,mixed_audio_or_mixed_logmel_only,teacher map may use source tracks; deployable student inputs do not
controlled_route_sensitive_v2_0042,REVIEW_RISK,stage2_review_guard_heuristic,sample_level_vector,False,mixed_audio_or_mixed_logmel_only,teacher map may use source tracks; deployable student inputs do not
controlled_route_sensitive_v2_0043,OVERLAP_MAP,oracle_source_activity,time_frequency_map,True,mixed_audio_or_mixed_logmel_only,teacher map may use source tracks; deployable student inputs do not
controlled_route_sensitive_v2_0043,DOMINANCE_MAP,oracle_source_activity,time_frequency_map,True,mixed_audio_or_mixed_logmel_only,teacher map may use source tracks; deployable student inputs do not
controlled_route_sensitive_v2_0043,UNCERTAINTY_MAP,weak_uncertainty_target,time_frequency_map,True,mixed_audio_or_mixed_logmel_only,teacher map may use source tracks; deployable student inputs do not
controlled_route_sensitive_v2_0043,ROUTE_REGRET,real_whisper_sample_level_regret,sample_level_vector,False,mixed_audio_or_mixed_logmel_only,teacher map may use source tracks; deployable student inputs do not
controlled_route_sensitive_v2_0043,REVIEW_RISK,stage2_review_guard_heuristic,sample_level_vector,False,mixed_audio_or_mixed_logmel_only,teacher map may use source tracks; deployable student inputs do not
controlled_route_sensitive_v2_0044,OVERLAP_MAP,oracle_source_activity,time_frequency_map,True,mixed_audio_or_mixed_logmel_only,teacher map may use source tracks; deployable student inputs do not
controlled_route_sensitive_v2_0044,DOMINANCE_MAP,oracle_source_activity,time_frequency_map,True,mixed_audio_or_mixed_logmel_only,teacher map may use source tracks; deployable student inputs do not
controlled_route_sensitive_v2_0044,UNCERTAINTY_MAP,weak_uncertainty_target,time_frequency_map,True,mixed_audio_or_mixed_logmel_only,teacher map may use source tracks; deployable student inputs do not
controlled_route_sensitive_v2_0044,ROUTE_REGRET,real_whisper_sample_level_regret,sample_level_vector,False,mixed_audio_or_mixed_logmel_only,teacher map may use source tracks; deployable student inputs do not
controlled_route_sensitive_v2_0044,REVIEW_RISK,stage2_review_guard_heuristic,sample_level_vector,False,mixed_audio_or_mixed_logmel_only,teacher map may use source tracks; deployable student inputs do not
controlled_route_sensitive_v2_0045,OVERLAP_MAP,oracle_source_activity,time_frequency_map,True,mixed_audio_or_mixed_logmel_only,teacher map may use source tracks; deployable student inputs do not
controlled_route_sensitive_v2_0045,DOMINANCE_MAP,oracle_source_activity,time_frequency_map,True,mixed_audio_or_mixed_logmel_only,teacher map may use source tracks; deployable student inputs do not
controlled_route_sensitive_v2_0045,UNCERTAINTY_MAP,weak_uncertainty_target,time_frequency_map,True,mixed_audio_or_mixed_logmel_only,teacher map may use source tracks; deployable student inputs do not
controlled_route_sensitive_v2_0045,ROUTE_REGRET,real_whisper_sample_level_regret,sample_level_vector,False,mixed_audio_or_mixed_logmel_only,teacher map may use source tracks; deployable student inputs do not
controlled_route_sensitive_v2_0045,REVIEW_RISK,stage2_review_guard_heuristic,sample_level_vector,False,mixed_audio_or_mixed_logmel_only,teacher map may use source tracks; deployable student inputs do not
controlled_route_sensitive_v2_0046,OVERLAP_MAP,oracle_source_activity,time_frequency_map,True,mixed_audio_or_mixed_logmel_only,teacher map may use source tracks; deployable student inputs do not
controlled_route_sensitive_v2_0046,DOMINANCE_MAP,oracle_source_activity,time_frequency_map,True,mixed_audio_or_mixed_logmel_only,teacher map may use source tracks; deployable student inputs do not
controlled_route_sensitive_v2_0046,UNCERTAINTY_MAP,weak_uncertainty_target,time_frequency_map,True,mixed_audio_or_mixed_logmel_only,teacher map may use source tracks; deployable student inputs do not
controlled_route_sensitive_v2_0046,ROUTE_REGRET,real_whisper_sample_level_regret,sample_level_vector,False,mixed_audio_or_mixed_logmel_only,teacher map may use source tracks; deployable student inputs do not
controlled_route_sensitive_v2_0046,REVIEW_RISK,stage2_review_guard_heuristic,sample_level_vector,False,mixed_audio_or_mixed_logmel_only,teacher map may use source tracks; deployable student inputs do not
controlled_route_sensitive_v2_0047,OVERLAP_MAP,oracle_source_activity,time_frequency_map,True,mixed_audio_or_mixed_logmel_only,teacher map may use source tracks; deployable student inputs do not
controlled_route_sensitive_v2_0047,DOMINANCE_MAP,oracle_source_activity,time_frequency_map,True,mixed_audio_or_mixed_logmel_only,teacher map may use source tracks; deployable student inputs do not
controlled_route_sensitive_v2_0047,UNCERTAINTY_MAP,weak_uncertainty_target,time_frequency_map,True,mixed_audio_or_mixed_logmel_only,teacher map may use source tracks; deployable student inputs do not
controlled_route_sensitive_v2_0047,ROUTE_REGRET,real_whisper_sample_level_regret,sample_level_vector,False,mixed_audio_or_mixed_logmel_only,teacher map may use source tracks; deployable student inputs do not
controlled_route_sensitive_v2_0047,REVIEW_RISK,stage2_review_guard_heuristic,sample_level_vector,False,mixed_audio_or_mixed_logmel_only,teacher map may use source tracks; deployable student inputs do not
controlled_route_sensitive_v2_0048,OVERLAP_MAP,oracle_source_activity,time_frequency_map,True,mixed_audio_or_mixed_logmel_only,teacher map may use source tracks; deployable student inputs do not
controlled_route_sensitive_v2_0048,DOMINANCE_MAP,oracle_source_activity,time_frequency_map,True,mixed_audio_or_mixed_logmel_only,teacher map may use source tracks; deployable student inputs do not
controlled_route_sensitive_v2_0048,UNCERTAINTY_MAP,weak_uncertainty_target,time_frequency_map,True,mixed_audio_or_mixed_logmel_only,teacher map may use source tracks; deployable student inputs do not
controlled_route_sensitive_v2_0048,ROUTE_REGRET,real_whisper_sample_level_regret,sample_level_vector,False,mixed_audio_or_mixed_logmel_only,teacher map may use source tracks; deployable student inputs do not
controlled_route_sensitive_v2_0048,REVIEW_RISK,stage2_review_guard_heuristic,sample_level_vector,False,mixed_audio_or_mixed_logmel_only,teacher map may use source tracks; deployable student inputs do not
controlled_route_sensitive_v2_0049,OVERLAP_MAP,oracle_source_activity,time_frequency_map,True,mixed_audio_or_mixed_logmel_only,teacher map may use source tracks; deployable student inputs do not
controlled_route_sensitive_v2_0049,DOMINANCE_MAP,oracle_source_activity,time_frequency_map,True,mixed_audio_or_mixed_logmel_only,teacher map may use source tracks; deployable student inputs do not
controlled_route_sensitive_v2_0049,UNCERTAINTY_MAP,weak_uncertainty_target,time_frequency_map,True,mixed_audio_or_mixed_logmel_only,teacher map may use source tracks; deployable student inputs do not
controlled_route_sensitive_v2_0049,ROUTE_REGRET,real_whisper_sample_level_regret,sample_level_vector,False,mixed_audio_or_mixed_logmel_only,teacher map may use source tracks; deployable student inputs do not
controlled_route_sensitive_v2_0049,REVIEW_RISK,stage2_review_guard_heuristic,sample_level_vector,False,mixed_audio_or_mixed_logmel_only,teacher map may use source tracks; deployable student inputs do not
controlled_route_sensitive_v2_0050,OVERLAP_MAP,oracle_source_activity,time_frequency_map,True,mixed_audio_or_mixed_logmel_only,teacher map may use source tracks; deployable student inputs do not
controlled_route_sensitive_v2_0050,DOMINANCE_MAP,oracle_source_activity,time_frequency_map,True,mixed_audio_or_mixed_logmel_only,teacher map may use source tracks; deployable student inputs do not
controlled_route_sensitive_v2_0050,UNCERTAINTY_MAP,weak_uncertainty_target,time_frequency_map,True,mixed_audio_or_mixed_logmel_only,teacher map may use source tracks; deployable student inputs do not
controlled_route_sensitive_v2_0050,ROUTE_REGRET,real_whisper_sample_level_regret,sample_level_vector,False,mixed_audio_or_mixed_logmel_only,teacher map may use source tracks; deployable student inputs do not
controlled_route_sensitive_v2_0050,REVIEW_RISK,stage2_review_guard_heuristic,sample_level_vector,False,mixed_audio_or_mixed_logmel_only,teacher map may use source tracks; deployable student inputs do not
controlled_route_sensitive_v2_0051,OVERLAP_MAP,oracle_source_activity,time_frequency_map,True,mixed_audio_or_mixed_logmel_only,teacher map may use source tracks; deployable student inputs do not
controlled_route_sensitive_v2_0051,DOMINANCE_MAP,oracle_source_activity,time_frequency_map,True,mixed_audio_or_mixed_logmel_only,teacher map may use source tracks; deployable student inputs do not
controlled_route_sensitive_v2_0051,UNCERTAINTY_MAP,weak_uncertainty_target,time_frequency_map,True,mixed_audio_or_mixed_logmel_only,teacher map may use source tracks; deployable student inputs do not
controlled_route_sensitive_v2_0051,ROUTE_REGRET,real_whisper_sample_level_regret,sample_level_vector,False,mixed_audio_or_mixed_logmel_only,teacher map may use source tracks; deployable student inputs do not
controlled_route_sensitive_v2_0051,REVIEW_RISK,stage2_review_guard_heuristic,sample_level_vector,False,mixed_audio_or_mixed_logmel_only,teacher map may use source tracks; deployable student inputs do not
controlled_route_sensitive_v2_0052,OVERLAP_MAP,oracle_source_activity,time_frequency_map,True,mixed_audio_or_mixed_logmel_only,teacher map may use source tracks; deployable student inputs do not
controlled_route_sensitive_v2_0052,DOMINANCE_MAP,oracle_source_activity,time_frequency_map,True,mixed_audio_or_mixed_logmel_only,teacher map may use source tracks; deployable student inputs do not
controlled_route_sensitive_v2_0052,UNCERTAINTY_MAP,weak_uncertainty_target,time_frequency_map,True,mixed_audio_or_mixed_logmel_only,teacher map may use source tracks; deployable student inputs do not
controlled_route_sensitive_v2_0052,ROUTE_REGRET,real_whisper_sample_level_regret,sample_level_vector,False,mixed_audio_or_mixed_logmel_only,teacher map may use source tracks; deployable student inputs do not
controlled_route_sensitive_v2_0052,REVIEW_RISK,stage2_review_guard_heuristic,sample_level_vector,False,mixed_audio_or_mixed_logmel_only,teacher map may use source tracks; deployable student inputs do not
controlled_route_sensitive_v2_0053,OVERLAP_MAP,oracle_source_activity,time_frequency_map,True,mixed_audio_or_mixed_logmel_only,teacher map may use source tracks; deployable student inputs do not
controlled_route_sensitive_v2_0053,DOMINANCE_MAP,oracle_source_activity,time_frequency_map,True,mixed_audio_or_mixed_logmel_only,teacher map may use source tracks; deployable student inputs do not
controlled_route_sensitive_v2_0053,UNCERTAINTY_MAP,weak_uncertainty_target,time_frequency_map,True,mixed_audio_or_mixed_logmel_only,teacher map may use source tracks; deployable student inputs do not
controlled_route_sensitive_v2_0053,ROUTE_REGRET,real_whisper_sample_level_regret,sample_level_vector,False,mixed_audio_or_mixed_logmel_only,teacher map may use source tracks; deployable student inputs do not
controlled_route_sensitive_v2_0053,REVIEW_RISK,stage2_review_guard_heuristic,sample_level_vector,False,mixed_audio_or_mixed_logmel_only,teacher map may use source tracks; deployable student inputs do not
controlled_route_sensitive_v2_0054,OVERLAP_MAP,oracle_source_activity,time_frequency_map,True,mixed_audio_or_mixed_logmel_only,teacher map may use source tracks; deployable student inputs do not
controlled_route_sensitive_v2_0054,DOMINANCE_MAP,oracle_source_activity,time_frequency_map,True,mixed_audio_or_mixed_logmel_only,teacher map may use source tracks; deployable student inputs do not
controlled_route_sensitive_v2_0054,UNCERTAINTY_MAP,weak_uncertainty_target,time_frequency_map,True,mixed_audio_or_mixed_logmel_only,teacher map may use source tracks; deployable student inputs do not
controlled_route_sensitive_v2_0054,ROUTE_REGRET,real_whisper_sample_level_regret,sample_level_vector,False,mixed_audio_or_mixed_logmel_only,teacher map may use source tracks; deployable student inputs do not
controlled_route_sensitive_v2_0054,REVIEW_RISK,stage2_review_guard_heuristic,sample_level_vector,False,mixed_audio_or_mixed_logmel_only,teacher map may use source tracks; deployable student inputs do not
controlled_route_sensitive_v2_0055,OVERLAP_MAP,oracle_source_activity,time_frequency_map,True,mixed_audio_or_mixed_logmel_only,teacher map may use source tracks; deployable student inputs do not
controlled_route_sensitive_v2_0055,DOMINANCE_MAP,oracle_source_activity,time_frequency_map,True,mixed_audio_or_mixed_logmel_only,teacher map may use source tracks; deployable student inputs do not
controlled_route_sensitive_v2_0055,UNCERTAINTY_MAP,weak_uncertainty_target,time_frequency_map,True,mixed_audio_or_mixed_logmel_only,teacher map may use source tracks; deployable student inputs do not
controlled_route_sensitive_v2_0055,ROUTE_REGRET,real_whisper_sample_level_regret,sample_level_vector,False,mixed_audio_or_mixed_logmel_only,teacher map may use source tracks; deployable student inputs do not
controlled_route_sensitive_v2_0055,REVIEW_RISK,stage2_review_guard_heuristic,sample_level_vector,False,mixed_audio_or_mixed_logmel_only,teacher map may use source tracks; deployable student inputs do not
controlled_route_sensitive_v2_0056,OVERLAP_MAP,oracle_source_activity,time_frequency_map,True,mixed_audio_or_mixed_logmel_only,teacher map may use source tracks; deployable student inputs do not
controlled_route_sensitive_v2_0056,DOMINANCE_MAP,oracle_source_activity,time_frequency_map,True,mixed_audio_or_mixed_logmel_only,teacher map may use source tracks; deployable student inputs do not
controlled_route_sensitive_v2_0056,UNCERTAINTY_MAP,weak_uncertainty_target,time_frequency_map,True,mixed_audio_or_mixed_logmel_only,teacher map may use source tracks; deployable student inputs do not
controlled_route_sensitive_v2_0056,ROUTE_REGRET,real_whisper_sample_level_regret,sample_level_vector,False,mixed_audio_or_mixed_logmel_only,teacher map may use source tracks; deployable student inputs do not
controlled_route_sensitive_v2_0056,REVIEW_RISK,stage2_review_guard_heuristic,sample_level_vector,False,mixed_audio_or_mixed_logmel_only,teacher map may use source tracks; deployable student inputs do not
controlled_route_sensitive_v2_0057,OVERLAP_MAP,oracle_source_activity,time_frequency_map,True,mixed_audio_or_mixed_logmel_only,teacher map may use source tracks; deployable student inputs do not
controlled_route_sensitive_v2_0057,DOMINANCE_MAP,oracle_source_activity,time_frequency_map,True,mixed_audio_or_mixed_logmel_only,teacher map may use source tracks; deployable student inputs do not
controlled_route_sensitive_v2_0057,UNCERTAINTY_MAP,weak_uncertainty_target,time_frequency_map,True,mixed_audio_or_mixed_logmel_only,teacher map may use source tracks; deployable student inputs do not
controlled_route_sensitive_v2_0057,ROUTE_REGRET,real_whisper_sample_level_regret,sample_level_vector,False,mixed_audio_or_mixed_logmel_only,teacher map may use source tracks; deployable student inputs do not
controlled_route_sensitive_v2_0057,REVIEW_RISK,stage2_review_guard_heuristic,sample_level_vector,False,mixed_audio_or_mixed_logmel_only,teacher map may use source tracks; deployable student inputs do not
controlled_route_sensitive_v2_0058,OVERLAP_MAP,oracle_source_activity,time_frequency_map,True,mixed_audio_or_mixed_logmel_only,teacher map may use source tracks; deployable student inputs do not
controlled_route_sensitive_v2_0058,DOMINANCE_MAP,oracle_source_activity,time_frequency_map,True,mixed_audio_or_mixed_logmel_only,teacher map may use source tracks; deployable student inputs do not
controlled_route_sensitive_v2_0058,UNCERTAINTY_MAP,weak_uncertainty_target,time_frequency_map,True,mixed_audio_or_mixed_logmel_only,teacher map may use source tracks; deployable student inputs do not
controlled_route_sensitive_v2_0058,ROUTE_REGRET,real_whisper_sample_level_regret,sample_level_vector,False,mixed_audio_or_mixed_logmel_only,teacher map may use source tracks; deployable student inputs do not
controlled_route_sensitive_v2_0058,REVIEW_RISK,stage2_review_guard_heuristic,sample_level_vector,False,mixed_audio_or_mixed_logmel_only,teacher map may use source tracks; deployable student inputs do not
controlled_route_sensitive_v2_0059,OVERLAP_MAP,oracle_source_activity,time_frequency_map,True,mixed_audio_or_mixed_logmel_only,teacher map may use source tracks; deployable student inputs do not
controlled_route_sensitive_v2_0059,DOMINANCE_MAP,oracle_source_activity,time_frequency_map,True,mixed_audio_or_mixed_logmel_only,teacher map may use source tracks; deployable student inputs do not
controlled_route_sensitive_v2_0059,UNCERTAINTY_MAP,weak_uncertainty_target,time_frequency_map,True,mixed_audio_or_mixed_logmel_only,teacher map may use source tracks; deployable student inputs do not
controlled_route_sensitive_v2_0059,ROUTE_REGRET,real_whisper_sample_level_regret,sample_level_vector,False,mixed_audio_or_mixed_logmel_only,teacher map may use source tracks; deployable student inputs do not
controlled_route_sensitive_v2_0059,REVIEW_RISK,stage2_review_guard_heuristic,sample_level_vector,False,mixed_audio_or_mixed_logmel_only,teacher map may use source tracks; deployable student inputs do not
controlled_route_sensitive_v2_0060,OVERLAP_MAP,oracle_source_activity,time_frequency_map,True,mixed_audio_or_mixed_logmel_only,teacher map may use source tracks; deployable student inputs do not
controlled_route_sensitive_v2_0060,DOMINANCE_MAP,oracle_source_activity,time_frequency_map,True,mixed_audio_or_mixed_logmel_only,teacher map may use source tracks; deployable student inputs do not
controlled_route_sensitive_v2_0060,UNCERTAINTY_MAP,weak_uncertainty_target,time_frequency_map,True,mixed_audio_or_mixed_logmel_only,teacher map may use source tracks; deployable student inputs do not
controlled_route_sensitive_v2_0060,ROUTE_REGRET,real_whisper_sample_level_regret,sample_level_vector,False,mixed_audio_or_mixed_logmel_only,teacher map may use source tracks; deployable student inputs do not
controlled_route_sensitive_v2_0060,REVIEW_RISK,stage2_review_guard_heuristic,sample_level_vector,False,mixed_audio_or_mixed_logmel_only,teacher map may use source tracks; deployable student inputs do not
