counterfactual_id,base_sample_id,source_utterance_ids,family,control_value,map_path,expected_behavior,base_oracle_route,base_mixed_cer,base_separated_cer,base_route_gap,base_overlap_ratio,base_dominance_type,constructed_from_split,audio_status,overlap_mean,dominance_mean,uncertainty_mean
cfv1_00_overlap_sweep_0p0,controlled_route_sensitive_v2_0002,con_002|pro_011,overlap_sweep,0.0,resources/generative_audiodepth_counterfactual_v1/overlap_sweep/cfv1_00_overlap_sweep_0p0.npy,overlap_mean_increase,separated,1.0,0.347826,0.0,0.55,balanced,reliability_test,map_level_counterfactual_no_asr_rerun,0.048189,0.692274,0.17211
cfv1_00_overlap_sweep_0p05,controlled_route_sensitive_v2_0002,con_002|pro_011,overlap_sweep,0.05,resources/generative_audiodepth_counterfactual_v1/overlap_sweep/cfv1_00_overlap_sweep_0p05.npy,overlap_mean_increase,separated,1.0,0.347826,0.0,0.55,balanced,reliability_test,map_level_counterfactual_no_asr_rerun,0.098189,0.692274,0.179454
cfv1_00_overlap_sweep_0p1,controlled_route_sensitive_v2_0002,con_002|pro_011,overlap_sweep,0.1,resources/generative_audiodepth_counterfactual_v1/overlap_sweep/cfv1_00_overlap_sweep_0p1.npy,overlap_mean_increase,separated,1.0,0.347826,0.0,0.55,balanced,reliability_test,map_level_counterfactual_no_asr_rerun,0.148189,0.692274,0.186798
cfv1_00_overlap_sweep_0p2,controlled_route_sensitive_v2_0002,con_002|pro_011,overlap_sweep,0.2,resources/generative_audiodepth_counterfactual_v1/overlap_sweep/cfv1_00_overlap_sweep_0p2.npy,overlap_mean_increase,separated,1.0,0.347826,0.0,0.55,balanced,reliability_test,map_level_counterfactual_no_asr_rerun,0.248189,0.692274,0.201485
cfv1_00_overlap_sweep_0p3,controlled_route_sensitive_v2_0002,con_002|pro_011,overlap_sweep,0.3,resources/generative_audiodepth_counterfactual_v1/overlap_sweep/cfv1_00_overlap_sweep_0p3.npy,overlap_mean_increase,separated,1.0,0.347826,0.0,0.55,balanced,reliability_test,map_level_counterfactual_no_asr_rerun,0.348189,0.692274,0.21604
cfv1_00_overlap_sweep_0p5,controlled_route_sensitive_v2_0002,con_002|pro_011,overlap_sweep,0.5,resources/generative_audiodepth_counterfactual_v1/overlap_sweep/cfv1_00_overlap_sweep_0p5.npy,overlap_mean_increase,separated,1.0,0.347826,0.0,0.55,balanced,reliability_test,map_level_counterfactual_no_asr_rerun,0.548189,0.692274,0.24479
cfv1_00_overlap_sweep_0p7,controlled_route_sensitive_v2_0002,con_002|pro_011,overlap_sweep,0.7,resources/generative_audiodepth_counterfactual_v1/overlap_sweep/cfv1_00_overlap_sweep_0p7.npy,overlap_mean_increase,separated,1.0,0.347826,0.0,0.55,balanced,reliability_test,map_level_counterfactual_no_asr_rerun,0.748189,0.692274,0.27354
cfv1_00_dominance_sdr_sweep_0,controlled_route_sensitive_v2_0002,con_002|pro_011,dominance_sdr_sweep,0,resources/generative_audiodepth_counterfactual_v1/dominance_sdr_sweep/cfv1_00_dominance_sdr_sweep_0.npy,dominance_concentration_increase,separated,1.0,0.347826,0.0,0.55,balanced,reliability_test,map_level_counterfactual_no_asr_rerun,0.192757,0.692274,0.165613
cfv1_00_dominance_sdr_sweep_3,controlled_route_sensitive_v2_0002,con_002|pro_011,dominance_sdr_sweep,3,resources/generative_audiodepth_counterfactual_v1/dominance_sdr_sweep/cfv1_00_dominance_sdr_sweep_3.npy,dominance_concentration_increase,separated,1.0,0.347826,0.0,0.55,balanced,reliability_test,map_level_counterfactual_no_asr_rerun,0.192757,0.706315,0.158712
cfv1_00_dominance_sdr_sweep_6,controlled_route_sensitive_v2_0002,con_002|pro_011,dominance_sdr_sweep,6,resources/generative_audiodepth_counterfactual_v1/dominance_sdr_sweep/cfv1_00_dominance_sdr_sweep_6.npy,dominance_concentration_increase,separated,1.0,0.347826,0.0,0.55,balanced,reliability_test,map_level_counterfactual_no_asr_rerun,0.192757,0.70897,0.151812
cfv1_00_dominance_sdr_sweep_12,controlled_route_sensitive_v2_0002,con_002|pro_011,dominance_sdr_sweep,12,resources/generative_audiodepth_counterfactual_v1/dominance_sdr_sweep/cfv1_00_dominance_sdr_sweep_12.npy,dominance_concentration_increase,separated,1.0,0.347826,0.0,0.55,balanced,reliability_test,map_level_counterfactual_no_asr_rerun,0.192757,0.706163,0.138011
cfv1_00_dominance_sdr_sweep_18,controlled_route_sensitive_v2_0002,con_002|pro_011,dominance_sdr_sweep,18,resources/generative_audiodepth_counterfactual_v1/dominance_sdr_sweep/cfv1_00_dominance_sdr_sweep_18.npy,dominance_concentration_increase,separated,1.0,0.347826,0.0,0.55,balanced,reliability_test,map_level_counterfactual_no_asr_rerun,0.192757,0.703733,0.12421
cfv1_00_backchannel_duration_0p2,controlled_route_sensitive_v2_0002,con_002|pro_011,backchannel_duration,0.2,resources/generative_audiodepth_counterfactual_v1/backchannel_duration/cfv1_00_backchannel_duration_0p2.npy,short_backchannel_stability,separated,1.0,0.347826,0.0,0.55,balanced,reliability_test,map_level_counterfactual_no_asr_rerun,0.079994,0.692274,0.12835
cfv1_00_backchannel_duration_0p5,controlled_route_sensitive_v2_0002,con_002|pro_011,backchannel_duration,0.5,resources/generative_audiodepth_counterfactual_v1/backchannel_duration/cfv1_00_backchannel_duration_0p5.npy,short_backchannel_stability,separated,1.0,0.347826,0.0,0.55,balanced,reliability_test,map_level_counterfactual_no_asr_rerun,0.098788,0.692274,0.13456
cfv1_00_backchannel_duration_1p0,controlled_route_sensitive_v2_0002,con_002|pro_011,backchannel_duration,1.0,resources/generative_audiodepth_counterfactual_v1/backchannel_duration/cfv1_00_backchannel_duration_1p0.npy,short_backchannel_stability,separated,1.0,0.347826,0.0,0.55,balanced,reliability_test,map_level_counterfactual_no_asr_rerun,0.130111,0.692274,0.144911
cfv1_00_backchannel_duration_2p0,controlled_route_sensitive_v2_0002,con_002|pro_011,backchannel_duration,2.0,resources/generative_audiodepth_counterfactual_v1/backchannel_duration/cfv1_00_backchannel_duration_2p0.npy,short_backchannel_stability,separated,1.0,0.347826,0.0,0.55,balanced,reliability_test,map_level_counterfactual_no_asr_rerun,0.192757,0.692274,0.165613
cfv1_00_gain_noise_0p0,controlled_route_sensitive_v2_0002,con_002|pro_011,gain_noise,0.0,resources/generative_audiodepth_counterfactual_v1/gain_noise/cfv1_00_gain_noise_0p0.npy,gain_noise_route_stability,separated,1.0,0.347826,0.0,0.55,balanced,reliability_test,map_level_counterfactual_no_asr_rerun,0.192757,0.692274,0.165613
cfv1_00_gain_noise_0p08,controlled_route_sensitive_v2_0002,con_002|pro_011,gain_noise,0.08,resources/generative_audiodepth_counterfactual_v1/gain_noise/cfv1_00_gain_noise_0p08.npy,gain_noise_route_stability,separated,1.0,0.347826,0.0,0.55,balanced,reliability_test,map_level_counterfactual_no_asr_rerun,0.211412,0.690441,0.202944
cfv1_00_gain_noise_0p18,controlled_route_sensitive_v2_0002,con_002|pro_011,gain_noise,0.18,resources/generative_audiodepth_counterfactual_v1/gain_noise/cfv1_00_gain_noise_0p18.npy,gain_noise_route_stability,separated,1.0,0.347826,0.0,0.55,balanced,reliability_test,map_level_counterfactual_no_asr_rerun,0.234733,0.68554,0.249073
cfv1_00_time_shift_0p0,controlled_route_sensitive_v2_0002,con_002|pro_011,time_shift,0.0,resources/generative_audiodepth_counterfactual_v1/time_shift/cfv1_00_time_shift_0p0.npy,position_change_content_constant,separated,1.0,0.347826,0.0,0.55,balanced,reliability_test,map_level_counterfactual_no_asr_rerun,0.192757,0.692274,0.165613
cfv1_00_time_shift_0p15,controlled_route_sensitive_v2_0002,con_002|pro_011,time_shift,0.15,resources/generative_audiodepth_counterfactual_v1/time_shift/cfv1_00_time_shift_0p15.npy,position_change_content_constant,separated,1.0,0.347826,0.0,0.55,balanced,reliability_test,map_level_counterfactual_no_asr_rerun,0.192757,0.692274,0.165613
cfv1_00_time_shift_0p35,controlled_route_sensitive_v2_0002,con_002|pro_011,time_shift,0.35,resources/generative_audiodepth_counterfactual_v1/time_shift/cfv1_00_time_shift_0p35.npy,position_change_content_constant,separated,1.0,0.347826,0.0,0.55,balanced,reliability_test,map_level_counterfactual_no_asr_rerun,0.192757,0.692274,0.165613
cfv1_00_time_shift_0p55,controlled_route_sensitive_v2_0002,con_002|pro_011,time_shift,0.55,resources/generative_audiodepth_counterfactual_v1/time_shift/cfv1_00_time_shift_0p55.npy,position_change_content_constant,separated,1.0,0.347826,0.0,0.55,balanced,reliability_test,map_level_counterfactual_no_asr_rerun,0.192757,0.692274,0.165613
cfv1_01_overlap_sweep_0p0,controlled_route_sensitive_v2_0008,con_008|pro_013,overlap_sweep,0.0,resources/generative_audiodepth_counterfactual_v1/overlap_sweep/cfv1_01_overlap_sweep_0p0.npy,overlap_mean_increase,mixed,1.0,1.0,0.0,0.5,speaker_A_dominant,reliability_test,map_level_counterfactual_no_asr_rerun,0.11896,0.217587,0.353452
cfv1_01_overlap_sweep_0p05,controlled_route_sensitive_v2_0008,con_008|pro_013,overlap_sweep,0.05,resources/generative_audiodepth_counterfactual_v1/overlap_sweep/cfv1_01_overlap_sweep_0p05.npy,overlap_mean_increase,mixed,1.0,1.0,0.0,0.5,speaker_A_dominant,reliability_test,map_level_counterfactual_no_asr_rerun,0.16896,0.217587,0.360795
cfv1_01_overlap_sweep_0p1,controlled_route_sensitive_v2_0008,con_008|pro_013,overlap_sweep,0.1,resources/generative_audiodepth_counterfactual_v1/overlap_sweep/cfv1_01_overlap_sweep_0p1.npy,overlap_mean_increase,mixed,1.0,1.0,0.0,0.5,speaker_A_dominant,reliability_test,map_level_counterfactual_no_asr_rerun,0.21896,0.217587,0.368139
cfv1_01_overlap_sweep_0p2,controlled_route_sensitive_v2_0008,con_008|pro_013,overlap_sweep,0.2,resources/generative_audiodepth_counterfactual_v1/overlap_sweep/cfv1_01_overlap_sweep_0p2.npy,overlap_mean_increase,mixed,1.0,1.0,0.0,0.5,speaker_A_dominant,reliability_test,map_level_counterfactual_no_asr_rerun,0.31896,0.217587,0.382827
cfv1_01_overlap_sweep_0p3,controlled_route_sensitive_v2_0008,con_008|pro_013,overlap_sweep,0.3,resources/generative_audiodepth_counterfactual_v1/overlap_sweep/cfv1_01_overlap_sweep_0p3.npy,overlap_mean_increase,mixed,1.0,1.0,0.0,0.5,speaker_A_dominant,reliability_test,map_level_counterfactual_no_asr_rerun,0.41896,0.217587,0.397514
cfv1_01_overlap_sweep_0p5,controlled_route_sensitive_v2_0008,con_008|pro_013,overlap_sweep,0.5,resources/generative_audiodepth_counterfactual_v1/overlap_sweep/cfv1_01_overlap_sweep_0p5.npy,overlap_mean_increase,mixed,1.0,1.0,0.0,0.5,speaker_A_dominant,reliability_test,map_level_counterfactual_no_asr_rerun,0.61896,0.217587,0.426889
cfv1_01_overlap_sweep_0p7,controlled_route_sensitive_v2_0008,con_008|pro_013,overlap_sweep,0.7,resources/generative_audiodepth_counterfactual_v1/overlap_sweep/cfv1_01_overlap_sweep_0p7.npy,overlap_mean_increase,mixed,1.0,1.0,0.0,0.5,speaker_A_dominant,reliability_test,map_level_counterfactual_no_asr_rerun,0.81896,0.217587,0.455927
cfv1_01_dominance_sdr_sweep_0,controlled_route_sensitive_v2_0008,con_008|pro_013,dominance_sdr_sweep,0,resources/generative_audiodepth_counterfactual_v1/dominance_sdr_sweep/cfv1_01_dominance_sdr_sweep_0.npy,dominance_concentration_increase,mixed,1.0,1.0,0.0,0.5,speaker_A_dominant,reliability_test,map_level_counterfactual_no_asr_rerun,0.47584,0.217587,0.336276
cfv1_01_dominance_sdr_sweep_3,controlled_route_sensitive_v2_0008,con_008|pro_013,dominance_sdr_sweep,3,resources/generative_audiodepth_counterfactual_v1/dominance_sdr_sweep/cfv1_01_dominance_sdr_sweep_3.npy,dominance_concentration_increase,mixed,1.0,1.0,0.0,0.5,speaker_A_dominant,reliability_test,map_level_counterfactual_no_asr_rerun,0.47584,0.174479,0.322265
cfv1_01_dominance_sdr_sweep_6,controlled_route_sensitive_v2_0008,con_008|pro_013,dominance_sdr_sweep,6,resources/generative_audiodepth_counterfactual_v1/dominance_sdr_sweep/cfv1_01_dominance_sdr_sweep_6.npy,dominance_concentration_increase,mixed,1.0,1.0,0.0,0.5,speaker_A_dominant,reliability_test,map_level_counterfactual_no_asr_rerun,0.47584,0.145833,0.308253
cfv1_01_dominance_sdr_sweep_12,controlled_route_sensitive_v2_0008,con_008|pro_013,dominance_sdr_sweep,12,resources/generative_audiodepth_counterfactual_v1/dominance_sdr_sweep/cfv1_01_dominance_sdr_sweep_12.npy,dominance_concentration_increase,mixed,1.0,1.0,0.0,0.5,speaker_A_dominant,reliability_test,map_level_counterfactual_no_asr_rerun,0.47584,0.119823,0.28023
cfv1_01_dominance_sdr_sweep_18,controlled_route_sensitive_v2_0008,con_008|pro_013,dominance_sdr_sweep,18,resources/generative_audiodepth_counterfactual_v1/dominance_sdr_sweep/cfv1_01_dominance_sdr_sweep_18.npy,dominance_concentration_increase,mixed,1.0,1.0,0.0,0.5,speaker_A_dominant,reliability_test,map_level_counterfactual_no_asr_rerun,0.47584,0.107794,0.252207
cfv1_01_backchannel_duration_0p2,controlled_route_sensitive_v2_0008,con_008|pro_013,backchannel_duration,0.2,resources/generative_audiodepth_counterfactual_v1/backchannel_duration/cfv1_01_backchannel_duration_0p2.npy,short_backchannel_stability,mixed,1.0,1.0,0.0,0.5,speaker_A_dominant,reliability_test,map_level_counterfactual_no_asr_rerun,0.197474,0.217587,0.260614
cfv1_01_backchannel_duration_0p5,controlled_route_sensitive_v2_0008,con_008|pro_013,backchannel_duration,0.5,resources/generative_audiodepth_counterfactual_v1/backchannel_duration/cfv1_01_backchannel_duration_0p5.npy,short_backchannel_stability,mixed,1.0,1.0,0.0,0.5,speaker_A_dominant,reliability_test,map_level_counterfactual_no_asr_rerun,0.243868,0.217587,0.273225
cfv1_01_backchannel_duration_1p0,controlled_route_sensitive_v2_0008,con_008|pro_013,backchannel_duration,1.0,resources/generative_audiodepth_counterfactual_v1/backchannel_duration/cfv1_01_backchannel_duration_1p0.npy,short_backchannel_stability,mixed,1.0,1.0,0.0,0.5,speaker_A_dominant,reliability_test,map_level_counterfactual_no_asr_rerun,0.321192,0.217587,0.294242
cfv1_01_backchannel_duration_2p0,controlled_route_sensitive_v2_0008,con_008|pro_013,backchannel_duration,2.0,resources/generative_audiodepth_counterfactual_v1/backchannel_duration/cfv1_01_backchannel_duration_2p0.npy,short_backchannel_stability,mixed,1.0,1.0,0.0,0.5,speaker_A_dominant,reliability_test,map_level_counterfactual_no_asr_rerun,0.47584,0.217587,0.336276
cfv1_01_gain_noise_0p0,controlled_route_sensitive_v2_0008,con_008|pro_013,gain_noise,0.0,resources/generative_audiodepth_counterfactual_v1/gain_noise/cfv1_01_gain_noise_0p0.npy,gain_noise_route_stability,mixed,1.0,1.0,0.0,0.5,speaker_A_dominant,reliability_test,map_level_counterfactual_no_asr_rerun,0.47584,0.217587,0.336276
cfv1_01_gain_noise_0p08,controlled_route_sensitive_v2_0008,con_008|pro_013,gain_noise,0.08,resources/generative_audiodepth_counterfactual_v1/gain_noise/cfv1_01_gain_noise_0p08.npy,gain_noise_route_stability,mixed,1.0,1.0,0.0,0.5,speaker_A_dominant,reliability_test,map_level_counterfactual_no_asr_rerun,0.475093,0.217583,0.373688
cfv1_01_gain_noise_0p18,controlled_route_sensitive_v2_0008,con_008|pro_013,gain_noise,0.18,resources/generative_audiodepth_counterfactual_v1/gain_noise/cfv1_01_gain_noise_0p18.npy,gain_noise_route_stability,mixed,1.0,1.0,0.0,0.5,speaker_A_dominant,reliability_test,map_level_counterfactual_no_asr_rerun,0.475253,0.219414,0.420065
cfv1_01_time_shift_0p0,controlled_route_sensitive_v2_0008,con_008|pro_013,time_shift,0.0,resources/generative_audiodepth_counterfactual_v1/time_shift/cfv1_01_time_shift_0p0.npy,position_change_content_constant,mixed,1.0,1.0,0.0,0.5,speaker_A_dominant,reliability_test,map_level_counterfactual_no_asr_rerun,0.47584,0.217587,0.336276
cfv1_01_time_shift_0p15,controlled_route_sensitive_v2_0008,con_008|pro_013,time_shift,0.15,resources/generative_audiodepth_counterfactual_v1/time_shift/cfv1_01_time_shift_0p15.npy,position_change_content_constant,mixed,1.0,1.0,0.0,0.5,speaker_A_dominant,reliability_test,map_level_counterfactual_no_asr_rerun,0.47584,0.217587,0.336276
cfv1_01_time_shift_0p35,controlled_route_sensitive_v2_0008,con_008|pro_013,time_shift,0.35,resources/generative_audiodepth_counterfactual_v1/time_shift/cfv1_01_time_shift_0p35.npy,position_change_content_constant,mixed,1.0,1.0,0.0,0.5,speaker_A_dominant,reliability_test,map_level_counterfactual_no_asr_rerun,0.47584,0.217587,0.336276
cfv1_01_time_shift_0p55,controlled_route_sensitive_v2_0008,con_008|pro_013,time_shift,0.55,resources/generative_audiodepth_counterfactual_v1/time_shift/cfv1_01_time_shift_0p55.npy,position_change_content_constant,mixed,1.0,1.0,0.0,0.5,speaker_A_dominant,reliability_test,map_level_counterfactual_no_asr_rerun,0.47584,0.217587,0.336276
cfv1_02_overlap_sweep_0p0,controlled_route_sensitive_v2_0013,con_002|pro_010,overlap_sweep,0.0,resources/generative_audiodepth_counterfactual_v1/overlap_sweep/cfv1_02_overlap_sweep_0p0.npy,overlap_mean_increase,mixed,0.233333,1.0,0.766667,0.15,speaker_A_dominant,reliability_test,map_level_counterfactual_no_asr_rerun,0.088909,0.148859,0.297216
cfv1_02_overlap_sweep_0p05,controlled_route_sensitive_v2_0013,con_002|pro_010,overlap_sweep,0.05,resources/generative_audiodepth_counterfactual_v1/overlap_sweep/cfv1_02_overlap_sweep_0p05.npy,overlap_mean_increase,mixed,0.233333,1.0,0.766667,0.15,speaker_A_dominant,reliability_test,map_level_counterfactual_no_asr_rerun,0.138909,0.148859,0.304482
cfv1_02_overlap_sweep_0p1,controlled_route_sensitive_v2_0013,con_002|pro_010,overlap_sweep,0.1,resources/generative_audiodepth_counterfactual_v1/overlap_sweep/cfv1_02_overlap_sweep_0p1.npy,overlap_mean_increase,mixed,0.233333,1.0,0.766667,0.15,speaker_A_dominant,reliability_test,map_level_counterfactual_no_asr_rerun,0.188909,0.148859,0.311747
cfv1_02_overlap_sweep_0p2,controlled_route_sensitive_v2_0013,con_002|pro_010,overlap_sweep,0.2,resources/generative_audiodepth_counterfactual_v1/overlap_sweep/cfv1_02_overlap_sweep_0p2.npy,overlap_mean_increase,mixed,0.233333,1.0,0.766667,0.15,speaker_A_dominant,reliability_test,map_level_counterfactual_no_asr_rerun,0.288909,0.148859,0.326278
cfv1_02_overlap_sweep_0p3,controlled_route_sensitive_v2_0013,con_002|pro_010,overlap_sweep,0.3,resources/generative_audiodepth_counterfactual_v1/overlap_sweep/cfv1_02_overlap_sweep_0p3.npy,overlap_mean_increase,mixed,0.233333,1.0,0.766667,0.15,speaker_A_dominant,reliability_test,map_level_counterfactual_no_asr_rerun,0.388909,0.148859,0.34081
cfv1_02_overlap_sweep_0p5,controlled_route_sensitive_v2_0013,con_002|pro_010,overlap_sweep,0.5,resources/generative_audiodepth_counterfactual_v1/overlap_sweep/cfv1_02_overlap_sweep_0p5.npy,overlap_mean_increase,mixed,0.233333,1.0,0.766667,0.15,speaker_A_dominant,reliability_test,map_level_counterfactual_no_asr_rerun,0.588909,0.148859,0.369872
cfv1_02_overlap_sweep_0p7,controlled_route_sensitive_v2_0013,con_002|pro_010,overlap_sweep,0.7,resources/generative_audiodepth_counterfactual_v1/overlap_sweep/cfv1_02_overlap_sweep_0p7.npy,overlap_mean_increase,mixed,0.233333,1.0,0.766667,0.15,speaker_A_dominant,reliability_test,map_level_counterfactual_no_asr_rerun,0.788909,0.148859,0.398496
cfv1_02_dominance_sdr_sweep_0,controlled_route_sensitive_v2_0013,con_002|pro_010,dominance_sdr_sweep,0,resources/generative_audiodepth_counterfactual_v1/dominance_sdr_sweep/cfv1_02_dominance_sdr_sweep_0.npy,dominance_concentration_increase,mixed,0.233333,1.0,0.766667,0.15,speaker_A_dominant,reliability_test,map_level_counterfactual_no_asr_rerun,0.355638,0.148859,0.284829
cfv1_02_dominance_sdr_sweep_3,controlled_route_sensitive_v2_0013,con_002|pro_010,dominance_sdr_sweep,3,resources/generative_audiodepth_counterfactual_v1/dominance_sdr_sweep/cfv1_02_dominance_sdr_sweep_3.npy,dominance_concentration_increase,mixed,0.233333,1.0,0.766667,0.15,speaker_A_dominant,reliability_test,map_level_counterfactual_no_asr_rerun,0.355638,0.106994,0.272961
cfv1_02_dominance_sdr_sweep_6,controlled_route_sensitive_v2_0013,con_002|pro_010,dominance_sdr_sweep,6,resources/generative_audiodepth_counterfactual_v1/dominance_sdr_sweep/cfv1_02_dominance_sdr_sweep_6.npy,dominance_concentration_increase,mixed,0.233333,1.0,0.766667,0.15,speaker_A_dominant,reliability_test,map_level_counterfactual_no_asr_rerun,0.355638,0.094157,0.261093
cfv1_02_dominance_sdr_sweep_12,controlled_route_sensitive_v2_0013,con_002|pro_010,dominance_sdr_sweep,12,resources/generative_audiodepth_counterfactual_v1/dominance_sdr_sweep/cfv1_02_dominance_sdr_sweep_12.npy,dominance_concentration_increase,mixed,0.233333,1.0,0.766667,0.15,speaker_A_dominant,reliability_test,map_level_counterfactual_no_asr_rerun,0.355638,0.087872,0.237357
cfv1_02_dominance_sdr_sweep_18,controlled_route_sensitive_v2_0013,con_002|pro_010,dominance_sdr_sweep,18,resources/generative_audiodepth_counterfactual_v1/dominance_sdr_sweep/cfv1_02_dominance_sdr_sweep_18.npy,dominance_concentration_increase,mixed,0.233333,1.0,0.766667,0.15,speaker_A_dominant,reliability_test,map_level_counterfactual_no_asr_rerun,0.355638,0.082926,0.213622
cfv1_02_backchannel_duration_0p2,controlled_route_sensitive_v2_0013,con_002|pro_010,backchannel_duration,0.2,resources/generative_audiodepth_counterfactual_v1/backchannel_duration/cfv1_02_backchannel_duration_0p2.npy,short_backchannel_stability,mixed,0.233333,1.0,0.766667,0.15,speaker_A_dominant,reliability_test,map_level_counterfactual_no_asr_rerun,0.14759,0.148859,0.220742
cfv1_02_backchannel_duration_0p5,controlled_route_sensitive_v2_0013,con_002|pro_010,backchannel_duration,0.5,resources/generative_audiodepth_counterfactual_v1/backchannel_duration/cfv1_02_backchannel_duration_0p5.npy,short_backchannel_stability,mixed,0.233333,1.0,0.766667,0.15,speaker_A_dominant,reliability_test,map_level_counterfactual_no_asr_rerun,0.182264,0.148859,0.231423
cfv1_02_backchannel_duration_1p0,controlled_route_sensitive_v2_0013,con_002|pro_010,backchannel_duration,1.0,resources/generative_audiodepth_counterfactual_v1/backchannel_duration/cfv1_02_backchannel_duration_1p0.npy,short_backchannel_stability,mixed,0.233333,1.0,0.766667,0.15,speaker_A_dominant,reliability_test,map_level_counterfactual_no_asr_rerun,0.240056,0.148859,0.249225
cfv1_02_backchannel_duration_2p0,controlled_route_sensitive_v2_0013,con_002|pro_010,backchannel_duration,2.0,resources/generative_audiodepth_counterfactual_v1/backchannel_duration/cfv1_02_backchannel_duration_2p0.npy,short_backchannel_stability,mixed,0.233333,1.0,0.766667,0.15,speaker_A_dominant,reliability_test,map_level_counterfactual_no_asr_rerun,0.355638,0.148859,0.284829
cfv1_02_gain_noise_0p0,controlled_route_sensitive_v2_0013,con_002|pro_010,gain_noise,0.0,resources/generative_audiodepth_counterfactual_v1/gain_noise/cfv1_02_gain_noise_0p0.npy,gain_noise_route_stability,mixed,0.233333,1.0,0.766667,0.15,speaker_A_dominant,reliability_test,map_level_counterfactual_no_asr_rerun,0.355638,0.148859,0.284829
cfv1_02_gain_noise_0p08,controlled_route_sensitive_v2_0013,con_002|pro_010,gain_noise,0.08,resources/generative_audiodepth_counterfactual_v1/gain_noise/cfv1_02_gain_noise_0p08.npy,gain_noise_route_stability,mixed,0.233333,1.0,0.766667,0.15,speaker_A_dominant,reliability_test,map_level_counterfactual_no_asr_rerun,0.356895,0.150229,0.322002
cfv1_02_gain_noise_0p18,controlled_route_sensitive_v2_0013,con_002|pro_010,gain_noise,0.18,resources/generative_audiodepth_counterfactual_v1/gain_noise/cfv1_02_gain_noise_0p18.npy,gain_noise_route_stability,mixed,0.233333,1.0,0.766667,0.15,speaker_A_dominant,reliability_test,map_level_counterfactual_no_asr_rerun,0.363908,0.156649,0.368018
cfv1_02_time_shift_0p0,controlled_route_sensitive_v2_0013,con_002|pro_010,time_shift,0.0,resources/generative_audiodepth_counterfactual_v1/time_shift/cfv1_02_time_shift_0p0.npy,position_change_content_constant,mixed,0.233333,1.0,0.766667,0.15,speaker_A_dominant,reliability_test,map_level_counterfactual_no_asr_rerun,0.355638,0.148859,0.284829
cfv1_02_time_shift_0p15,controlled_route_sensitive_v2_0013,con_002|pro_010,time_shift,0.15,resources/generative_audiodepth_counterfactual_v1/time_shift/cfv1_02_time_shift_0p15.npy,position_change_content_constant,mixed,0.233333,1.0,0.766667,0.15,speaker_A_dominant,reliability_test,map_level_counterfactual_no_asr_rerun,0.355638,0.148859,0.284829
cfv1_02_time_shift_0p35,controlled_route_sensitive_v2_0013,con_002|pro_010,time_shift,0.35,resources/generative_audiodepth_counterfactual_v1/time_shift/cfv1_02_time_shift_0p35.npy,position_change_content_constant,mixed,0.233333,1.0,0.766667,0.15,speaker_A_dominant,reliability_test,map_level_counterfactual_no_asr_rerun,0.355638,0.148859,0.284829
cfv1_02_time_shift_0p55,controlled_route_sensitive_v2_0013,con_002|pro_010,time_shift,0.55,resources/generative_audiodepth_counterfactual_v1/time_shift/cfv1_02_time_shift_0p55.npy,position_change_content_constant,mixed,0.233333,1.0,0.766667,0.15,speaker_A_dominant,reliability_test,map_level_counterfactual_no_asr_rerun,0.355638,0.148859,0.284829
cfv1_03_overlap_sweep_0p0,controlled_route_sensitive_v2_0024,con_002|pro_009,overlap_sweep,0.0,resources/generative_audiodepth_counterfactual_v1/overlap_sweep/cfv1_03_overlap_sweep_0p0.npy,overlap_mean_increase,mixed,1.0,1.0,0.0,0.5,balanced,reliability_test,map_level_counterfactual_no_asr_rerun,0.111486,0.225465,0.403589
cfv1_03_overlap_sweep_0p05,controlled_route_sensitive_v2_0024,con_002|pro_009,overlap_sweep,0.05,resources/generative_audiodepth_counterfactual_v1/overlap_sweep/cfv1_03_overlap_sweep_0p05.npy,overlap_mean_increase,mixed,1.0,1.0,0.0,0.5,balanced,reliability_test,map_level_counterfactual_no_asr_rerun,0.161486,0.225465,0.410933
cfv1_03_overlap_sweep_0p1,controlled_route_sensitive_v2_0024,con_002|pro_009,overlap_sweep,0.1,resources/generative_audiodepth_counterfactual_v1/overlap_sweep/cfv1_03_overlap_sweep_0p1.npy,overlap_mean_increase,mixed,1.0,1.0,0.0,0.5,balanced,reliability_test,map_level_counterfactual_no_asr_rerun,0.211486,0.225465,0.418216
cfv1_03_overlap_sweep_0p2,controlled_route_sensitive_v2_0024,con_002|pro_009,overlap_sweep,0.2,resources/generative_audiodepth_counterfactual_v1/overlap_sweep/cfv1_03_overlap_sweep_0p2.npy,overlap_mean_increase,mixed,1.0,1.0,0.0,0.5,balanced,reliability_test,map_level_counterfactual_no_asr_rerun,0.311486,0.225465,0.432747
cfv1_03_overlap_sweep_0p3,controlled_route_sensitive_v2_0024,con_002|pro_009,overlap_sweep,0.3,resources/generative_audiodepth_counterfactual_v1/overlap_sweep/cfv1_03_overlap_sweep_0p3.npy,overlap_mean_increase,mixed,1.0,1.0,0.0,0.5,balanced,reliability_test,map_level_counterfactual_no_asr_rerun,0.411486,0.225465,0.44718
cfv1_03_overlap_sweep_0p5,controlled_route_sensitive_v2_0024,con_002|pro_009,overlap_sweep,0.5,resources/generative_audiodepth_counterfactual_v1/overlap_sweep/cfv1_03_overlap_sweep_0p5.npy,overlap_mean_increase,mixed,1.0,1.0,0.0,0.5,balanced,reliability_test,map_level_counterfactual_no_asr_rerun,0.611486,0.225465,0.47593
cfv1_03_overlap_sweep_0p7,controlled_route_sensitive_v2_0024,con_002|pro_009,overlap_sweep,0.7,resources/generative_audiodepth_counterfactual_v1/overlap_sweep/cfv1_03_overlap_sweep_0p7.npy,overlap_mean_increase,mixed,1.0,1.0,0.0,0.5,balanced,reliability_test,map_level_counterfactual_no_asr_rerun,0.811486,0.225465,0.50468
cfv1_03_dominance_sdr_sweep_0,controlled_route_sensitive_v2_0024,con_002|pro_009,dominance_sdr_sweep,0,resources/generative_audiodepth_counterfactual_v1/dominance_sdr_sweep/cfv1_03_dominance_sdr_sweep_0.npy,dominance_concentration_increase,mixed,1.0,1.0,0.0,0.5,balanced,reliability_test,map_level_counterfactual_no_asr_rerun,0.445944,0.225465,0.387423
cfv1_03_dominance_sdr_sweep_3,controlled_route_sensitive_v2_0024,con_002|pro_009,dominance_sdr_sweep,3,resources/generative_audiodepth_counterfactual_v1/dominance_sdr_sweep/cfv1_03_dominance_sdr_sweep_3.npy,dominance_concentration_increase,mixed,1.0,1.0,0.0,0.5,balanced,reliability_test,map_level_counterfactual_no_asr_rerun,0.445944,0.1859,0.371281
cfv1_03_dominance_sdr_sweep_6,controlled_route_sensitive_v2_0024,con_002|pro_009,dominance_sdr_sweep,6,resources/generative_audiodepth_counterfactual_v1/dominance_sdr_sweep/cfv1_03_dominance_sdr_sweep_6.npy,dominance_concentration_increase,mixed,1.0,1.0,0.0,0.5,balanced,reliability_test,map_level_counterfactual_no_asr_rerun,0.445944,0.162613,0.355138
cfv1_03_dominance_sdr_sweep_12,controlled_route_sensitive_v2_0024,con_002|pro_009,dominance_sdr_sweep,12,resources/generative_audiodepth_counterfactual_v1/dominance_sdr_sweep/cfv1_03_dominance_sdr_sweep_12.npy,dominance_concentration_increase,mixed,1.0,1.0,0.0,0.5,balanced,reliability_test,map_level_counterfactual_no_asr_rerun,0.445944,0.137073,0.322853
cfv1_03_dominance_sdr_sweep_18,controlled_route_sensitive_v2_0024,con_002|pro_009,dominance_sdr_sweep,18,resources/generative_audiodepth_counterfactual_v1/dominance_sdr_sweep/cfv1_03_dominance_sdr_sweep_18.npy,dominance_concentration_increase,mixed,1.0,1.0,0.0,0.5,balanced,reliability_test,map_level_counterfactual_no_asr_rerun,0.445944,0.122726,0.290568
cfv1_03_backchannel_duration_0p2,controlled_route_sensitive_v2_0024,con_002|pro_009,backchannel_duration,0.2,resources/generative_audiodepth_counterfactual_v1/backchannel_duration/cfv1_03_backchannel_duration_0p2.npy,short_backchannel_stability,mixed,1.0,1.0,0.0,0.5,balanced,reliability_test,map_level_counterfactual_no_asr_rerun,0.185067,0.225465,0.300253
cfv1_03_backchannel_duration_0p5,controlled_route_sensitive_v2_0024,con_002|pro_009,backchannel_duration,0.5,resources/generative_audiodepth_counterfactual_v1/backchannel_duration/cfv1_03_backchannel_duration_0p5.npy,short_backchannel_stability,mixed,1.0,1.0,0.0,0.5,balanced,reliability_test,map_level_counterfactual_no_asr_rerun,0.228546,0.225465,0.314782
cfv1_03_backchannel_duration_1p0,controlled_route_sensitive_v2_0024,con_002|pro_009,backchannel_duration,1.0,resources/generative_audiodepth_counterfactual_v1/backchannel_duration/cfv1_03_backchannel_duration_1p0.npy,short_backchannel_stability,mixed,1.0,1.0,0.0,0.5,balanced,reliability_test,map_level_counterfactual_no_asr_rerun,0.301012,0.225465,0.338995
cfv1_03_backchannel_duration_2p0,controlled_route_sensitive_v2_0024,con_002|pro_009,backchannel_duration,2.0,resources/generative_audiodepth_counterfactual_v1/backchannel_duration/cfv1_03_backchannel_duration_2p0.npy,short_backchannel_stability,mixed,1.0,1.0,0.0,0.5,balanced,reliability_test,map_level_counterfactual_no_asr_rerun,0.445944,0.225465,0.387423
cfv1_03_gain_noise_0p0,controlled_route_sensitive_v2_0024,con_002|pro_009,gain_noise,0.0,resources/generative_audiodepth_counterfactual_v1/gain_noise/cfv1_03_gain_noise_0p0.npy,gain_noise_route_stability,mixed,1.0,1.0,0.0,0.5,balanced,reliability_test,map_level_counterfactual_no_asr_rerun,0.445944,0.225465,0.387423
cfv1_03_gain_noise_0p08,controlled_route_sensitive_v2_0024,con_002|pro_009,gain_noise,0.08,resources/generative_audiodepth_counterfactual_v1/gain_noise/cfv1_03_gain_noise_0p08.npy,gain_noise_route_stability,mixed,1.0,1.0,0.0,0.5,balanced,reliability_test,map_level_counterfactual_no_asr_rerun,0.446825,0.225974,0.425162
cfv1_03_gain_noise_0p18,controlled_route_sensitive_v2_0024,con_002|pro_009,gain_noise,0.18,resources/generative_audiodepth_counterfactual_v1/gain_noise/cfv1_03_gain_noise_0p18.npy,gain_noise_route_stability,mixed,1.0,1.0,0.0,0.5,balanced,reliability_test,map_level_counterfactual_no_asr_rerun,0.450381,0.229045,0.471399
cfv1_03_time_shift_0p0,controlled_route_sensitive_v2_0024,con_002|pro_009,time_shift,0.0,resources/generative_audiodepth_counterfactual_v1/time_shift/cfv1_03_time_shift_0p0.npy,position_change_content_constant,mixed,1.0,1.0,0.0,0.5,balanced,reliability_test,map_level_counterfactual_no_asr_rerun,0.445944,0.225465,0.387423
cfv1_03_time_shift_0p15,controlled_route_sensitive_v2_0024,con_002|pro_009,time_shift,0.15,resources/generative_audiodepth_counterfactual_v1/time_shift/cfv1_03_time_shift_0p15.npy,position_change_content_constant,mixed,1.0,1.0,0.0,0.5,balanced,reliability_test,map_level_counterfactual_no_asr_rerun,0.445944,0.225465,0.387423
cfv1_03_time_shift_0p35,controlled_route_sensitive_v2_0024,con_002|pro_009,time_shift,0.35,resources/generative_audiodepth_counterfactual_v1/time_shift/cfv1_03_time_shift_0p35.npy,position_change_content_constant,mixed,1.0,1.0,0.0,0.5,balanced,reliability_test,map_level_counterfactual_no_asr_rerun,0.445944,0.225465,0.387423
cfv1_03_time_shift_0p55,controlled_route_sensitive_v2_0024,con_002|pro_009,time_shift,0.55,resources/generative_audiodepth_counterfactual_v1/time_shift/cfv1_03_time_shift_0p55.npy,position_change_content_constant,mixed,1.0,1.0,0.0,0.5,balanced,reliability_test,map_level_counterfactual_no_asr_rerun,0.445944,0.225465,0.387423
cfv1_04_overlap_sweep_0p0,controlled_route_sensitive_v2_0030,con_008|pro_011,overlap_sweep,0.0,resources/generative_audiodepth_counterfactual_v1/overlap_sweep/cfv1_04_overlap_sweep_0p0.npy,overlap_mean_increase,separated,1.0,0.32,0.0,0.85,speaker_A_dominant,reliability_test,map_level_counterfactual_no_asr_rerun,0.046989,0.742042,0.162888
cfv1_04_overlap_sweep_0p05,controlled_route_sensitive_v2_0030,con_008|pro_011,overlap_sweep,0.05,resources/generative_audiodepth_counterfactual_v1/overlap_sweep/cfv1_04_overlap_sweep_0p05.npy,overlap_mean_increase,separated,1.0,0.32,0.0,0.85,speaker_A_dominant,reliability_test,map_level_counterfactual_no_asr_rerun,0.096989,0.742042,0.170232
cfv1_04_overlap_sweep_0p1,controlled_route_sensitive_v2_0030,con_008|pro_011,overlap_sweep,0.1,resources/generative_audiodepth_counterfactual_v1/overlap_sweep/cfv1_04_overlap_sweep_0p1.npy,overlap_mean_increase,separated,1.0,0.32,0.0,0.85,speaker_A_dominant,reliability_test,map_level_counterfactual_no_asr_rerun,0.146989,0.742042,0.177575
cfv1_04_overlap_sweep_0p2,controlled_route_sensitive_v2_0030,con_008|pro_011,overlap_sweep,0.2,resources/generative_audiodepth_counterfactual_v1/overlap_sweep/cfv1_04_overlap_sweep_0p2.npy,overlap_mean_increase,separated,1.0,0.32,0.0,0.85,speaker_A_dominant,reliability_test,map_level_counterfactual_no_asr_rerun,0.246989,0.742042,0.192263
cfv1_04_overlap_sweep_0p3,controlled_route_sensitive_v2_0030,con_008|pro_011,overlap_sweep,0.3,resources/generative_audiodepth_counterfactual_v1/overlap_sweep/cfv1_04_overlap_sweep_0p3.npy,overlap_mean_increase,separated,1.0,0.32,0.0,0.85,speaker_A_dominant,reliability_test,map_level_counterfactual_no_asr_rerun,0.346989,0.742042,0.20695
cfv1_04_overlap_sweep_0p5,controlled_route_sensitive_v2_0030,con_008|pro_011,overlap_sweep,0.5,resources/generative_audiodepth_counterfactual_v1/overlap_sweep/cfv1_04_overlap_sweep_0p5.npy,overlap_mean_increase,separated,1.0,0.32,0.0,0.85,speaker_A_dominant,reliability_test,map_level_counterfactual_no_asr_rerun,0.546989,0.742042,0.236325
cfv1_04_overlap_sweep_0p7,controlled_route_sensitive_v2_0030,con_008|pro_011,overlap_sweep,0.7,resources/generative_audiodepth_counterfactual_v1/overlap_sweep/cfv1_04_overlap_sweep_0p7.npy,overlap_mean_increase,separated,1.0,0.32,0.0,0.85,speaker_A_dominant,reliability_test,map_level_counterfactual_no_asr_rerun,0.746989,0.742042,0.2657
cfv1_04_dominance_sdr_sweep_0,controlled_route_sensitive_v2_0030,con_008|pro_011,dominance_sdr_sweep,0,resources/generative_audiodepth_counterfactual_v1/dominance_sdr_sweep/cfv1_04_dominance_sdr_sweep_0.npy,dominance_concentration_increase,separated,1.0,0.32,0.0,0.85,speaker_A_dominant,reliability_test,map_level_counterfactual_no_asr_rerun,0.187955,0.742042,0.156595
cfv1_04_dominance_sdr_sweep_3,controlled_route_sensitive_v2_0030,con_008|pro_011,dominance_sdr_sweep,3,resources/generative_audiodepth_counterfactual_v1/dominance_sdr_sweep/cfv1_04_dominance_sdr_sweep_3.npy,dominance_concentration_increase,separated,1.0,0.32,0.0,0.85,speaker_A_dominant,reliability_test,map_level_counterfactual_no_asr_rerun,0.187955,0.764188,0.15007
cfv1_04_dominance_sdr_sweep_6,controlled_route_sensitive_v2_0030,con_008|pro_011,dominance_sdr_sweep,6,resources/generative_audiodepth_counterfactual_v1/dominance_sdr_sweep/cfv1_04_dominance_sdr_sweep_6.npy,dominance_concentration_increase,separated,1.0,0.32,0.0,0.85,speaker_A_dominant,reliability_test,map_level_counterfactual_no_asr_rerun,0.187955,0.774736,0.143546
cfv1_04_dominance_sdr_sweep_12,controlled_route_sensitive_v2_0030,con_008|pro_011,dominance_sdr_sweep,12,resources/generative_audiodepth_counterfactual_v1/dominance_sdr_sweep/cfv1_04_dominance_sdr_sweep_12.npy,dominance_concentration_increase,separated,1.0,0.32,0.0,0.85,speaker_A_dominant,reliability_test,map_level_counterfactual_no_asr_rerun,0.187955,0.787292,0.130496
cfv1_04_dominance_sdr_sweep_18,controlled_route_sensitive_v2_0030,con_008|pro_011,dominance_sdr_sweep,18,resources/generative_audiodepth_counterfactual_v1/dominance_sdr_sweep/cfv1_04_dominance_sdr_sweep_18.npy,dominance_concentration_increase,separated,1.0,0.32,0.0,0.85,speaker_A_dominant,reliability_test,map_level_counterfactual_no_asr_rerun,0.187955,0.791333,0.117446
cfv1_04_backchannel_duration_0p2,controlled_route_sensitive_v2_0030,con_008|pro_011,backchannel_duration,0.2,resources/generative_audiodepth_counterfactual_v1/backchannel_duration/cfv1_04_backchannel_duration_0p2.npy,short_backchannel_stability,separated,1.0,0.32,0.0,0.85,speaker_A_dominant,reliability_test,map_level_counterfactual_no_asr_rerun,0.078001,0.742042,0.121361
cfv1_04_backchannel_duration_0p5,controlled_route_sensitive_v2_0030,con_008|pro_011,backchannel_duration,0.5,resources/generative_audiodepth_counterfactual_v1/backchannel_duration/cfv1_04_backchannel_duration_0p5.npy,short_backchannel_stability,separated,1.0,0.32,0.0,0.85,speaker_A_dominant,reliability_test,map_level_counterfactual_no_asr_rerun,0.096327,0.742042,0.127234
cfv1_04_backchannel_duration_1p0,controlled_route_sensitive_v2_0030,con_008|pro_011,backchannel_duration,1.0,resources/generative_audiodepth_counterfactual_v1/backchannel_duration/cfv1_04_backchannel_duration_1p0.npy,short_backchannel_stability,separated,1.0,0.32,0.0,0.85,speaker_A_dominant,reliability_test,map_level_counterfactual_no_asr_rerun,0.12687,0.742042,0.137021
cfv1_04_backchannel_duration_2p0,controlled_route_sensitive_v2_0030,con_008|pro_011,backchannel_duration,2.0,resources/generative_audiodepth_counterfactual_v1/backchannel_duration/cfv1_04_backchannel_duration_2p0.npy,short_backchannel_stability,separated,1.0,0.32,0.0,0.85,speaker_A_dominant,reliability_test,map_level_counterfactual_no_asr_rerun,0.187955,0.742042,0.156595
cfv1_04_gain_noise_0p0,controlled_route_sensitive_v2_0030,con_008|pro_011,gain_noise,0.0,resources/generative_audiodepth_counterfactual_v1/gain_noise/cfv1_04_gain_noise_0p0.npy,gain_noise_route_stability,separated,1.0,0.32,0.0,0.85,speaker_A_dominant,reliability_test,map_level_counterfactual_no_asr_rerun,0.187955,0.742042,0.156595
cfv1_04_gain_noise_0p08,controlled_route_sensitive_v2_0030,con_008|pro_011,gain_noise,0.08,resources/generative_audiodepth_counterfactual_v1/gain_noise/cfv1_04_gain_noise_0p08.npy,gain_noise_route_stability,separated,1.0,0.32,0.0,0.85,speaker_A_dominant,reliability_test,map_level_counterfactual_no_asr_rerun,0.204885,0.740914,0.193805
cfv1_04_gain_noise_0p18,controlled_route_sensitive_v2_0030,con_008|pro_011,gain_noise,0.18,resources/generative_audiodepth_counterfactual_v1/gain_noise/cfv1_04_gain_noise_0p18.npy,gain_noise_route_stability,separated,1.0,0.32,0.0,0.85,speaker_A_dominant,reliability_test,map_level_counterfactual_no_asr_rerun,0.227572,0.736916,0.240181
cfv1_04_time_shift_0p0,controlled_route_sensitive_v2_0030,con_008|pro_011,time_shift,0.0,resources/generative_audiodepth_counterfactual_v1/time_shift/cfv1_04_time_shift_0p0.npy,position_change_content_constant,separated,1.0,0.32,0.0,0.85,speaker_A_dominant,reliability_test,map_level_counterfactual_no_asr_rerun,0.187955,0.742042,0.156595
cfv1_04_time_shift_0p15,controlled_route_sensitive_v2_0030,con_008|pro_011,time_shift,0.15,resources/generative_audiodepth_counterfactual_v1/time_shift/cfv1_04_time_shift_0p15.npy,position_change_content_constant,separated,1.0,0.32,0.0,0.85,speaker_A_dominant,reliability_test,map_level_counterfactual_no_asr_rerun,0.187955,0.742042,0.156595
cfv1_04_time_shift_0p35,controlled_route_sensitive_v2_0030,con_008|pro_011,time_shift,0.35,resources/generative_audiodepth_counterfactual_v1/time_shift/cfv1_04_time_shift_0p35.npy,position_change_content_constant,separated,1.0,0.32,0.0,0.85,speaker_A_dominant,reliability_test,map_level_counterfactual_no_asr_rerun,0.187955,0.742042,0.156595
cfv1_04_time_shift_0p55,controlled_route_sensitive_v2_0030,con_008|pro_011,time_shift,0.55,resources/generative_audiodepth_counterfactual_v1/time_shift/cfv1_04_time_shift_0p55.npy,position_change_content_constant,separated,1.0,0.32,0.0,0.85,speaker_A_dominant,reliability_test,map_level_counterfactual_no_asr_rerun,0.187955,0.742042,0.156595
cfv1_05_overlap_sweep_0p0,controlled_route_sensitive_v2_0036,con_003|pro_013,overlap_sweep,0.0,resources/generative_audiodepth_counterfactual_v1/overlap_sweep/cfv1_05_overlap_sweep_0p0.npy,overlap_mean_increase,mixed,1.0,1.0,0.0,0.3,speaker_B_dominant,reliability_test,map_level_counterfactual_no_asr_rerun,0.110373,0.266969,0.327247
cfv1_05_overlap_sweep_0p05,controlled_route_sensitive_v2_0036,con_003|pro_013,overlap_sweep,0.05,resources/generative_audiodepth_counterfactual_v1/overlap_sweep/cfv1_05_overlap_sweep_0p05.npy,overlap_mean_increase,mixed,1.0,1.0,0.0,0.3,speaker_B_dominant,reliability_test,map_level_counterfactual_no_asr_rerun,0.160373,0.266969,0.334591
cfv1_05_overlap_sweep_0p1,controlled_route_sensitive_v2_0036,con_003|pro_013,overlap_sweep,0.1,resources/generative_audiodepth_counterfactual_v1/overlap_sweep/cfv1_05_overlap_sweep_0p1.npy,overlap_mean_increase,mixed,1.0,1.0,0.0,0.3,speaker_B_dominant,reliability_test,map_level_counterfactual_no_asr_rerun,0.210374,0.266969,0.341935
cfv1_05_overlap_sweep_0p2,controlled_route_sensitive_v2_0036,con_003|pro_013,overlap_sweep,0.2,resources/generative_audiodepth_counterfactual_v1/overlap_sweep/cfv1_05_overlap_sweep_0p2.npy,overlap_mean_increase,mixed,1.0,1.0,0.0,0.3,speaker_B_dominant,reliability_test,map_level_counterfactual_no_asr_rerun,0.310374,0.266969,0.356622
cfv1_05_overlap_sweep_0p3,controlled_route_sensitive_v2_0036,con_003|pro_013,overlap_sweep,0.3,resources/generative_audiodepth_counterfactual_v1/overlap_sweep/cfv1_05_overlap_sweep_0p3.npy,overlap_mean_increase,mixed,1.0,1.0,0.0,0.3,speaker_B_dominant,reliability_test,map_level_counterfactual_no_asr_rerun,0.410374,0.266969,0.37131
cfv1_05_overlap_sweep_0p5,controlled_route_sensitive_v2_0036,con_003|pro_013,overlap_sweep,0.5,resources/generative_audiodepth_counterfactual_v1/overlap_sweep/cfv1_05_overlap_sweep_0p5.npy,overlap_mean_increase,mixed,1.0,1.0,0.0,0.3,speaker_B_dominant,reliability_test,map_level_counterfactual_no_asr_rerun,0.610373,0.266969,0.400612
cfv1_05_overlap_sweep_0p7,controlled_route_sensitive_v2_0036,con_003|pro_013,overlap_sweep,0.7,resources/generative_audiodepth_counterfactual_v1/overlap_sweep/cfv1_05_overlap_sweep_0p7.npy,overlap_mean_increase,mixed,1.0,1.0,0.0,0.3,speaker_B_dominant,reliability_test,map_level_counterfactual_no_asr_rerun,0.810373,0.266969,0.429675
cfv1_05_dominance_sdr_sweep_0,controlled_route_sensitive_v2_0036,con_003|pro_013,dominance_sdr_sweep,0,resources/generative_audiodepth_counterfactual_v1/dominance_sdr_sweep/cfv1_05_dominance_sdr_sweep_0.npy,dominance_concentration_increase,mixed,1.0,1.0,0.0,0.3,speaker_B_dominant,reliability_test,map_level_counterfactual_no_asr_rerun,0.441494,0.266969,0.311428
cfv1_05_dominance_sdr_sweep_3,controlled_route_sensitive_v2_0036,con_003|pro_013,dominance_sdr_sweep,3,resources/generative_audiodepth_counterfactual_v1/dominance_sdr_sweep/cfv1_05_dominance_sdr_sweep_3.npy,dominance_concentration_increase,mixed,1.0,1.0,0.0,0.3,speaker_B_dominant,reliability_test,map_level_counterfactual_no_asr_rerun,0.441494,0.234188,0.298452
cfv1_05_dominance_sdr_sweep_6,controlled_route_sensitive_v2_0036,con_003|pro_013,dominance_sdr_sweep,6,resources/generative_audiodepth_counterfactual_v1/dominance_sdr_sweep/cfv1_05_dominance_sdr_sweep_6.npy,dominance_concentration_increase,mixed,1.0,1.0,0.0,0.3,speaker_B_dominant,reliability_test,map_level_counterfactual_no_asr_rerun,0.441494,0.211096,0.285476
cfv1_05_dominance_sdr_sweep_12,controlled_route_sensitive_v2_0036,con_003|pro_013,dominance_sdr_sweep,12,resources/generative_audiodepth_counterfactual_v1/dominance_sdr_sweep/cfv1_05_dominance_sdr_sweep_12.npy,dominance_concentration_increase,mixed,1.0,1.0,0.0,0.3,speaker_B_dominant,reliability_test,map_level_counterfactual_no_asr_rerun,0.441494,0.185633,0.259523
cfv1_05_dominance_sdr_sweep_18,controlled_route_sensitive_v2_0036,con_003|pro_013,dominance_sdr_sweep,18,resources/generative_audiodepth_counterfactual_v1/dominance_sdr_sweep/cfv1_05_dominance_sdr_sweep_18.npy,dominance_concentration_increase,mixed,1.0,1.0,0.0,0.3,speaker_B_dominant,reliability_test,map_level_counterfactual_no_asr_rerun,0.441494,0.172435,0.233571
cfv1_05_backchannel_duration_0p2,controlled_route_sensitive_v2_0036,con_003|pro_013,backchannel_duration,0.2,resources/generative_audiodepth_counterfactual_v1/backchannel_duration/cfv1_05_backchannel_duration_0p2.npy,short_backchannel_stability,mixed,1.0,1.0,0.0,0.3,speaker_B_dominant,reliability_test,map_level_counterfactual_no_asr_rerun,0.18322,0.266969,0.241357
cfv1_05_backchannel_duration_0p5,controlled_route_sensitive_v2_0036,con_003|pro_013,backchannel_duration,0.5,resources/generative_audiodepth_counterfactual_v1/backchannel_duration/cfv1_05_backchannel_duration_0p5.npy,short_backchannel_stability,mixed,1.0,1.0,0.0,0.3,speaker_B_dominant,reliability_test,map_level_counterfactual_no_asr_rerun,0.226266,0.266969,0.253035
cfv1_05_backchannel_duration_1p0,controlled_route_sensitive_v2_0036,con_003|pro_013,backchannel_duration,1.0,resources/generative_audiodepth_counterfactual_v1/backchannel_duration/cfv1_05_backchannel_duration_1p0.npy,short_backchannel_stability,mixed,1.0,1.0,0.0,0.3,speaker_B_dominant,reliability_test,map_level_counterfactual_no_asr_rerun,0.298008,0.266969,0.272499
cfv1_05_backchannel_duration_2p0,controlled_route_sensitive_v2_0036,con_003|pro_013,backchannel_duration,2.0,resources/generative_audiodepth_counterfactual_v1/backchannel_duration/cfv1_05_backchannel_duration_2p0.npy,short_backchannel_stability,mixed,1.0,1.0,0.0,0.3,speaker_B_dominant,reliability_test,map_level_counterfactual_no_asr_rerun,0.441494,0.266969,0.311428
cfv1_05_gain_noise_0p0,controlled_route_sensitive_v2_0036,con_003|pro_013,gain_noise,0.0,resources/generative_audiodepth_counterfactual_v1/gain_noise/cfv1_05_gain_noise_0p0.npy,gain_noise_route_stability,mixed,1.0,1.0,0.0,0.3,speaker_B_dominant,reliability_test,map_level_counterfactual_no_asr_rerun,0.441494,0.266969,0.311428
cfv1_05_gain_noise_0p08,controlled_route_sensitive_v2_0036,con_003|pro_013,gain_noise,0.08,resources/generative_audiodepth_counterfactual_v1/gain_noise/cfv1_05_gain_noise_0p08.npy,gain_noise_route_stability,mixed,1.0,1.0,0.0,0.3,speaker_B_dominant,reliability_test,map_level_counterfactual_no_asr_rerun,0.443852,0.268451,0.349225
cfv1_05_gain_noise_0p18,controlled_route_sensitive_v2_0036,con_003|pro_013,gain_noise,0.18,resources/generative_audiodepth_counterfactual_v1/gain_noise/cfv1_05_gain_noise_0p18.npy,gain_noise_route_stability,mixed,1.0,1.0,0.0,0.3,speaker_B_dominant,reliability_test,map_level_counterfactual_no_asr_rerun,0.448979,0.271521,0.396001
cfv1_05_time_shift_0p0,controlled_route_sensitive_v2_0036,con_003|pro_013,time_shift,0.0,resources/generative_audiodepth_counterfactual_v1/time_shift/cfv1_05_time_shift_0p0.npy,position_change_content_constant,mixed,1.0,1.0,0.0,0.3,speaker_B_dominant,reliability_test,map_level_counterfactual_no_asr_rerun,0.441494,0.266969,0.311428
cfv1_05_time_shift_0p15,controlled_route_sensitive_v2_0036,con_003|pro_013,time_shift,0.15,resources/generative_audiodepth_counterfactual_v1/time_shift/cfv1_05_time_shift_0p15.npy,position_change_content_constant,mixed,1.0,1.0,0.0,0.3,speaker_B_dominant,reliability_test,map_level_counterfactual_no_asr_rerun,0.441494,0.266969,0.311428
cfv1_05_time_shift_0p35,controlled_route_sensitive_v2_0036,con_003|pro_013,time_shift,0.35,resources/generative_audiodepth_counterfactual_v1/time_shift/cfv1_05_time_shift_0p35.npy,position_change_content_constant,mixed,1.0,1.0,0.0,0.3,speaker_B_dominant,reliability_test,map_level_counterfactual_no_asr_rerun,0.441494,0.266969,0.311428
cfv1_05_time_shift_0p55,controlled_route_sensitive_v2_0036,con_003|pro_013,time_shift,0.55,resources/generative_audiodepth_counterfactual_v1/time_shift/cfv1_05_time_shift_0p55.npy,position_change_content_constant,mixed,1.0,1.0,0.0,0.3,speaker_B_dominant,reliability_test,map_level_counterfactual_no_asr_rerun,0.441494,0.266969,0.311428
