sample_id,tier,overlap_level,strategy,selected_method,decision_rule,mixed_segments_count,separated_segments_count,cleaned_segments_count,mixed_text_length,separated_text_length,cleaned_text_length,text_length_ratio,repetition_count,duplicate_removed_count,mixed_runtime_sec,separated_runtime_sec,cleaned_runtime_sec,runtime_ratio,cleaned_closer_to_mixed,notes
SyntheticNoOverlap_01,SyntheticNoOverlap,0,fixed_mixed_whisper,mixed_whisper,fixed baseline: always choose mixed_whisper,2,2,2,33,57,57,1.727273,0,0,1.255,0.788,0.788,0.627888,False,Fixed baseline.
SyntheticNoOverlap_01,SyntheticNoOverlap,0,fixed_separated_whisper,separated_whisper,fixed baseline: always choose separated_whisper,2,2,2,33,57,57,1.727273,0,0,1.255,0.788,0.788,0.627888,False,Fixed baseline.
SyntheticNoOverlap_01,SyntheticNoOverlap,0,fixed_separated_whisper_cleaned,separated_whisper_cleaned,fixed baseline: always choose separated_whisper_cleaned,2,2,2,33,57,57,1.727273,0,0,1.255,0.788,0.788,0.627888,False,Fixed baseline.
SyntheticNoOverlap_01,SyntheticNoOverlap,0,oracle_best,oracle_best,oracle upper bound: choose the lowest-CER method per sample/case,2,2,2,33,57,57,1.727273,0,0,1.255,0.788,0.788,0.627888,False,Oracle upper bound only; not a deployable strategy.
SyntheticNoOverlap_01,SyntheticNoOverlap,0,v1_overlap_only,separated_whisper,"if overlap_level == 0, choose separated_whisper",2,2,2,33,57,57,1.727273,0,0,1.255,0.788,0.788,0.627888,False,Router uses observable transcript instability features only; CER is reserved for evaluation.
SyntheticNoOverlap_01,SyntheticNoOverlap,0,length_ratio_only,mixed_whisper,separated transcript is length-inflated; fall back to mixed_whisper,2,2,2,33,57,57,1.727273,0,0,1.255,0.788,0.788,0.627888,False,Router uses observable transcript instability features only; CER is reserved for evaluation.
SyntheticNoOverlap_01,SyntheticNoOverlap,0,repetition_only,separated_whisper,"repetition_count is low; reuse v1 rule (if overlap_level == 0, choose separated_whisper)",2,2,2,33,57,57,1.727273,0,0,1.255,0.788,0.788,0.627888,False,Router uses observable transcript instability features only; CER is reserved for evaluation.
SyntheticNoOverlap_01,SyntheticNoOverlap,0,removed_count_only,separated_whisper,"duplicate_removed_count is low; reuse v1 rule (if overlap_level == 0, choose separated_whisper)",2,2,2,33,57,57,1.727273,0,0,1.255,0.788,0.788,0.627888,False,Router uses observable transcript instability features only; CER is reserved for evaluation.
SyntheticNoOverlap_01,SyntheticNoOverlap,0,length_plus_repetition,mixed_whisper,length inflation or repetition is high; fall back to mixed_whisper,2,2,2,33,57,57,1.727273,0,0,1.255,0.788,0.788,0.627888,False,Router uses observable transcript instability features only; CER is reserved for evaluation.
SyntheticNoOverlap_01,SyntheticNoOverlap,0,v2_full_features,mixed_whisper,overlap_level==0 short transcript; choose mixed_whisper,2,2,2,33,57,57,1.727273,0,0,1.255,0.788,0.788,0.627888,False,Router uses observable transcript instability features only; CER is reserved for evaluation.
SyntheticNoOverlap_02,SyntheticNoOverlap,0,fixed_mixed_whisper,mixed_whisper,fixed baseline: always choose mixed_whisper,2,28,3,30,513,63,17.1,62,25,0.766,4.497,4.497,5.870757,True,Fixed baseline.
SyntheticNoOverlap_02,SyntheticNoOverlap,0,fixed_separated_whisper,separated_whisper,fixed baseline: always choose separated_whisper,2,28,3,30,513,63,17.1,62,25,0.766,4.497,4.497,5.870757,True,Fixed baseline.
SyntheticNoOverlap_02,SyntheticNoOverlap,0,fixed_separated_whisper_cleaned,separated_whisper_cleaned,fixed baseline: always choose separated_whisper_cleaned,2,28,3,30,513,63,17.1,62,25,0.766,4.497,4.497,5.870757,True,Fixed baseline.
SyntheticNoOverlap_02,SyntheticNoOverlap,0,oracle_best,oracle_best,oracle upper bound: choose the lowest-CER method per sample/case,2,28,3,30,513,63,17.1,62,25,0.766,4.497,4.497,5.870757,True,Oracle upper bound only; not a deployable strategy.
SyntheticNoOverlap_02,SyntheticNoOverlap,0,v1_overlap_only,separated_whisper,"if overlap_level == 0, choose separated_whisper",2,28,3,30,513,63,17.1,62,25,0.766,4.497,4.497,5.870757,True,Router uses observable transcript instability features only; CER is reserved for evaluation.
SyntheticNoOverlap_02,SyntheticNoOverlap,0,length_ratio_only,mixed_whisper,separated transcript is length-inflated; fall back to mixed_whisper,2,28,3,30,513,63,17.1,62,25,0.766,4.497,4.497,5.870757,True,Router uses observable transcript instability features only; CER is reserved for evaluation.
SyntheticNoOverlap_02,SyntheticNoOverlap,0,repetition_only,separated_whisper_cleaned,"high repetition_count; cleaned transcript looks closer to mixed, so choose cleaned",2,28,3,30,513,63,17.1,62,25,0.766,4.497,4.497,5.870757,True,Router uses observable transcript instability features only; CER is reserved for evaluation.
SyntheticNoOverlap_02,SyntheticNoOverlap,0,removed_count_only,separated_whisper_cleaned,"duplicate removal is high and cleaned is closer to mixed, so choose cleaned",2,28,3,30,513,63,17.1,62,25,0.766,4.497,4.497,5.870757,True,Router uses observable transcript instability features only; CER is reserved for evaluation.
SyntheticNoOverlap_02,SyntheticNoOverlap,0,length_plus_repetition,separated_whisper_cleaned,"length inflation or repetition is high and cleaned is closer to mixed, so choose cleaned",2,28,3,30,513,63,17.1,62,25,0.766,4.497,4.497,5.870757,True,Router uses observable transcript instability features only; CER is reserved for evaluation.
SyntheticNoOverlap_02,SyntheticNoOverlap,0,v2_full_features,mixed_whisper,overlap_level==0 and repeated hallucinations are high; fall back to mixed_whisper,2,28,3,30,513,63,17.1,62,25,0.766,4.497,4.497,5.870757,True,Router uses observable transcript instability features only; CER is reserved for evaluation.
SyntheticNoOverlap_03,SyntheticNoOverlap,0,fixed_mixed_whisper,mixed_whisper,fixed baseline: always choose mixed_whisper,2,2,2,17,46,46,2.705882,0,0,0.511,0.729,0.729,1.426614,False,Fixed baseline.
SyntheticNoOverlap_03,SyntheticNoOverlap,0,fixed_separated_whisper,separated_whisper,fixed baseline: always choose separated_whisper,2,2,2,17,46,46,2.705882,0,0,0.511,0.729,0.729,1.426614,False,Fixed baseline.
SyntheticNoOverlap_03,SyntheticNoOverlap,0,fixed_separated_whisper_cleaned,separated_whisper_cleaned,fixed baseline: always choose separated_whisper_cleaned,2,2,2,17,46,46,2.705882,0,0,0.511,0.729,0.729,1.426614,False,Fixed baseline.
SyntheticNoOverlap_03,SyntheticNoOverlap,0,oracle_best,oracle_best,oracle upper bound: choose the lowest-CER method per sample/case,2,2,2,17,46,46,2.705882,0,0,0.511,0.729,0.729,1.426614,False,Oracle upper bound only; not a deployable strategy.
SyntheticNoOverlap_03,SyntheticNoOverlap,0,v1_overlap_only,separated_whisper,"if overlap_level == 0, choose separated_whisper",2,2,2,17,46,46,2.705882,0,0,0.511,0.729,0.729,1.426614,False,Router uses observable transcript instability features only; CER is reserved for evaluation.
SyntheticNoOverlap_03,SyntheticNoOverlap,0,length_ratio_only,mixed_whisper,separated transcript is length-inflated; fall back to mixed_whisper,2,2,2,17,46,46,2.705882,0,0,0.511,0.729,0.729,1.426614,False,Router uses observable transcript instability features only; CER is reserved for evaluation.
SyntheticNoOverlap_03,SyntheticNoOverlap,0,repetition_only,separated_whisper,"repetition_count is low; reuse v1 rule (if overlap_level == 0, choose separated_whisper)",2,2,2,17,46,46,2.705882,0,0,0.511,0.729,0.729,1.426614,False,Router uses observable transcript instability features only; CER is reserved for evaluation.
SyntheticNoOverlap_03,SyntheticNoOverlap,0,removed_count_only,separated_whisper,"duplicate_removed_count is low; reuse v1 rule (if overlap_level == 0, choose separated_whisper)",2,2,2,17,46,46,2.705882,0,0,0.511,0.729,0.729,1.426614,False,Router uses observable transcript instability features only; CER is reserved for evaluation.
SyntheticNoOverlap_03,SyntheticNoOverlap,0,length_plus_repetition,mixed_whisper,length inflation or repetition is high; fall back to mixed_whisper,2,2,2,17,46,46,2.705882,0,0,0.511,0.729,0.729,1.426614,False,Router uses observable transcript instability features only; CER is reserved for evaluation.
SyntheticNoOverlap_03,SyntheticNoOverlap,0,v2_full_features,mixed_whisper,overlap_level==0 short transcript; choose mixed_whisper,2,2,2,17,46,46,2.705882,0,0,0.511,0.729,0.729,1.426614,False,Router uses observable transcript instability features only; CER is reserved for evaluation.
SyntheticNoOverlap_04,SyntheticNoOverlap,0,fixed_mixed_whisper,mixed_whisper,fixed baseline: always choose mixed_whisper,1,2,2,10,43,43,4.3,0,0,0.259,0.527,0.527,2.034749,False,Fixed baseline.
SyntheticNoOverlap_04,SyntheticNoOverlap,0,fixed_separated_whisper,separated_whisper,fixed baseline: always choose separated_whisper,1,2,2,10,43,43,4.3,0,0,0.259,0.527,0.527,2.034749,False,Fixed baseline.
SyntheticNoOverlap_04,SyntheticNoOverlap,0,fixed_separated_whisper_cleaned,separated_whisper_cleaned,fixed baseline: always choose separated_whisper_cleaned,1,2,2,10,43,43,4.3,0,0,0.259,0.527,0.527,2.034749,False,Fixed baseline.
SyntheticNoOverlap_04,SyntheticNoOverlap,0,oracle_best,oracle_best,oracle upper bound: choose the lowest-CER method per sample/case,1,2,2,10,43,43,4.3,0,0,0.259,0.527,0.527,2.034749,False,Oracle upper bound only; not a deployable strategy.
SyntheticNoOverlap_04,SyntheticNoOverlap,0,v1_overlap_only,separated_whisper,"if overlap_level == 0, choose separated_whisper",1,2,2,10,43,43,4.3,0,0,0.259,0.527,0.527,2.034749,False,Router uses observable transcript instability features only; CER is reserved for evaluation.
SyntheticNoOverlap_04,SyntheticNoOverlap,0,length_ratio_only,mixed_whisper,separated transcript is length-inflated; fall back to mixed_whisper,1,2,2,10,43,43,4.3,0,0,0.259,0.527,0.527,2.034749,False,Router uses observable transcript instability features only; CER is reserved for evaluation.
SyntheticNoOverlap_04,SyntheticNoOverlap,0,repetition_only,separated_whisper,"repetition_count is low; reuse v1 rule (if overlap_level == 0, choose separated_whisper)",1,2,2,10,43,43,4.3,0,0,0.259,0.527,0.527,2.034749,False,Router uses observable transcript instability features only; CER is reserved for evaluation.
SyntheticNoOverlap_04,SyntheticNoOverlap,0,removed_count_only,separated_whisper,"duplicate_removed_count is low; reuse v1 rule (if overlap_level == 0, choose separated_whisper)",1,2,2,10,43,43,4.3,0,0,0.259,0.527,0.527,2.034749,False,Router uses observable transcript instability features only; CER is reserved for evaluation.
SyntheticNoOverlap_04,SyntheticNoOverlap,0,length_plus_repetition,mixed_whisper,length inflation or repetition is high; fall back to mixed_whisper,1,2,2,10,43,43,4.3,0,0,0.259,0.527,0.527,2.034749,False,Router uses observable transcript instability features only; CER is reserved for evaluation.
SyntheticNoOverlap_04,SyntheticNoOverlap,0,v2_full_features,mixed_whisper,overlap_level==0 short transcript; choose mixed_whisper,1,2,2,10,43,43,4.3,0,0,0.259,0.527,0.527,2.034749,False,Router uses observable transcript instability features only; CER is reserved for evaluation.
SyntheticNoOverlap_05,SyntheticNoOverlap,0,fixed_mixed_whisper,mixed_whisper,fixed baseline: always choose mixed_whisper,2,2,2,26,50,50,1.923077,0,0,0.57,0.66,0.66,1.157895,False,Fixed baseline.
SyntheticNoOverlap_05,SyntheticNoOverlap,0,fixed_separated_whisper,separated_whisper,fixed baseline: always choose separated_whisper,2,2,2,26,50,50,1.923077,0,0,0.57,0.66,0.66,1.157895,False,Fixed baseline.
SyntheticNoOverlap_05,SyntheticNoOverlap,0,fixed_separated_whisper_cleaned,separated_whisper_cleaned,fixed baseline: always choose separated_whisper_cleaned,2,2,2,26,50,50,1.923077,0,0,0.57,0.66,0.66,1.157895,False,Fixed baseline.
SyntheticNoOverlap_05,SyntheticNoOverlap,0,oracle_best,oracle_best,oracle upper bound: choose the lowest-CER method per sample/case,2,2,2,26,50,50,1.923077,0,0,0.57,0.66,0.66,1.157895,False,Oracle upper bound only; not a deployable strategy.
SyntheticNoOverlap_05,SyntheticNoOverlap,0,v1_overlap_only,separated_whisper,"if overlap_level == 0, choose separated_whisper",2,2,2,26,50,50,1.923077,0,0,0.57,0.66,0.66,1.157895,False,Router uses observable transcript instability features only; CER is reserved for evaluation.
SyntheticNoOverlap_05,SyntheticNoOverlap,0,length_ratio_only,mixed_whisper,separated transcript is length-inflated; fall back to mixed_whisper,2,2,2,26,50,50,1.923077,0,0,0.57,0.66,0.66,1.157895,False,Router uses observable transcript instability features only; CER is reserved for evaluation.
SyntheticNoOverlap_05,SyntheticNoOverlap,0,repetition_only,separated_whisper,"repetition_count is low; reuse v1 rule (if overlap_level == 0, choose separated_whisper)",2,2,2,26,50,50,1.923077,0,0,0.57,0.66,0.66,1.157895,False,Router uses observable transcript instability features only; CER is reserved for evaluation.
SyntheticNoOverlap_05,SyntheticNoOverlap,0,removed_count_only,separated_whisper,"duplicate_removed_count is low; reuse v1 rule (if overlap_level == 0, choose separated_whisper)",2,2,2,26,50,50,1.923077,0,0,0.57,0.66,0.66,1.157895,False,Router uses observable transcript instability features only; CER is reserved for evaluation.
SyntheticNoOverlap_05,SyntheticNoOverlap,0,length_plus_repetition,mixed_whisper,length inflation or repetition is high; fall back to mixed_whisper,2,2,2,26,50,50,1.923077,0,0,0.57,0.66,0.66,1.157895,False,Router uses observable transcript instability features only; CER is reserved for evaluation.
SyntheticNoOverlap_05,SyntheticNoOverlap,0,v2_full_features,mixed_whisper,overlap_level==0 short transcript; choose mixed_whisper,2,2,2,26,50,50,1.923077,0,0,0.57,0.66,0.66,1.157895,False,Router uses observable transcript instability features only; CER is reserved for evaluation.
SyntheticLightOverlap_01,SyntheticLightOverlap,1,fixed_mixed_whisper,mixed_whisper,fixed baseline: always choose mixed_whisper,3,2,2,32,58,58,1.8125,0,0,0.737,0.803,0.803,1.089552,False,Fixed baseline.
SyntheticLightOverlap_01,SyntheticLightOverlap,1,fixed_separated_whisper,separated_whisper,fixed baseline: always choose separated_whisper,3,2,2,32,58,58,1.8125,0,0,0.737,0.803,0.803,1.089552,False,Fixed baseline.
SyntheticLightOverlap_01,SyntheticLightOverlap,1,fixed_separated_whisper_cleaned,separated_whisper_cleaned,fixed baseline: always choose separated_whisper_cleaned,3,2,2,32,58,58,1.8125,0,0,0.737,0.803,0.803,1.089552,False,Fixed baseline.
SyntheticLightOverlap_01,SyntheticLightOverlap,1,oracle_best,oracle_best,oracle upper bound: choose the lowest-CER method per sample/case,3,2,2,32,58,58,1.8125,0,0,0.737,0.803,0.803,1.089552,False,Oracle upper bound only; not a deployable strategy.
SyntheticLightOverlap_01,SyntheticLightOverlap,1,v1_overlap_only,mixed_whisper,"if overlap_level in [1, 2], choose mixed_whisper",3,2,2,32,58,58,1.8125,0,0,0.737,0.803,0.803,1.089552,False,Router uses observable transcript instability features only; CER is reserved for evaluation.
SyntheticLightOverlap_01,SyntheticLightOverlap,1,length_ratio_only,mixed_whisper,separated transcript is length-inflated; fall back to mixed_whisper,3,2,2,32,58,58,1.8125,0,0,0.737,0.803,0.803,1.089552,False,Router uses observable transcript instability features only; CER is reserved for evaluation.
SyntheticLightOverlap_01,SyntheticLightOverlap,1,repetition_only,mixed_whisper,"repetition_count is low; reuse v1 rule (if overlap_level in [1, 2], choose mixed_whisper)",3,2,2,32,58,58,1.8125,0,0,0.737,0.803,0.803,1.089552,False,Router uses observable transcript instability features only; CER is reserved for evaluation.
SyntheticLightOverlap_01,SyntheticLightOverlap,1,removed_count_only,mixed_whisper,"duplicate_removed_count is low; reuse v1 rule (if overlap_level in [1, 2], choose mixed_whisper)",3,2,2,32,58,58,1.8125,0,0,0.737,0.803,0.803,1.089552,False,Router uses observable transcript instability features only; CER is reserved for evaluation.
SyntheticLightOverlap_01,SyntheticLightOverlap,1,length_plus_repetition,mixed_whisper,length inflation or repetition is high; fall back to mixed_whisper,3,2,2,32,58,58,1.8125,0,0,0.737,0.803,0.803,1.089552,False,Router uses observable transcript instability features only; CER is reserved for evaluation.
SyntheticLightOverlap_01,SyntheticLightOverlap,1,v2_full_features,mixed_whisper,"overlap_level in [1,2]; choose mixed_whisper",3,2,2,32,58,58,1.8125,0,0,0.737,0.803,0.803,1.089552,False,Router uses observable transcript instability features only; CER is reserved for evaluation.
SyntheticLightOverlap_02,SyntheticLightOverlap,1,fixed_mixed_whisper,mixed_whisper,fixed baseline: always choose mixed_whisper,2,2,2,30,45,45,1.5,0,0,0.696,0.712,0.712,1.022989,False,Fixed baseline.
SyntheticLightOverlap_02,SyntheticLightOverlap,1,fixed_separated_whisper,separated_whisper,fixed baseline: always choose separated_whisper,2,2,2,30,45,45,1.5,0,0,0.696,0.712,0.712,1.022989,False,Fixed baseline.
SyntheticLightOverlap_02,SyntheticLightOverlap,1,fixed_separated_whisper_cleaned,separated_whisper_cleaned,fixed baseline: always choose separated_whisper_cleaned,2,2,2,30,45,45,1.5,0,0,0.696,0.712,0.712,1.022989,False,Fixed baseline.
SyntheticLightOverlap_02,SyntheticLightOverlap,1,oracle_best,oracle_best,oracle upper bound: choose the lowest-CER method per sample/case,2,2,2,30,45,45,1.5,0,0,0.696,0.712,0.712,1.022989,False,Oracle upper bound only; not a deployable strategy.
SyntheticLightOverlap_02,SyntheticLightOverlap,1,v1_overlap_only,mixed_whisper,"if overlap_level in [1, 2], choose mixed_whisper",2,2,2,30,45,45,1.5,0,0,0.696,0.712,0.712,1.022989,False,Router uses observable transcript instability features only; CER is reserved for evaluation.
SyntheticLightOverlap_02,SyntheticLightOverlap,1,length_ratio_only,mixed_whisper,separated transcript is length-inflated; fall back to mixed_whisper,2,2,2,30,45,45,1.5,0,0,0.696,0.712,0.712,1.022989,False,Router uses observable transcript instability features only; CER is reserved for evaluation.
SyntheticLightOverlap_02,SyntheticLightOverlap,1,repetition_only,mixed_whisper,"repetition_count is low; reuse v1 rule (if overlap_level in [1, 2], choose mixed_whisper)",2,2,2,30,45,45,1.5,0,0,0.696,0.712,0.712,1.022989,False,Router uses observable transcript instability features only; CER is reserved for evaluation.
SyntheticLightOverlap_02,SyntheticLightOverlap,1,removed_count_only,mixed_whisper,"duplicate_removed_count is low; reuse v1 rule (if overlap_level in [1, 2], choose mixed_whisper)",2,2,2,30,45,45,1.5,0,0,0.696,0.712,0.712,1.022989,False,Router uses observable transcript instability features only; CER is reserved for evaluation.
SyntheticLightOverlap_02,SyntheticLightOverlap,1,length_plus_repetition,mixed_whisper,length inflation or repetition is high; fall back to mixed_whisper,2,2,2,30,45,45,1.5,0,0,0.696,0.712,0.712,1.022989,False,Router uses observable transcript instability features only; CER is reserved for evaluation.
SyntheticLightOverlap_02,SyntheticLightOverlap,1,v2_full_features,mixed_whisper,"overlap_level in [1,2]; choose mixed_whisper",2,2,2,30,45,45,1.5,0,0,0.696,0.712,0.712,1.022989,False,Router uses observable transcript instability features only; CER is reserved for evaluation.
SyntheticLightOverlap_03,SyntheticLightOverlap,1,fixed_mixed_whisper,mixed_whisper,fixed baseline: always choose mixed_whisper,2,2,2,23,46,46,2.0,0,0,0.648,0.814,0.814,1.256173,False,Fixed baseline.
SyntheticLightOverlap_03,SyntheticLightOverlap,1,fixed_separated_whisper,separated_whisper,fixed baseline: always choose separated_whisper,2,2,2,23,46,46,2.0,0,0,0.648,0.814,0.814,1.256173,False,Fixed baseline.
SyntheticLightOverlap_03,SyntheticLightOverlap,1,fixed_separated_whisper_cleaned,separated_whisper_cleaned,fixed baseline: always choose separated_whisper_cleaned,2,2,2,23,46,46,2.0,0,0,0.648,0.814,0.814,1.256173,False,Fixed baseline.
SyntheticLightOverlap_03,SyntheticLightOverlap,1,oracle_best,oracle_best,oracle upper bound: choose the lowest-CER method per sample/case,2,2,2,23,46,46,2.0,0,0,0.648,0.814,0.814,1.256173,False,Oracle upper bound only; not a deployable strategy.
SyntheticLightOverlap_03,SyntheticLightOverlap,1,v1_overlap_only,mixed_whisper,"if overlap_level in [1, 2], choose mixed_whisper",2,2,2,23,46,46,2.0,0,0,0.648,0.814,0.814,1.256173,False,Router uses observable transcript instability features only; CER is reserved for evaluation.
SyntheticLightOverlap_03,SyntheticLightOverlap,1,length_ratio_only,mixed_whisper,separated transcript is length-inflated; fall back to mixed_whisper,2,2,2,23,46,46,2.0,0,0,0.648,0.814,0.814,1.256173,False,Router uses observable transcript instability features only; CER is reserved for evaluation.
SyntheticLightOverlap_03,SyntheticLightOverlap,1,repetition_only,mixed_whisper,"repetition_count is low; reuse v1 rule (if overlap_level in [1, 2], choose mixed_whisper)",2,2,2,23,46,46,2.0,0,0,0.648,0.814,0.814,1.256173,False,Router uses observable transcript instability features only; CER is reserved for evaluation.
SyntheticLightOverlap_03,SyntheticLightOverlap,1,removed_count_only,mixed_whisper,"duplicate_removed_count is low; reuse v1 rule (if overlap_level in [1, 2], choose mixed_whisper)",2,2,2,23,46,46,2.0,0,0,0.648,0.814,0.814,1.256173,False,Router uses observable transcript instability features only; CER is reserved for evaluation.
SyntheticLightOverlap_03,SyntheticLightOverlap,1,length_plus_repetition,mixed_whisper,length inflation or repetition is high; fall back to mixed_whisper,2,2,2,23,46,46,2.0,0,0,0.648,0.814,0.814,1.256173,False,Router uses observable transcript instability features only; CER is reserved for evaluation.
SyntheticLightOverlap_03,SyntheticLightOverlap,1,v2_full_features,mixed_whisper,"overlap_level in [1,2]; choose mixed_whisper",2,2,2,23,46,46,2.0,0,0,0.648,0.814,0.814,1.256173,False,Router uses observable transcript instability features only; CER is reserved for evaluation.
SyntheticLightOverlap_04,SyntheticLightOverlap,1,fixed_mixed_whisper,mixed_whisper,fixed baseline: always choose mixed_whisper,2,2,2,19,43,43,2.263158,0,0,0.598,0.636,0.636,1.063545,False,Fixed baseline.
SyntheticLightOverlap_04,SyntheticLightOverlap,1,fixed_separated_whisper,separated_whisper,fixed baseline: always choose separated_whisper,2,2,2,19,43,43,2.263158,0,0,0.598,0.636,0.636,1.063545,False,Fixed baseline.
SyntheticLightOverlap_04,SyntheticLightOverlap,1,fixed_separated_whisper_cleaned,separated_whisper_cleaned,fixed baseline: always choose separated_whisper_cleaned,2,2,2,19,43,43,2.263158,0,0,0.598,0.636,0.636,1.063545,False,Fixed baseline.
SyntheticLightOverlap_04,SyntheticLightOverlap,1,oracle_best,oracle_best,oracle upper bound: choose the lowest-CER method per sample/case,2,2,2,19,43,43,2.263158,0,0,0.598,0.636,0.636,1.063545,False,Oracle upper bound only; not a deployable strategy.
SyntheticLightOverlap_04,SyntheticLightOverlap,1,v1_overlap_only,mixed_whisper,"if overlap_level in [1, 2], choose mixed_whisper",2,2,2,19,43,43,2.263158,0,0,0.598,0.636,0.636,1.063545,False,Router uses observable transcript instability features only; CER is reserved for evaluation.
SyntheticLightOverlap_04,SyntheticLightOverlap,1,length_ratio_only,mixed_whisper,separated transcript is length-inflated; fall back to mixed_whisper,2,2,2,19,43,43,2.263158,0,0,0.598,0.636,0.636,1.063545,False,Router uses observable transcript instability features only; CER is reserved for evaluation.
SyntheticLightOverlap_04,SyntheticLightOverlap,1,repetition_only,mixed_whisper,"repetition_count is low; reuse v1 rule (if overlap_level in [1, 2], choose mixed_whisper)",2,2,2,19,43,43,2.263158,0,0,0.598,0.636,0.636,1.063545,False,Router uses observable transcript instability features only; CER is reserved for evaluation.
SyntheticLightOverlap_04,SyntheticLightOverlap,1,removed_count_only,mixed_whisper,"duplicate_removed_count is low; reuse v1 rule (if overlap_level in [1, 2], choose mixed_whisper)",2,2,2,19,43,43,2.263158,0,0,0.598,0.636,0.636,1.063545,False,Router uses observable transcript instability features only; CER is reserved for evaluation.
SyntheticLightOverlap_04,SyntheticLightOverlap,1,length_plus_repetition,mixed_whisper,length inflation or repetition is high; fall back to mixed_whisper,2,2,2,19,43,43,2.263158,0,0,0.598,0.636,0.636,1.063545,False,Router uses observable transcript instability features only; CER is reserved for evaluation.
SyntheticLightOverlap_04,SyntheticLightOverlap,1,v2_full_features,mixed_whisper,"overlap_level in [1,2]; choose mixed_whisper",2,2,2,19,43,43,2.263158,0,0,0.598,0.636,0.636,1.063545,False,Router uses observable transcript instability features only; CER is reserved for evaluation.
SyntheticLightOverlap_05,SyntheticLightOverlap,1,fixed_mixed_whisper,mixed_whisper,fixed baseline: always choose mixed_whisper,2,2,2,24,50,50,2.083333,0,0,0.644,0.769,0.769,1.194099,False,Fixed baseline.
SyntheticLightOverlap_05,SyntheticLightOverlap,1,fixed_separated_whisper,separated_whisper,fixed baseline: always choose separated_whisper,2,2,2,24,50,50,2.083333,0,0,0.644,0.769,0.769,1.194099,False,Fixed baseline.
SyntheticLightOverlap_05,SyntheticLightOverlap,1,fixed_separated_whisper_cleaned,separated_whisper_cleaned,fixed baseline: always choose separated_whisper_cleaned,2,2,2,24,50,50,2.083333,0,0,0.644,0.769,0.769,1.194099,False,Fixed baseline.
SyntheticLightOverlap_05,SyntheticLightOverlap,1,oracle_best,oracle_best,oracle upper bound: choose the lowest-CER method per sample/case,2,2,2,24,50,50,2.083333,0,0,0.644,0.769,0.769,1.194099,False,Oracle upper bound only; not a deployable strategy.
SyntheticLightOverlap_05,SyntheticLightOverlap,1,v1_overlap_only,mixed_whisper,"if overlap_level in [1, 2], choose mixed_whisper",2,2,2,24,50,50,2.083333,0,0,0.644,0.769,0.769,1.194099,False,Router uses observable transcript instability features only; CER is reserved for evaluation.
SyntheticLightOverlap_05,SyntheticLightOverlap,1,length_ratio_only,mixed_whisper,separated transcript is length-inflated; fall back to mixed_whisper,2,2,2,24,50,50,2.083333,0,0,0.644,0.769,0.769,1.194099,False,Router uses observable transcript instability features only; CER is reserved for evaluation.
SyntheticLightOverlap_05,SyntheticLightOverlap,1,repetition_only,mixed_whisper,"repetition_count is low; reuse v1 rule (if overlap_level in [1, 2], choose mixed_whisper)",2,2,2,24,50,50,2.083333,0,0,0.644,0.769,0.769,1.194099,False,Router uses observable transcript instability features only; CER is reserved for evaluation.
SyntheticLightOverlap_05,SyntheticLightOverlap,1,removed_count_only,mixed_whisper,"duplicate_removed_count is low; reuse v1 rule (if overlap_level in [1, 2], choose mixed_whisper)",2,2,2,24,50,50,2.083333,0,0,0.644,0.769,0.769,1.194099,False,Router uses observable transcript instability features only; CER is reserved for evaluation.
SyntheticLightOverlap_05,SyntheticLightOverlap,1,length_plus_repetition,mixed_whisper,length inflation or repetition is high; fall back to mixed_whisper,2,2,2,24,50,50,2.083333,0,0,0.644,0.769,0.769,1.194099,False,Router uses observable transcript instability features only; CER is reserved for evaluation.
SyntheticLightOverlap_05,SyntheticLightOverlap,1,v2_full_features,mixed_whisper,"overlap_level in [1,2]; choose mixed_whisper",2,2,2,24,50,50,2.083333,0,0,0.644,0.769,0.769,1.194099,False,Router uses observable transcript instability features only; CER is reserved for evaluation.
SyntheticMidOverlap_01,SyntheticMidOverlap,2,fixed_mixed_whisper,mixed_whisper,fixed baseline: always choose mixed_whisper,2,2,2,31,58,58,1.870968,0,0,0.818,1.031,1.031,1.260391,False,Fixed baseline.
SyntheticMidOverlap_01,SyntheticMidOverlap,2,fixed_separated_whisper,separated_whisper,fixed baseline: always choose separated_whisper,2,2,2,31,58,58,1.870968,0,0,0.818,1.031,1.031,1.260391,False,Fixed baseline.
SyntheticMidOverlap_01,SyntheticMidOverlap,2,fixed_separated_whisper_cleaned,separated_whisper_cleaned,fixed baseline: always choose separated_whisper_cleaned,2,2,2,31,58,58,1.870968,0,0,0.818,1.031,1.031,1.260391,False,Fixed baseline.
SyntheticMidOverlap_01,SyntheticMidOverlap,2,oracle_best,oracle_best,oracle upper bound: choose the lowest-CER method per sample/case,2,2,2,31,58,58,1.870968,0,0,0.818,1.031,1.031,1.260391,False,Oracle upper bound only; not a deployable strategy.
SyntheticMidOverlap_01,SyntheticMidOverlap,2,v1_overlap_only,mixed_whisper,"if overlap_level in [1, 2], choose mixed_whisper",2,2,2,31,58,58,1.870968,0,0,0.818,1.031,1.031,1.260391,False,Router uses observable transcript instability features only; CER is reserved for evaluation.
SyntheticMidOverlap_01,SyntheticMidOverlap,2,length_ratio_only,mixed_whisper,separated transcript is length-inflated; fall back to mixed_whisper,2,2,2,31,58,58,1.870968,0,0,0.818,1.031,1.031,1.260391,False,Router uses observable transcript instability features only; CER is reserved for evaluation.
SyntheticMidOverlap_01,SyntheticMidOverlap,2,repetition_only,mixed_whisper,"repetition_count is low; reuse v1 rule (if overlap_level in [1, 2], choose mixed_whisper)",2,2,2,31,58,58,1.870968,0,0,0.818,1.031,1.031,1.260391,False,Router uses observable transcript instability features only; CER is reserved for evaluation.
SyntheticMidOverlap_01,SyntheticMidOverlap,2,removed_count_only,mixed_whisper,"duplicate_removed_count is low; reuse v1 rule (if overlap_level in [1, 2], choose mixed_whisper)",2,2,2,31,58,58,1.870968,0,0,0.818,1.031,1.031,1.260391,False,Router uses observable transcript instability features only; CER is reserved for evaluation.
SyntheticMidOverlap_01,SyntheticMidOverlap,2,length_plus_repetition,mixed_whisper,length inflation or repetition is high; fall back to mixed_whisper,2,2,2,31,58,58,1.870968,0,0,0.818,1.031,1.031,1.260391,False,Router uses observable transcript instability features only; CER is reserved for evaluation.
SyntheticMidOverlap_01,SyntheticMidOverlap,2,v2_full_features,mixed_whisper,"overlap_level in [1,2]; choose mixed_whisper",2,2,2,31,58,58,1.870968,0,0,0.818,1.031,1.031,1.260391,False,Router uses observable transcript instability features only; CER is reserved for evaluation.
SyntheticMidOverlap_02,SyntheticMidOverlap,2,fixed_mixed_whisper,mixed_whisper,fixed baseline: always choose mixed_whisper,2,2,2,30,51,51,1.7,0,0,0.753,0.852,0.852,1.131474,False,Fixed baseline.
SyntheticMidOverlap_02,SyntheticMidOverlap,2,fixed_separated_whisper,separated_whisper,fixed baseline: always choose separated_whisper,2,2,2,30,51,51,1.7,0,0,0.753,0.852,0.852,1.131474,False,Fixed baseline.
SyntheticMidOverlap_02,SyntheticMidOverlap,2,fixed_separated_whisper_cleaned,separated_whisper_cleaned,fixed baseline: always choose separated_whisper_cleaned,2,2,2,30,51,51,1.7,0,0,0.753,0.852,0.852,1.131474,False,Fixed baseline.
SyntheticMidOverlap_02,SyntheticMidOverlap,2,oracle_best,oracle_best,oracle upper bound: choose the lowest-CER method per sample/case,2,2,2,30,51,51,1.7,0,0,0.753,0.852,0.852,1.131474,False,Oracle upper bound only; not a deployable strategy.
SyntheticMidOverlap_02,SyntheticMidOverlap,2,v1_overlap_only,mixed_whisper,"if overlap_level in [1, 2], choose mixed_whisper",2,2,2,30,51,51,1.7,0,0,0.753,0.852,0.852,1.131474,False,Router uses observable transcript instability features only; CER is reserved for evaluation.
SyntheticMidOverlap_02,SyntheticMidOverlap,2,length_ratio_only,mixed_whisper,separated transcript is length-inflated; fall back to mixed_whisper,2,2,2,30,51,51,1.7,0,0,0.753,0.852,0.852,1.131474,False,Router uses observable transcript instability features only; CER is reserved for evaluation.
SyntheticMidOverlap_02,SyntheticMidOverlap,2,repetition_only,mixed_whisper,"repetition_count is low; reuse v1 rule (if overlap_level in [1, 2], choose mixed_whisper)",2,2,2,30,51,51,1.7,0,0,0.753,0.852,0.852,1.131474,False,Router uses observable transcript instability features only; CER is reserved for evaluation.
SyntheticMidOverlap_02,SyntheticMidOverlap,2,removed_count_only,mixed_whisper,"duplicate_removed_count is low; reuse v1 rule (if overlap_level in [1, 2], choose mixed_whisper)",2,2,2,30,51,51,1.7,0,0,0.753,0.852,0.852,1.131474,False,Router uses observable transcript instability features only; CER is reserved for evaluation.
SyntheticMidOverlap_02,SyntheticMidOverlap,2,length_plus_repetition,mixed_whisper,length inflation or repetition is high; fall back to mixed_whisper,2,2,2,30,51,51,1.7,0,0,0.753,0.852,0.852,1.131474,False,Router uses observable transcript instability features only; CER is reserved for evaluation.
SyntheticMidOverlap_02,SyntheticMidOverlap,2,v2_full_features,mixed_whisper,"overlap_level in [1,2]; choose mixed_whisper",2,2,2,30,51,51,1.7,0,0,0.753,0.852,0.852,1.131474,False,Router uses observable transcript instability features only; CER is reserved for evaluation.
SyntheticMidOverlap_03,SyntheticMidOverlap,2,fixed_mixed_whisper,mixed_whisper,fixed baseline: always choose mixed_whisper,3,2,2,22,41,41,1.863636,0,0,0.63,0.654,0.654,1.038095,False,Fixed baseline.
SyntheticMidOverlap_03,SyntheticMidOverlap,2,fixed_separated_whisper,separated_whisper,fixed baseline: always choose separated_whisper,3,2,2,22,41,41,1.863636,0,0,0.63,0.654,0.654,1.038095,False,Fixed baseline.
SyntheticMidOverlap_03,SyntheticMidOverlap,2,fixed_separated_whisper_cleaned,separated_whisper_cleaned,fixed baseline: always choose separated_whisper_cleaned,3,2,2,22,41,41,1.863636,0,0,0.63,0.654,0.654,1.038095,False,Fixed baseline.
SyntheticMidOverlap_03,SyntheticMidOverlap,2,oracle_best,oracle_best,oracle upper bound: choose the lowest-CER method per sample/case,3,2,2,22,41,41,1.863636,0,0,0.63,0.654,0.654,1.038095,False,Oracle upper bound only; not a deployable strategy.
SyntheticMidOverlap_03,SyntheticMidOverlap,2,v1_overlap_only,mixed_whisper,"if overlap_level in [1, 2], choose mixed_whisper",3,2,2,22,41,41,1.863636,0,0,0.63,0.654,0.654,1.038095,False,Router uses observable transcript instability features only; CER is reserved for evaluation.
SyntheticMidOverlap_03,SyntheticMidOverlap,2,length_ratio_only,mixed_whisper,separated transcript is length-inflated; fall back to mixed_whisper,3,2,2,22,41,41,1.863636,0,0,0.63,0.654,0.654,1.038095,False,Router uses observable transcript instability features only; CER is reserved for evaluation.
SyntheticMidOverlap_03,SyntheticMidOverlap,2,repetition_only,mixed_whisper,"repetition_count is low; reuse v1 rule (if overlap_level in [1, 2], choose mixed_whisper)",3,2,2,22,41,41,1.863636,0,0,0.63,0.654,0.654,1.038095,False,Router uses observable transcript instability features only; CER is reserved for evaluation.
SyntheticMidOverlap_03,SyntheticMidOverlap,2,removed_count_only,mixed_whisper,"duplicate_removed_count is low; reuse v1 rule (if overlap_level in [1, 2], choose mixed_whisper)",3,2,2,22,41,41,1.863636,0,0,0.63,0.654,0.654,1.038095,False,Router uses observable transcript instability features only; CER is reserved for evaluation.
SyntheticMidOverlap_03,SyntheticMidOverlap,2,length_plus_repetition,mixed_whisper,length inflation or repetition is high; fall back to mixed_whisper,3,2,2,22,41,41,1.863636,0,0,0.63,0.654,0.654,1.038095,False,Router uses observable transcript instability features only; CER is reserved for evaluation.
SyntheticMidOverlap_03,SyntheticMidOverlap,2,v2_full_features,mixed_whisper,"overlap_level in [1,2]; choose mixed_whisper",3,2,2,22,41,41,1.863636,0,0,0.63,0.654,0.654,1.038095,False,Router uses observable transcript instability features only; CER is reserved for evaluation.
SyntheticMidOverlap_04,SyntheticMidOverlap,2,fixed_mixed_whisper,mixed_whisper,fixed baseline: always choose mixed_whisper,1,2,2,11,43,43,3.909091,0,0,0.347,0.606,0.606,1.746398,False,Fixed baseline.
SyntheticMidOverlap_04,SyntheticMidOverlap,2,fixed_separated_whisper,separated_whisper,fixed baseline: always choose separated_whisper,1,2,2,11,43,43,3.909091,0,0,0.347,0.606,0.606,1.746398,False,Fixed baseline.
SyntheticMidOverlap_04,SyntheticMidOverlap,2,fixed_separated_whisper_cleaned,separated_whisper_cleaned,fixed baseline: always choose separated_whisper_cleaned,1,2,2,11,43,43,3.909091,0,0,0.347,0.606,0.606,1.746398,False,Fixed baseline.
SyntheticMidOverlap_04,SyntheticMidOverlap,2,oracle_best,oracle_best,oracle upper bound: choose the lowest-CER method per sample/case,1,2,2,11,43,43,3.909091,0,0,0.347,0.606,0.606,1.746398,False,Oracle upper bound only; not a deployable strategy.
SyntheticMidOverlap_04,SyntheticMidOverlap,2,v1_overlap_only,mixed_whisper,"if overlap_level in [1, 2], choose mixed_whisper",1,2,2,11,43,43,3.909091,0,0,0.347,0.606,0.606,1.746398,False,Router uses observable transcript instability features only; CER is reserved for evaluation.
SyntheticMidOverlap_04,SyntheticMidOverlap,2,length_ratio_only,mixed_whisper,separated transcript is length-inflated; fall back to mixed_whisper,1,2,2,11,43,43,3.909091,0,0,0.347,0.606,0.606,1.746398,False,Router uses observable transcript instability features only; CER is reserved for evaluation.
SyntheticMidOverlap_04,SyntheticMidOverlap,2,repetition_only,mixed_whisper,"repetition_count is low; reuse v1 rule (if overlap_level in [1, 2], choose mixed_whisper)",1,2,2,11,43,43,3.909091,0,0,0.347,0.606,0.606,1.746398,False,Router uses observable transcript instability features only; CER is reserved for evaluation.
SyntheticMidOverlap_04,SyntheticMidOverlap,2,removed_count_only,mixed_whisper,"duplicate_removed_count is low; reuse v1 rule (if overlap_level in [1, 2], choose mixed_whisper)",1,2,2,11,43,43,3.909091,0,0,0.347,0.606,0.606,1.746398,False,Router uses observable transcript instability features only; CER is reserved for evaluation.
SyntheticMidOverlap_04,SyntheticMidOverlap,2,length_plus_repetition,mixed_whisper,length inflation or repetition is high; fall back to mixed_whisper,1,2,2,11,43,43,3.909091,0,0,0.347,0.606,0.606,1.746398,False,Router uses observable transcript instability features only; CER is reserved for evaluation.
SyntheticMidOverlap_04,SyntheticMidOverlap,2,v2_full_features,mixed_whisper,"overlap_level in [1,2]; choose mixed_whisper",1,2,2,11,43,43,3.909091,0,0,0.347,0.606,0.606,1.746398,False,Router uses observable transcript instability features only; CER is reserved for evaluation.
SyntheticMidOverlap_05,SyntheticMidOverlap,2,fixed_mixed_whisper,mixed_whisper,fixed baseline: always choose mixed_whisper,2,2,2,25,50,50,2.0,0,0,0.702,0.854,0.854,1.216524,False,Fixed baseline.
SyntheticMidOverlap_05,SyntheticMidOverlap,2,fixed_separated_whisper,separated_whisper,fixed baseline: always choose separated_whisper,2,2,2,25,50,50,2.0,0,0,0.702,0.854,0.854,1.216524,False,Fixed baseline.
SyntheticMidOverlap_05,SyntheticMidOverlap,2,fixed_separated_whisper_cleaned,separated_whisper_cleaned,fixed baseline: always choose separated_whisper_cleaned,2,2,2,25,50,50,2.0,0,0,0.702,0.854,0.854,1.216524,False,Fixed baseline.
SyntheticMidOverlap_05,SyntheticMidOverlap,2,oracle_best,oracle_best,oracle upper bound: choose the lowest-CER method per sample/case,2,2,2,25,50,50,2.0,0,0,0.702,0.854,0.854,1.216524,False,Oracle upper bound only; not a deployable strategy.
SyntheticMidOverlap_05,SyntheticMidOverlap,2,v1_overlap_only,mixed_whisper,"if overlap_level in [1, 2], choose mixed_whisper",2,2,2,25,50,50,2.0,0,0,0.702,0.854,0.854,1.216524,False,Router uses observable transcript instability features only; CER is reserved for evaluation.
SyntheticMidOverlap_05,SyntheticMidOverlap,2,length_ratio_only,mixed_whisper,separated transcript is length-inflated; fall back to mixed_whisper,2,2,2,25,50,50,2.0,0,0,0.702,0.854,0.854,1.216524,False,Router uses observable transcript instability features only; CER is reserved for evaluation.
SyntheticMidOverlap_05,SyntheticMidOverlap,2,repetition_only,mixed_whisper,"repetition_count is low; reuse v1 rule (if overlap_level in [1, 2], choose mixed_whisper)",2,2,2,25,50,50,2.0,0,0,0.702,0.854,0.854,1.216524,False,Router uses observable transcript instability features only; CER is reserved for evaluation.
SyntheticMidOverlap_05,SyntheticMidOverlap,2,removed_count_only,mixed_whisper,"duplicate_removed_count is low; reuse v1 rule (if overlap_level in [1, 2], choose mixed_whisper)",2,2,2,25,50,50,2.0,0,0,0.702,0.854,0.854,1.216524,False,Router uses observable transcript instability features only; CER is reserved for evaluation.
SyntheticMidOverlap_05,SyntheticMidOverlap,2,length_plus_repetition,mixed_whisper,length inflation or repetition is high; fall back to mixed_whisper,2,2,2,25,50,50,2.0,0,0,0.702,0.854,0.854,1.216524,False,Router uses observable transcript instability features only; CER is reserved for evaluation.
SyntheticMidOverlap_05,SyntheticMidOverlap,2,v2_full_features,mixed_whisper,"overlap_level in [1,2]; choose mixed_whisper",2,2,2,25,50,50,2.0,0,0,0.702,0.854,0.854,1.216524,False,Router uses observable transcript instability features only; CER is reserved for evaluation.
SyntheticHeavyOverlap_01,SyntheticHeavyOverlap,3,fixed_mixed_whisper,mixed_whisper,fixed baseline: always choose mixed_whisper,3,2,2,27,58,58,2.148148,0,0,0.762,0.983,0.983,1.290026,False,Fixed baseline.
SyntheticHeavyOverlap_01,SyntheticHeavyOverlap,3,fixed_separated_whisper,separated_whisper,fixed baseline: always choose separated_whisper,3,2,2,27,58,58,2.148148,0,0,0.762,0.983,0.983,1.290026,False,Fixed baseline.
SyntheticHeavyOverlap_01,SyntheticHeavyOverlap,3,fixed_separated_whisper_cleaned,separated_whisper_cleaned,fixed baseline: always choose separated_whisper_cleaned,3,2,2,27,58,58,2.148148,0,0,0.762,0.983,0.983,1.290026,False,Fixed baseline.
SyntheticHeavyOverlap_01,SyntheticHeavyOverlap,3,oracle_best,oracle_best,oracle upper bound: choose the lowest-CER method per sample/case,3,2,2,27,58,58,2.148148,0,0,0.762,0.983,0.983,1.290026,False,Oracle upper bound only; not a deployable strategy.
SyntheticHeavyOverlap_01,SyntheticHeavyOverlap,3,v1_overlap_only,separated_whisper,"if overlap_level >= 3, choose separated_whisper",3,2,2,27,58,58,2.148148,0,0,0.762,0.983,0.983,1.290026,False,Router uses observable transcript instability features only; CER is reserved for evaluation.
SyntheticHeavyOverlap_01,SyntheticHeavyOverlap,3,length_ratio_only,mixed_whisper,separated transcript is length-inflated; fall back to mixed_whisper,3,2,2,27,58,58,2.148148,0,0,0.762,0.983,0.983,1.290026,False,Router uses observable transcript instability features only; CER is reserved for evaluation.
SyntheticHeavyOverlap_01,SyntheticHeavyOverlap,3,repetition_only,separated_whisper,"repetition_count is low; reuse v1 rule (if overlap_level >= 3, choose separated_whisper)",3,2,2,27,58,58,2.148148,0,0,0.762,0.983,0.983,1.290026,False,Router uses observable transcript instability features only; CER is reserved for evaluation.
SyntheticHeavyOverlap_01,SyntheticHeavyOverlap,3,removed_count_only,separated_whisper,"duplicate_removed_count is low; reuse v1 rule (if overlap_level >= 3, choose separated_whisper)",3,2,2,27,58,58,2.148148,0,0,0.762,0.983,0.983,1.290026,False,Router uses observable transcript instability features only; CER is reserved for evaluation.
SyntheticHeavyOverlap_01,SyntheticHeavyOverlap,3,length_plus_repetition,mixed_whisper,length inflation or repetition is high; fall back to mixed_whisper,3,2,2,27,58,58,2.148148,0,0,0.762,0.983,0.983,1.290026,False,Router uses observable transcript instability features only; CER is reserved for evaluation.
SyntheticHeavyOverlap_01,SyntheticHeavyOverlap,3,v2_full_features,separated_whisper,overlap_level>=3 and separated looks usable; choose separated_whisper,3,2,2,27,58,58,2.148148,0,0,0.762,0.983,0.983,1.290026,False,Router uses observable transcript instability features only; CER is reserved for evaluation.
SyntheticHeavyOverlap_02,SyntheticHeavyOverlap,3,fixed_mixed_whisper,mixed_whisper,fixed baseline: always choose mixed_whisper,2,2,2,27,51,51,1.888889,0,0,0.684,0.828,0.828,1.210526,False,Fixed baseline.
SyntheticHeavyOverlap_02,SyntheticHeavyOverlap,3,fixed_separated_whisper,separated_whisper,fixed baseline: always choose separated_whisper,2,2,2,27,51,51,1.888889,0,0,0.684,0.828,0.828,1.210526,False,Fixed baseline.
SyntheticHeavyOverlap_02,SyntheticHeavyOverlap,3,fixed_separated_whisper_cleaned,separated_whisper_cleaned,fixed baseline: always choose separated_whisper_cleaned,2,2,2,27,51,51,1.888889,0,0,0.684,0.828,0.828,1.210526,False,Fixed baseline.
SyntheticHeavyOverlap_02,SyntheticHeavyOverlap,3,oracle_best,oracle_best,oracle upper bound: choose the lowest-CER method per sample/case,2,2,2,27,51,51,1.888889,0,0,0.684,0.828,0.828,1.210526,False,Oracle upper bound only; not a deployable strategy.
SyntheticHeavyOverlap_02,SyntheticHeavyOverlap,3,v1_overlap_only,separated_whisper,"if overlap_level >= 3, choose separated_whisper",2,2,2,27,51,51,1.888889,0,0,0.684,0.828,0.828,1.210526,False,Router uses observable transcript instability features only; CER is reserved for evaluation.
SyntheticHeavyOverlap_02,SyntheticHeavyOverlap,3,length_ratio_only,mixed_whisper,separated transcript is length-inflated; fall back to mixed_whisper,2,2,2,27,51,51,1.888889,0,0,0.684,0.828,0.828,1.210526,False,Router uses observable transcript instability features only; CER is reserved for evaluation.
SyntheticHeavyOverlap_02,SyntheticHeavyOverlap,3,repetition_only,separated_whisper,"repetition_count is low; reuse v1 rule (if overlap_level >= 3, choose separated_whisper)",2,2,2,27,51,51,1.888889,0,0,0.684,0.828,0.828,1.210526,False,Router uses observable transcript instability features only; CER is reserved for evaluation.
SyntheticHeavyOverlap_02,SyntheticHeavyOverlap,3,removed_count_only,separated_whisper,"duplicate_removed_count is low; reuse v1 rule (if overlap_level >= 3, choose separated_whisper)",2,2,2,27,51,51,1.888889,0,0,0.684,0.828,0.828,1.210526,False,Router uses observable transcript instability features only; CER is reserved for evaluation.
SyntheticHeavyOverlap_02,SyntheticHeavyOverlap,3,length_plus_repetition,mixed_whisper,length inflation or repetition is high; fall back to mixed_whisper,2,2,2,27,51,51,1.888889,0,0,0.684,0.828,0.828,1.210526,False,Router uses observable transcript instability features only; CER is reserved for evaluation.
SyntheticHeavyOverlap_02,SyntheticHeavyOverlap,3,v2_full_features,separated_whisper,overlap_level>=3 and separated looks usable; choose separated_whisper,2,2,2,27,51,51,1.888889,0,0,0.684,0.828,0.828,1.210526,False,Router uses observable transcript instability features only; CER is reserved for evaluation.
SyntheticHeavyOverlap_03,SyntheticHeavyOverlap,3,fixed_mixed_whisper,mixed_whisper,fixed baseline: always choose mixed_whisper,3,2,2,16,41,41,2.5625,0,0,0.675,0.684,0.684,1.013333,False,Fixed baseline.
SyntheticHeavyOverlap_03,SyntheticHeavyOverlap,3,fixed_separated_whisper,separated_whisper,fixed baseline: always choose separated_whisper,3,2,2,16,41,41,2.5625,0,0,0.675,0.684,0.684,1.013333,False,Fixed baseline.
SyntheticHeavyOverlap_03,SyntheticHeavyOverlap,3,fixed_separated_whisper_cleaned,separated_whisper_cleaned,fixed baseline: always choose separated_whisper_cleaned,3,2,2,16,41,41,2.5625,0,0,0.675,0.684,0.684,1.013333,False,Fixed baseline.
SyntheticHeavyOverlap_03,SyntheticHeavyOverlap,3,oracle_best,oracle_best,oracle upper bound: choose the lowest-CER method per sample/case,3,2,2,16,41,41,2.5625,0,0,0.675,0.684,0.684,1.013333,False,Oracle upper bound only; not a deployable strategy.
SyntheticHeavyOverlap_03,SyntheticHeavyOverlap,3,v1_overlap_only,separated_whisper,"if overlap_level >= 3, choose separated_whisper",3,2,2,16,41,41,2.5625,0,0,0.675,0.684,0.684,1.013333,False,Router uses observable transcript instability features only; CER is reserved for evaluation.
SyntheticHeavyOverlap_03,SyntheticHeavyOverlap,3,length_ratio_only,mixed_whisper,separated transcript is length-inflated; fall back to mixed_whisper,3,2,2,16,41,41,2.5625,0,0,0.675,0.684,0.684,1.013333,False,Router uses observable transcript instability features only; CER is reserved for evaluation.
SyntheticHeavyOverlap_03,SyntheticHeavyOverlap,3,repetition_only,separated_whisper,"repetition_count is low; reuse v1 rule (if overlap_level >= 3, choose separated_whisper)",3,2,2,16,41,41,2.5625,0,0,0.675,0.684,0.684,1.013333,False,Router uses observable transcript instability features only; CER is reserved for evaluation.
SyntheticHeavyOverlap_03,SyntheticHeavyOverlap,3,removed_count_only,separated_whisper,"duplicate_removed_count is low; reuse v1 rule (if overlap_level >= 3, choose separated_whisper)",3,2,2,16,41,41,2.5625,0,0,0.675,0.684,0.684,1.013333,False,Router uses observable transcript instability features only; CER is reserved for evaluation.
SyntheticHeavyOverlap_03,SyntheticHeavyOverlap,3,length_plus_repetition,mixed_whisper,length inflation or repetition is high; fall back to mixed_whisper,3,2,2,16,41,41,2.5625,0,0,0.675,0.684,0.684,1.013333,False,Router uses observable transcript instability features only; CER is reserved for evaluation.
SyntheticHeavyOverlap_03,SyntheticHeavyOverlap,3,v2_full_features,separated_whisper,overlap_level>=3 and separated looks usable; choose separated_whisper,3,2,2,16,41,41,2.5625,0,0,0.675,0.684,0.684,1.013333,False,Router uses observable transcript instability features only; CER is reserved for evaluation.
SyntheticHeavyOverlap_04,SyntheticHeavyOverlap,3,fixed_mixed_whisper,mixed_whisper,fixed baseline: always choose mixed_whisper,2,2,2,16,43,43,2.6875,0,0,0.548,0.651,0.651,1.187956,False,Fixed baseline.
SyntheticHeavyOverlap_04,SyntheticHeavyOverlap,3,fixed_separated_whisper,separated_whisper,fixed baseline: always choose separated_whisper,2,2,2,16,43,43,2.6875,0,0,0.548,0.651,0.651,1.187956,False,Fixed baseline.
SyntheticHeavyOverlap_04,SyntheticHeavyOverlap,3,fixed_separated_whisper_cleaned,separated_whisper_cleaned,fixed baseline: always choose separated_whisper_cleaned,2,2,2,16,43,43,2.6875,0,0,0.548,0.651,0.651,1.187956,False,Fixed baseline.
SyntheticHeavyOverlap_04,SyntheticHeavyOverlap,3,oracle_best,oracle_best,oracle upper bound: choose the lowest-CER method per sample/case,2,2,2,16,43,43,2.6875,0,0,0.548,0.651,0.651,1.187956,False,Oracle upper bound only; not a deployable strategy.
SyntheticHeavyOverlap_04,SyntheticHeavyOverlap,3,v1_overlap_only,separated_whisper,"if overlap_level >= 3, choose separated_whisper",2,2,2,16,43,43,2.6875,0,0,0.548,0.651,0.651,1.187956,False,Router uses observable transcript instability features only; CER is reserved for evaluation.
SyntheticHeavyOverlap_04,SyntheticHeavyOverlap,3,length_ratio_only,mixed_whisper,separated transcript is length-inflated; fall back to mixed_whisper,2,2,2,16,43,43,2.6875,0,0,0.548,0.651,0.651,1.187956,False,Router uses observable transcript instability features only; CER is reserved for evaluation.
SyntheticHeavyOverlap_04,SyntheticHeavyOverlap,3,repetition_only,separated_whisper,"repetition_count is low; reuse v1 rule (if overlap_level >= 3, choose separated_whisper)",2,2,2,16,43,43,2.6875,0,0,0.548,0.651,0.651,1.187956,False,Router uses observable transcript instability features only; CER is reserved for evaluation.
SyntheticHeavyOverlap_04,SyntheticHeavyOverlap,3,removed_count_only,separated_whisper,"duplicate_removed_count is low; reuse v1 rule (if overlap_level >= 3, choose separated_whisper)",2,2,2,16,43,43,2.6875,0,0,0.548,0.651,0.651,1.187956,False,Router uses observable transcript instability features only; CER is reserved for evaluation.
SyntheticHeavyOverlap_04,SyntheticHeavyOverlap,3,length_plus_repetition,mixed_whisper,length inflation or repetition is high; fall back to mixed_whisper,2,2,2,16,43,43,2.6875,0,0,0.548,0.651,0.651,1.187956,False,Router uses observable transcript instability features only; CER is reserved for evaluation.
SyntheticHeavyOverlap_04,SyntheticHeavyOverlap,3,v2_full_features,separated_whisper,overlap_level>=3 and separated looks usable; choose separated_whisper,2,2,2,16,43,43,2.6875,0,0,0.548,0.651,0.651,1.187956,False,Router uses observable transcript instability features only; CER is reserved for evaluation.
SyntheticHeavyOverlap_05,SyntheticHeavyOverlap,3,fixed_mixed_whisper,mixed_whisper,fixed baseline: always choose mixed_whisper,1,2,2,9,50,50,5.555556,0,0,0.357,0.757,0.757,2.120448,False,Fixed baseline.
SyntheticHeavyOverlap_05,SyntheticHeavyOverlap,3,fixed_separated_whisper,separated_whisper,fixed baseline: always choose separated_whisper,1,2,2,9,50,50,5.555556,0,0,0.357,0.757,0.757,2.120448,False,Fixed baseline.
SyntheticHeavyOverlap_05,SyntheticHeavyOverlap,3,fixed_separated_whisper_cleaned,separated_whisper_cleaned,fixed baseline: always choose separated_whisper_cleaned,1,2,2,9,50,50,5.555556,0,0,0.357,0.757,0.757,2.120448,False,Fixed baseline.
SyntheticHeavyOverlap_05,SyntheticHeavyOverlap,3,oracle_best,oracle_best,oracle upper bound: choose the lowest-CER method per sample/case,1,2,2,9,50,50,5.555556,0,0,0.357,0.757,0.757,2.120448,False,Oracle upper bound only; not a deployable strategy.
SyntheticHeavyOverlap_05,SyntheticHeavyOverlap,3,v1_overlap_only,separated_whisper,"if overlap_level >= 3, choose separated_whisper",1,2,2,9,50,50,5.555556,0,0,0.357,0.757,0.757,2.120448,False,Router uses observable transcript instability features only; CER is reserved for evaluation.
SyntheticHeavyOverlap_05,SyntheticHeavyOverlap,3,length_ratio_only,mixed_whisper,separated transcript is length-inflated; fall back to mixed_whisper,1,2,2,9,50,50,5.555556,0,0,0.357,0.757,0.757,2.120448,False,Router uses observable transcript instability features only; CER is reserved for evaluation.
SyntheticHeavyOverlap_05,SyntheticHeavyOverlap,3,repetition_only,separated_whisper,"repetition_count is low; reuse v1 rule (if overlap_level >= 3, choose separated_whisper)",1,2,2,9,50,50,5.555556,0,0,0.357,0.757,0.757,2.120448,False,Router uses observable transcript instability features only; CER is reserved for evaluation.
SyntheticHeavyOverlap_05,SyntheticHeavyOverlap,3,removed_count_only,separated_whisper,"duplicate_removed_count is low; reuse v1 rule (if overlap_level >= 3, choose separated_whisper)",1,2,2,9,50,50,5.555556,0,0,0.357,0.757,0.757,2.120448,False,Router uses observable transcript instability features only; CER is reserved for evaluation.
SyntheticHeavyOverlap_05,SyntheticHeavyOverlap,3,length_plus_repetition,mixed_whisper,length inflation or repetition is high; fall back to mixed_whisper,1,2,2,9,50,50,5.555556,0,0,0.357,0.757,0.757,2.120448,False,Router uses observable transcript instability features only; CER is reserved for evaluation.
SyntheticHeavyOverlap_05,SyntheticHeavyOverlap,3,v2_full_features,separated_whisper,overlap_level>=3 and separated looks usable; choose separated_whisper,1,2,2,9,50,50,5.555556,0,0,0.357,0.757,0.757,2.120448,False,Router uses observable transcript instability features only; CER is reserved for evaluation.
SyntheticOppositeOverlap_01,SyntheticOppositeOverlap,4,fixed_mixed_whisper,mixed_whisper,fixed baseline: always choose mixed_whisper,2,2,2,32,58,58,1.8125,0,0,0.804,0.907,0.907,1.128109,False,Fixed baseline.
SyntheticOppositeOverlap_01,SyntheticOppositeOverlap,4,fixed_separated_whisper,separated_whisper,fixed baseline: always choose separated_whisper,2,2,2,32,58,58,1.8125,0,0,0.804,0.907,0.907,1.128109,False,Fixed baseline.
SyntheticOppositeOverlap_01,SyntheticOppositeOverlap,4,fixed_separated_whisper_cleaned,separated_whisper_cleaned,fixed baseline: always choose separated_whisper_cleaned,2,2,2,32,58,58,1.8125,0,0,0.804,0.907,0.907,1.128109,False,Fixed baseline.
SyntheticOppositeOverlap_01,SyntheticOppositeOverlap,4,oracle_best,oracle_best,oracle upper bound: choose the lowest-CER method per sample/case,2,2,2,32,58,58,1.8125,0,0,0.804,0.907,0.907,1.128109,False,Oracle upper bound only; not a deployable strategy.
SyntheticOppositeOverlap_01,SyntheticOppositeOverlap,4,v1_overlap_only,separated_whisper,"if overlap_level >= 3, choose separated_whisper",2,2,2,32,58,58,1.8125,0,0,0.804,0.907,0.907,1.128109,False,Router uses observable transcript instability features only; CER is reserved for evaluation.
SyntheticOppositeOverlap_01,SyntheticOppositeOverlap,4,length_ratio_only,mixed_whisper,separated transcript is length-inflated; fall back to mixed_whisper,2,2,2,32,58,58,1.8125,0,0,0.804,0.907,0.907,1.128109,False,Router uses observable transcript instability features only; CER is reserved for evaluation.
SyntheticOppositeOverlap_01,SyntheticOppositeOverlap,4,repetition_only,separated_whisper,"repetition_count is low; reuse v1 rule (if overlap_level >= 3, choose separated_whisper)",2,2,2,32,58,58,1.8125,0,0,0.804,0.907,0.907,1.128109,False,Router uses observable transcript instability features only; CER is reserved for evaluation.
SyntheticOppositeOverlap_01,SyntheticOppositeOverlap,4,removed_count_only,separated_whisper,"duplicate_removed_count is low; reuse v1 rule (if overlap_level >= 3, choose separated_whisper)",2,2,2,32,58,58,1.8125,0,0,0.804,0.907,0.907,1.128109,False,Router uses observable transcript instability features only; CER is reserved for evaluation.
SyntheticOppositeOverlap_01,SyntheticOppositeOverlap,4,length_plus_repetition,mixed_whisper,length inflation or repetition is high; fall back to mixed_whisper,2,2,2,32,58,58,1.8125,0,0,0.804,0.907,0.907,1.128109,False,Router uses observable transcript instability features only; CER is reserved for evaluation.
SyntheticOppositeOverlap_01,SyntheticOppositeOverlap,4,v2_full_features,separated_whisper,overlap_level>=3 and separated looks usable; choose separated_whisper,2,2,2,32,58,58,1.8125,0,0,0.804,0.907,0.907,1.128109,False,Router uses observable transcript instability features only; CER is reserved for evaluation.
SyntheticOppositeOverlap_02,SyntheticOppositeOverlap,4,fixed_mixed_whisper,mixed_whisper,fixed baseline: always choose mixed_whisper,1,2,2,18,51,51,2.833333,0,0,0.488,0.843,0.843,1.727459,False,Fixed baseline.
SyntheticOppositeOverlap_02,SyntheticOppositeOverlap,4,fixed_separated_whisper,separated_whisper,fixed baseline: always choose separated_whisper,1,2,2,18,51,51,2.833333,0,0,0.488,0.843,0.843,1.727459,False,Fixed baseline.
SyntheticOppositeOverlap_02,SyntheticOppositeOverlap,4,fixed_separated_whisper_cleaned,separated_whisper_cleaned,fixed baseline: always choose separated_whisper_cleaned,1,2,2,18,51,51,2.833333,0,0,0.488,0.843,0.843,1.727459,False,Fixed baseline.
SyntheticOppositeOverlap_02,SyntheticOppositeOverlap,4,oracle_best,oracle_best,oracle upper bound: choose the lowest-CER method per sample/case,1,2,2,18,51,51,2.833333,0,0,0.488,0.843,0.843,1.727459,False,Oracle upper bound only; not a deployable strategy.
SyntheticOppositeOverlap_02,SyntheticOppositeOverlap,4,v1_overlap_only,separated_whisper,"if overlap_level >= 3, choose separated_whisper",1,2,2,18,51,51,2.833333,0,0,0.488,0.843,0.843,1.727459,False,Router uses observable transcript instability features only; CER is reserved for evaluation.
SyntheticOppositeOverlap_02,SyntheticOppositeOverlap,4,length_ratio_only,mixed_whisper,separated transcript is length-inflated; fall back to mixed_whisper,1,2,2,18,51,51,2.833333,0,0,0.488,0.843,0.843,1.727459,False,Router uses observable transcript instability features only; CER is reserved for evaluation.
SyntheticOppositeOverlap_02,SyntheticOppositeOverlap,4,repetition_only,separated_whisper,"repetition_count is low; reuse v1 rule (if overlap_level >= 3, choose separated_whisper)",1,2,2,18,51,51,2.833333,0,0,0.488,0.843,0.843,1.727459,False,Router uses observable transcript instability features only; CER is reserved for evaluation.
SyntheticOppositeOverlap_02,SyntheticOppositeOverlap,4,removed_count_only,separated_whisper,"duplicate_removed_count is low; reuse v1 rule (if overlap_level >= 3, choose separated_whisper)",1,2,2,18,51,51,2.833333,0,0,0.488,0.843,0.843,1.727459,False,Router uses observable transcript instability features only; CER is reserved for evaluation.
SyntheticOppositeOverlap_02,SyntheticOppositeOverlap,4,length_plus_repetition,mixed_whisper,length inflation or repetition is high; fall back to mixed_whisper,1,2,2,18,51,51,2.833333,0,0,0.488,0.843,0.843,1.727459,False,Router uses observable transcript instability features only; CER is reserved for evaluation.
SyntheticOppositeOverlap_02,SyntheticOppositeOverlap,4,v2_full_features,separated_whisper,overlap_level>=3 and separated looks usable; choose separated_whisper,1,2,2,18,51,51,2.833333,0,0,0.488,0.843,0.843,1.727459,False,Router uses observable transcript instability features only; CER is reserved for evaluation.
SyntheticOppositeOverlap_03,SyntheticOppositeOverlap,4,fixed_mixed_whisper,mixed_whisper,fixed baseline: always choose mixed_whisper,1,2,2,6,46,46,7.666667,0,0,0.286,0.753,0.753,2.632867,False,Fixed baseline.
SyntheticOppositeOverlap_03,SyntheticOppositeOverlap,4,fixed_separated_whisper,separated_whisper,fixed baseline: always choose separated_whisper,1,2,2,6,46,46,7.666667,0,0,0.286,0.753,0.753,2.632867,False,Fixed baseline.
SyntheticOppositeOverlap_03,SyntheticOppositeOverlap,4,fixed_separated_whisper_cleaned,separated_whisper_cleaned,fixed baseline: always choose separated_whisper_cleaned,1,2,2,6,46,46,7.666667,0,0,0.286,0.753,0.753,2.632867,False,Fixed baseline.
SyntheticOppositeOverlap_03,SyntheticOppositeOverlap,4,oracle_best,oracle_best,oracle upper bound: choose the lowest-CER method per sample/case,1,2,2,6,46,46,7.666667,0,0,0.286,0.753,0.753,2.632867,False,Oracle upper bound only; not a deployable strategy.
SyntheticOppositeOverlap_03,SyntheticOppositeOverlap,4,v1_overlap_only,separated_whisper,"if overlap_level >= 3, choose separated_whisper",1,2,2,6,46,46,7.666667,0,0,0.286,0.753,0.753,2.632867,False,Router uses observable transcript instability features only; CER is reserved for evaluation.
SyntheticOppositeOverlap_03,SyntheticOppositeOverlap,4,length_ratio_only,mixed_whisper,separated transcript is length-inflated; fall back to mixed_whisper,1,2,2,6,46,46,7.666667,0,0,0.286,0.753,0.753,2.632867,False,Router uses observable transcript instability features only; CER is reserved for evaluation.
SyntheticOppositeOverlap_03,SyntheticOppositeOverlap,4,repetition_only,separated_whisper,"repetition_count is low; reuse v1 rule (if overlap_level >= 3, choose separated_whisper)",1,2,2,6,46,46,7.666667,0,0,0.286,0.753,0.753,2.632867,False,Router uses observable transcript instability features only; CER is reserved for evaluation.
SyntheticOppositeOverlap_03,SyntheticOppositeOverlap,4,removed_count_only,separated_whisper,"duplicate_removed_count is low; reuse v1 rule (if overlap_level >= 3, choose separated_whisper)",1,2,2,6,46,46,7.666667,0,0,0.286,0.753,0.753,2.632867,False,Router uses observable transcript instability features only; CER is reserved for evaluation.
SyntheticOppositeOverlap_03,SyntheticOppositeOverlap,4,length_plus_repetition,mixed_whisper,length inflation or repetition is high; fall back to mixed_whisper,1,2,2,6,46,46,7.666667,0,0,0.286,0.753,0.753,2.632867,False,Router uses observable transcript instability features only; CER is reserved for evaluation.
SyntheticOppositeOverlap_03,SyntheticOppositeOverlap,4,v2_full_features,separated_whisper,overlap_level>=3 and separated looks usable; choose separated_whisper,1,2,2,6,46,46,7.666667,0,0,0.286,0.753,0.753,2.632867,False,Router uses observable transcript instability features only; CER is reserved for evaluation.
SyntheticOppositeOverlap_04,SyntheticOppositeOverlap,4,fixed_mixed_whisper,mixed_whisper,fixed baseline: always choose mixed_whisper,3,2,2,14,43,43,3.071429,0,0,0.497,0.646,0.646,1.299799,False,Fixed baseline.
SyntheticOppositeOverlap_04,SyntheticOppositeOverlap,4,fixed_separated_whisper,separated_whisper,fixed baseline: always choose separated_whisper,3,2,2,14,43,43,3.071429,0,0,0.497,0.646,0.646,1.299799,False,Fixed baseline.
SyntheticOppositeOverlap_04,SyntheticOppositeOverlap,4,fixed_separated_whisper_cleaned,separated_whisper_cleaned,fixed baseline: always choose separated_whisper_cleaned,3,2,2,14,43,43,3.071429,0,0,0.497,0.646,0.646,1.299799,False,Fixed baseline.
SyntheticOppositeOverlap_04,SyntheticOppositeOverlap,4,oracle_best,oracle_best,oracle upper bound: choose the lowest-CER method per sample/case,3,2,2,14,43,43,3.071429,0,0,0.497,0.646,0.646,1.299799,False,Oracle upper bound only; not a deployable strategy.
SyntheticOppositeOverlap_04,SyntheticOppositeOverlap,4,v1_overlap_only,separated_whisper,"if overlap_level >= 3, choose separated_whisper",3,2,2,14,43,43,3.071429,0,0,0.497,0.646,0.646,1.299799,False,Router uses observable transcript instability features only; CER is reserved for evaluation.
SyntheticOppositeOverlap_04,SyntheticOppositeOverlap,4,length_ratio_only,mixed_whisper,separated transcript is length-inflated; fall back to mixed_whisper,3,2,2,14,43,43,3.071429,0,0,0.497,0.646,0.646,1.299799,False,Router uses observable transcript instability features only; CER is reserved for evaluation.
SyntheticOppositeOverlap_04,SyntheticOppositeOverlap,4,repetition_only,separated_whisper,"repetition_count is low; reuse v1 rule (if overlap_level >= 3, choose separated_whisper)",3,2,2,14,43,43,3.071429,0,0,0.497,0.646,0.646,1.299799,False,Router uses observable transcript instability features only; CER is reserved for evaluation.
SyntheticOppositeOverlap_04,SyntheticOppositeOverlap,4,removed_count_only,separated_whisper,"duplicate_removed_count is low; reuse v1 rule (if overlap_level >= 3, choose separated_whisper)",3,2,2,14,43,43,3.071429,0,0,0.497,0.646,0.646,1.299799,False,Router uses observable transcript instability features only; CER is reserved for evaluation.
SyntheticOppositeOverlap_04,SyntheticOppositeOverlap,4,length_plus_repetition,mixed_whisper,length inflation or repetition is high; fall back to mixed_whisper,3,2,2,14,43,43,3.071429,0,0,0.497,0.646,0.646,1.299799,False,Router uses observable transcript instability features only; CER is reserved for evaluation.
SyntheticOppositeOverlap_04,SyntheticOppositeOverlap,4,v2_full_features,separated_whisper,overlap_level>=3 and separated looks usable; choose separated_whisper,3,2,2,14,43,43,3.071429,0,0,0.497,0.646,0.646,1.299799,False,Router uses observable transcript instability features only; CER is reserved for evaluation.
SyntheticOppositeOverlap_05,SyntheticOppositeOverlap,4,fixed_mixed_whisper,mixed_whisper,fixed baseline: always choose mixed_whisper,1,2,2,19,50,50,2.631579,0,0,0.481,0.798,0.798,1.659044,False,Fixed baseline.
SyntheticOppositeOverlap_05,SyntheticOppositeOverlap,4,fixed_separated_whisper,separated_whisper,fixed baseline: always choose separated_whisper,1,2,2,19,50,50,2.631579,0,0,0.481,0.798,0.798,1.659044,False,Fixed baseline.
SyntheticOppositeOverlap_05,SyntheticOppositeOverlap,4,fixed_separated_whisper_cleaned,separated_whisper_cleaned,fixed baseline: always choose separated_whisper_cleaned,1,2,2,19,50,50,2.631579,0,0,0.481,0.798,0.798,1.659044,False,Fixed baseline.
SyntheticOppositeOverlap_05,SyntheticOppositeOverlap,4,oracle_best,oracle_best,oracle upper bound: choose the lowest-CER method per sample/case,1,2,2,19,50,50,2.631579,0,0,0.481,0.798,0.798,1.659044,False,Oracle upper bound only; not a deployable strategy.
SyntheticOppositeOverlap_05,SyntheticOppositeOverlap,4,v1_overlap_only,separated_whisper,"if overlap_level >= 3, choose separated_whisper",1,2,2,19,50,50,2.631579,0,0,0.481,0.798,0.798,1.659044,False,Router uses observable transcript instability features only; CER is reserved for evaluation.
SyntheticOppositeOverlap_05,SyntheticOppositeOverlap,4,length_ratio_only,mixed_whisper,separated transcript is length-inflated; fall back to mixed_whisper,1,2,2,19,50,50,2.631579,0,0,0.481,0.798,0.798,1.659044,False,Router uses observable transcript instability features only; CER is reserved for evaluation.
SyntheticOppositeOverlap_05,SyntheticOppositeOverlap,4,repetition_only,separated_whisper,"repetition_count is low; reuse v1 rule (if overlap_level >= 3, choose separated_whisper)",1,2,2,19,50,50,2.631579,0,0,0.481,0.798,0.798,1.659044,False,Router uses observable transcript instability features only; CER is reserved for evaluation.
SyntheticOppositeOverlap_05,SyntheticOppositeOverlap,4,removed_count_only,separated_whisper,"duplicate_removed_count is low; reuse v1 rule (if overlap_level >= 3, choose separated_whisper)",1,2,2,19,50,50,2.631579,0,0,0.481,0.798,0.798,1.659044,False,Router uses observable transcript instability features only; CER is reserved for evaluation.
SyntheticOppositeOverlap_05,SyntheticOppositeOverlap,4,length_plus_repetition,mixed_whisper,length inflation or repetition is high; fall back to mixed_whisper,1,2,2,19,50,50,2.631579,0,0,0.481,0.798,0.798,1.659044,False,Router uses observable transcript instability features only; CER is reserved for evaluation.
SyntheticOppositeOverlap_05,SyntheticOppositeOverlap,4,v2_full_features,separated_whisper,overlap_level>=3 and separated looks usable; choose separated_whisper,1,2,2,19,50,50,2.631579,0,0,0.481,0.798,0.798,1.659044,False,Router uses observable transcript instability features only; CER is reserved for evaluation.
